[2026-07-27 20:59:52Z INFO HostContext] No proxy settings were found based on environmental variables (http_proxy/https_proxy/HTTP_PROXY/HTTPS_PROXY)
[2026-07-27 20:59:52Z INFO HostContext] Well known directory 'Bin': 'C:\Users\siva9\appstars-gitops-demo\actions-runner\bin'
[2026-07-27 20:59:52Z INFO HostContext] Well known directory 'Root': 'C:\Users\siva9\appstars-gitops-demo\actions-runner'
[2026-07-27 20:59:52Z INFO HostContext] Well known config file 'Credentials': 'C:\Users\siva9\appstars-gitops-demo\actions-runner\.credentials'
[2026-07-27 20:59:52Z INFO HostContext] Well known directory 'Bin': 'C:\Users\siva9\appstars-gitops-demo\actions-runner\bin'
[2026-07-27 20:59:52Z INFO HostContext] Well known directory 'Root': 'C:\Users\siva9\appstars-gitops-demo\actions-runner'
[2026-07-27 20:59:52Z INFO HostContext] Well known config file 'Runner': 'C:\Users\siva9\appstars-gitops-demo\actions-runner\.runner'
[2026-07-27 20:59:52Z INFO Worker] Version: 2.336.0
[2026-07-27 20:59:52Z INFO Worker] Commit: 98aabcd429c4e8402406c56ce2d26387fed3b9ce
[2026-07-27 20:59:52Z INFO Worker] Culture: en-IN
[2026-07-27 20:59:52Z INFO Worker] UI Culture: en-GB
[2026-07-27 20:59:52Z INFO Worker] Waiting to receive the job message from the channel.
[2026-07-27 20:59:52Z INFO ProcessChannel] Receiving message of length 26626, with hash 'c1118a305da34287360351283b029637cc03a4acb147e8440236d83d59edcc0a'
[2026-07-27 20:59:52Z INFO Worker] Message received.
[2026-07-27 20:59:52Z INFO Worker] Job message:
 {
  "fileTable": [
    ".github/workflows/deploy.yml"
  ],
  "mask": [
    {
      "type": "regex",
      "value": "***"
    },
    {
      "type": "regex",
      "value": "***"
    },
    {
      "type": "regex",
      "value": "***"
    },
    {
      "type": "regex",
      "value": "***"
    },
    {
      "type": "regex",
      "value": "***"
    },
    {
      "type": "regex",
      "value": "***"
    },
    {
      "type": "regex",
      "value": "***"
    },
    {
      "type": "regex",
      "value": "***"
    },
    {
      "type": "regex",
      "value": "***"
    },
    {
      "type": "regex",
      "value": "***"
    },
    {
      "type": "regex",
      "value": "***"
    },
    {
      "type": "regex",
      "value": "***"
    },
    {
      "type": "regex",
      "value": "***"
    },
    {
      "type": "regex",
      "value": "***"
    },
    {
      "type": "regex",
      "value": "***"
    },
    {
      "type": "regex",
      "value": "***"
    },
    {
      "type": "regex",
      "value": "***"
    },
    {
      "type": "regex",
      "value": "***"
    },
    {
      "type": "regex",
      "value": "***"
    },
    {
      "type": "regex",
      "value": "***"
    },
    {
      "type": "regex",
      "value": "***"
    },
    {
      "type": "regex",
      "value": "***"
    },
    {
      "type": "regex",
      "value": "***"
    }
  ],
  "steps": [
    {
      "type": "action",
      "reference": {
        "type": "repository",
        "name": "actions/checkout",
        "ref": "v4",
        "repositoryType": "GitHub"
      },
      "displayNameToken": {
        "type": 0,
        "file": 1,
        "line": 11,
        "col": 13,
        "lit": "Checkout Source Code"
      },
      "contextName": "__actions_checkout",
      "condition": "success()",
      "id": "935d53ca-aee3-457a-b9c2-7268ac886cf7",
      "name": "__actions_checkout"
    },
    {
      "type": "action",
      "reference": {
        "type": "script"
      },
      "displayNameToken": {
        "type": 0,
        "file": 1,
        "line": 14,
        "col": 13,
        "lit": "Synchronize Local Cluster Container Registry Space"
      },
      "contextName": "__run",
      "inputs": {
        "type": 2,
        "map": [
          {
            "key": "script",
            "value": {
              "type": 3,
              "file": 1,
              "line": 16,
              "col": 12,
              "expr": "format('# 1. Locate backend and frontend subfolders while explicitly filtering out runner cache paths\n$BACKEND_DIR = (Get-ChildItem -Path . -Filter \"Dockerfile.backend\" -Recurse | Where-Object {{ $_.FullName -notmatch \"actions-runner\" -and $_.FullName -notmatch \"_work\" }} | Select-Object -First 1).Directory.FullName\n$FRONTEND_DIR = (Get-ChildItem -Path . -Filter \"Dockerfile.frontend\" -Recurse | Where-Object {{ $_.FullName -notmatch \"actions-runner\" -and $_.FullName -notmatch \"_work\" }} | Select-Object -First 1).Directory.FullName\n\nWrite-Output \"Target Backend Path: $BACKEND_DIR\"\nWrite-Output \"Target Frontend Path: $FRONTEND_DIR\"\n\n# 2. Bind active shell runner context to Minikube''s Docker engine space\n& minikube -p minikube docker-env | Invoke-Expression\n\n# 3. Compile clean images by targeting the authenticated paths\ndocker build -t localhost:5001/appstars-backend:{0} -f \"$BACKEND_DIR\\Dockerfile.backend\" \"$BACKEND_DIR\"\ndocker build -t localhost:5001/appstars-frontend:{1} -f \"$FRONTEND_DIR\\Dockerfile.frontend\" \"$FRONTEND_DIR\"\n', github.sha, github.sha)"
            }
          },
          {
            "key": "shell",
            "value": {
              "type": 0,
              "file": 1,
              "line": 15,
              "col": 14,
              "lit": "powershell"
            }
          }
        ]
      },
      "condition": "success()",
      "id": "beed29d4-667f-4c24-88be-463f409b695b",
      "name": "__run"
    },
    {
      "type": "action",
      "reference": {
        "type": "script"
      },
      "displayNameToken": {
        "type": 0,
        "file": 1,
        "line": 31,
        "col": 13,
        "lit": "Perform Package Optimization and GitOps Deployment"
      },
      "contextName": "__run_2",
      "inputs": {
        "type": 2,
        "map": [
          {
            "key": "script",
            "value": {
              "type": 3,
              "file": 1,
              "line": 33,
              "col": 12,
              "expr": "format('# 4. Locate your true Helm Chart path while filtering out nested historical caches\n$CHART_PATH = (Get-ChildItem -Path . -Filter \"Chart.yaml\" -Recurse | Where-Object {{ $_.FullName -notmatch \"actions-runner\" -and $_.FullName -notmatch \"_work\" }} | Select-Object -First 1).Directory.FullName\nWrite-Output \"Verified Clean Helm Chart location at: $CHART_PATH\"\n\n# 5. Execute structural validations and trigger fresh rollout deployments\nhelm lint \"$CHART_PATH\"\nhelm upgrade --install appstars-release \"$CHART_PATH\" --set imageTag={0} --force\n', github.sha)"
            }
          },
          {
            "key": "shell",
            "value": {
              "type": 0,
              "file": 1,
              "line": 32,
              "col": 14,
              "lit": "powershell"
            }
          }
        ]
      },
      "condition": "success()",
      "id": "6aacbe1f-45f2-4922-94c0-aaee89319dda",
      "name": "__run_2"
    },
    {
      "type": "action",
      "reference": {
        "type": "script"
      },
      "displayNameToken": {
        "type": 0,
        "file": 1,
        "line": 42,
        "col": 13,
        "lit": "Verify Cluster State Rollout Stability"
      },
      "contextName": "__run_3",
      "inputs": {
        "type": 2,
        "map": [
          {
            "key": "script",
            "value": {
              "type": 0,
              "file": 1,
              "line": 44,
              "col": 12,
              "lit": "# 6. Ensure deployment services reach a verified healthy running phase\nkubectl rollout status deployment/web3-app-frontend --timeout=90s\nkubectl rollout status deployment/web3-app-backend --timeout=90s\n"
            }
          },
          {
            "key": "shell",
            "value": {
              "type": 0,
              "file": 1,
              "line": 43,
              "col": 14,
              "lit": "powershell"
            }
          }
        ]
      },
      "condition": "success()",
      "id": "458056c0-ea2b-4c56-8bed-dd7e4a6c1c5b",
      "name": "__run_3"
    }
  ],
  "variables": {
    "Actions.EnableHttpRedirects": {
      "value": "true"
    },
    "DistributedTask.AddWarningToNode12Action": {
      "value": "true"
    },
    "DistributedTask.AddWarningToNode16Action": {
      "value": "true"
    },
    "DistributedTask.AllowRunnerContainerHooks": {
      "value": "true"
    },
    "DistributedTask.DeprecateStepOutputCommands": {
      "value": "true"
    },
    "DistributedTask.DetailUntarFailure": {
      "value": "true"
    },
    "DistributedTask.EnableCompositeActions": {
      "value": "true"
    },
    "DistributedTask.EnableJobServerQueueTelemetry": {
      "value": "true"
    },
    "DistributedTask.EnhancedAnnotations": {
      "value": "true"
    },
    "DistributedTask.ForceGithubJavascriptActionsToNode16": {
      "value": "true"
    },
    "DistributedTask.ForceGithubJavascriptActionsToNode20": {
      "value": "true"
    },
    "DistributedTask.LogTemplateErrorsAsDebugMessages": {
      "value": "true"
    },
    "DistributedTask.MarkJobAsFailedOnWorkerCrash": {
      "value": "true"
    },
    "DistributedTask.NewActionMetadata": {
      "value": "true"
    },
    "DistributedTask.UploadStepSummary": {
      "value": "true"
    },
    "DistributedTask.UseActionArchiveCache": {
      "value": "true"
    },
    "DistributedTask.UseWhich2": {
      "value": "true"
    },
    "RunService.FixEmbeddedIssues": {
      "value": "true"
    },
    "actions.runner.requirenode24": {
      "value": "false"
    },
    "actions.runner.usenode24bydefault": {
      "value": "true"
    },
    "actions.runner.warnonnode20": {
      "value": "true"
    },
    "actions_add_check_run_id_to_job_context": {
      "value": "true"
    },
    "actions_batch_action_resolution": {
      "value": "false"
    },
    "actions_container_action_runner_temp": {
      "value": "true"
    },
    "actions_display_helpful_actions_download_errors": {
      "value": "true"
    },
    "actions_runner_allow_artifacts_file": {
      "value": "false"
    },
    "actions_runner_compare_workflow_parser": {
      "value": "false"
    },
    "actions_runner_deprecate_linux_arm32": {
      "value": "true"
    },
    "actions_runner_emit_composite_markers": {
      "value": "false"
    },
    "actions_runner_kill_linux_arm32": {
      "value": "false"
    },
    "actions_runner_node20_removal_date": {
      "value": ""
    },
    "actions_runner_node24_default_date": {
      "value": "June 16th, 2026"
    },
    "actions_self_repository": {
      "value": "true"
    },
    "actions_service_container_command": {
      "value": "true"
    },
    "actions_set_orchestration_id_env_for_actions": {
      "value": "true"
    },
    "actions_skip_retry_complete_job_upon_known_errors": {
      "value": "true"
    },
    "actions_snapshot_preflight_hosted_runner_check": {
      "value": "false"
    },
    "actions_snapshot_preflight_image_gen_pool_check": {
      "value": "false"
    },
    "actions_use_bearer_token_for_codeload": {
      "value": "false"
    },
    "actions_uses_cache_service_v2": {
      "value": "true"
    },
    "github_token": {
      "value": "***",
      "isSecret": true
    },
    "system.from_run_service": {
      "value": "true"
    },
    "system.github.job": {
      "value": "build-and-ship"
    },
    "system.github.launch_endpoint": {
      "value": "https://launch.actions.githubusercontent.com"
    },
    "system.github.results_endpoint": {
      "value": "https://results-receiver.actions.githubusercontent.com/"
    },
    "system.github.results_upload_with_sdk": {
      "value": "true"
    },
    "system.github.token": {
      "value": "***",
      "isSecret": true
    },
    "system.github.token.permissions": {
      "value": "{\"Contents\":\"read\",\"Metadata\":\"read\",\"Packages\":\"read\"}"
    },
    "system.orchestrationId": {
      "value": "ffb12652-a767-4fec-aff9-cd0736a79e4e.build-and-ship.__default"
    },
    "system.phaseDisplayName": {
      "value": "build-and-ship"
    },
    "system.runner.lowdiskspacethreshold": {
      "value": "100"
    },
    "system.runnerEnvironment": {
      "value": "self-hosted"
    },
    "system.runnerGroupName": {
      "value": "Default"
    }
  },
  "messageType": "RunnerJobRequest",
  "plan": {
    "scopeIdentifier": "00000000-0000-0000-0000-000000000000",
    "planType": "actions",
    "version": 0,
    "planId": "ffb12652-a767-4fec-aff9-cd0736a79e4e",
    "planGroup": null,
    "artifactUri": null,
    "artifactLocation": null,
    "definition": null,
    "owner": null
  },
  "timeline": {
    "id": "ffb12652-a767-4fec-aff9-cd0736a79e4e",
    "changeId": 0,
    "location": null
  },
  "jobId": "fd18b5ab-f222-5784-a503-9a59f160f68d",
  "jobDisplayName": "build-and-ship",
  "jobName": "__default",
  "requestId": 0,
  "lockedUntil": "0001-01-01T00:00:00",
  "resources": {
    "endpoints": [
      {
        "data": {
          "ServerId": "",
          "ServerName": "",
          "CacheServerUrl": "https://artifactcache.actions.githubusercontent.com/vCW1ur2HeIQqmuX8ek4kpHjuvt94Y9SHKFwGArIGB3SadhPXxp/",
          "FeedStreamUrl": "wss://results-receiver.actions.githubusercontent.com/_ws/ingest.sock",
          "ResultsServiceUrl": "https://results-receiver.actions.githubusercontent.com/",
          "PipelinesServiceUrl": "https://pipelinesghubeus26.actions.githubusercontent.com/vCW1ur2HeIQqmuX8ek4kpHjuvt94Y9SHKFwGArIGB3SadhPXxp/",
          "GenerateIdTokenUrl": "",
          "ConnectivityChecks": "[\"https://broker.actions.githubusercontent.com/health\",\"https://token.actions.githubusercontent.com/ready\",\"https://run.actions.githubusercontent.com/health\"]",
          "ConnectivityAndDNSChecks": "[\"https://github.com/_dns\",\"https://api.github.com/_dns\",\"https://codeload.github.com/_dns\",\"https://pkg.github.com/_dns\",\"https://copilot-proxy.githubusercontent.com/_dns\",\"http://ssh.github.com/_dns\"]"
        },
        "name": "SystemVssConnection",
        "url": "https://run-actions-2-azure-eastus.actions.githubusercontent.com/215/",
        "authorization": {
          "parameters": {
            "AccessToken": "***"
          },
          "scheme": "OAuth"
        },
        "isShared": false,
        "isReady": true
      }
    ]
  },
  "contextData": {
    "github": {
      "t": 2,
      "d": [
        {
          "k": "ref",
          "v": "refs/heads/main"
        },
        {
          "k": "sha",
          "v": "faec0078e42e70fb6cdf7541b0db1eeb11063892"
        },
        {
          "k": "repository",
          "v": "SivaShankarRajendran16/appstars-gitops-demo"
        },
        {
          "k": "repository_owner",
          "v": "SivaShankarRajendran16"
        },
        {
          "k": "repository_owner_id",
          "v": "192618162"
        },
        {
          "k": "repositoryUrl",
          "v": "git://github.com/SivaShankarRajendran16/appstars-gitops-demo.git"
        },
        {
          "k": "run_id",
          "v": "30304962975"
        },
        {
          "k": "run_number",
          "v": "12"
        },
        {
          "k": "retention_days",
          "v": "90"
        },
        {
          "k": "run_attempt",
          "v": "1"
        },
        {
          "k": "artifact_cache_size_limit",
          "v": "10"
        },
        {
          "k": "repository_visibility",
          "v": "public"
        },
        {
          "k": "actor_id",
          "v": "192618162"
        },
        {
          "k": "actor",
          "v": "SivaShankarRajendran16"
        },
        {
          "k": "workflow",
          "v": "Continuous Integration & Deployment Loop"
        },
        {
          "k": "head_ref",
          "v": ""
        },
        {
          "k": "base_ref",
          "v": ""
        },
        {
          "k": "event_name",
          "v": "push"
        },
        {
          "k": "server_url",
          "v": "https://github.com"
        },
        {
          "k": "api_url",
          "v": "https://api.github.com"
        },
        {
          "k": "graphql_url",
          "v": "https://api.github.com/graphql"
        },
        {
          "k": "ref_name",
          "v": "main"
        },
        {
          "k": "ref_protected",
          "v": false
        },
        {
          "k": "ref_type",
          "v": "branch"
        },
        {
          "k": "secret_source",
          "v": "Actions"
        },
        {
          "k": "event",
          "v": {
            "t": 2,
            "d": [
              {
                "k": "after",
                "v": "faec0078e42e70fb6cdf7541b0db1eeb11063892"
              },
              {
                "k": "base_ref",
                "v": null
              },
              {
                "k": "before",
                "v": "211dbfe3dad1ef9d1800cbe8c2bae18ef54ae49c"
              },
              {
                "k": "commits",
                "v": {
                  "t": 1,
                  "a": [
                    {
                      "t": 2,
                      "d": [
                        {
                          "k": "author",
                          "v": {
                            "t": 2,
                            "d": [
                              {
                                "k": "email",
                                "v": "rajendransivashankar@gmail.com"
                              },
                              {
                                "k": "name",
                                "v": "SivaShankarRajendran16"
                              },
                              {
                                "k": "username",
                                "v": "SivaShankarRajendran16"
                              }
                            ]
                          }
                        },
                        {
                          "k": "committer",
                          "v": {
                            "t": 2,
                            "d": [
                              {
                                "k": "email",
                                "v": "rajendransivashankar@gmail.com"
                              },
                              {
                                "k": "name",
                                "v": "SivaShankarRajendran16"
                              },
                              {
                                "k": "username",
                                "v": "SivaShankarRajendran16"
                              }
                            ]
                          }
                        },
                        {
                          "k": "distinct",
                          "v": true
                        },
                        {
                          "k": "id",
                          "v": "faec0078e42e70fb6cdf7541b0db1eeb11063892"
                        },
                        {
                          "k": "message",
                          "v": "ci: hardcode explicit relative paths to bypass empty folder disco"
                        },
                        {
                          "k": "timestamp",
                          "v": "2026-07-28T02:29:34+05:30"
                        },
                        {
                          "k": "tree_id",
                          "v": "53a404869e950f4d910b335e6385288f74f29252"
                        },
                        {
                          "k": "url",
                          "v": "https://github.com/SivaShankarRajendran16/appstars-gitops-demo/commit/faec0078e42e70fb6cdf7541b0db1eeb11063892"
                        }
                      ]
                    }
                  ]
                }
              },
              {
                "k": "compare",
                "v": "https://github.com/SivaShankarRajendran16/appstars-gitops-demo/compare/211dbfe3dad1...faec0078e42e"
              },
              {
                "k": "created",
                "v": false
              },
              {
                "k": "deleted",
                "v": false
              },
              {
                "k": "forced",
                "v": false
              },
              {
                "k": "head_commit",
                "v": {
                  "t": 2,
                  "d": [
                    {
                      "k": "author",
                      "v": {
                        "t": 2,
                        "d": [
                          {
                            "k": "email",
                            "v": "rajendransivashankar@gmail.com"
                          },
                          {
                            "k": "name",
                            "v": "SivaShankarRajendran16"
                          },
                          {
                            "k": "username",
                            "v": "SivaShankarRajendran16"
                          }
                        ]
                      }
                    },
                    {
                      "k": "committer",
                      "v": {
                        "t": 2,
                        "d": [
                          {
                            "k": "email",
                            "v": "rajendransivashankar@gmail.com"
                          },
                          {
                            "k": "name",
                            "v": "SivaShankarRajendran16"
                          },
                          {
                            "k": "username",
                            "v": "SivaShankarRajendran16"
                          }
                        ]
                      }
                    },
                    {
                      "k": "distinct",
                      "v": true
                    },
                    {
                      "k": "id",
                      "v": "faec0078e42e70fb6cdf7541b0db1eeb11063892"
                    },
                    {
                      "k": "message",
                      "v": "ci: hardcode explicit relative paths to bypass empty folder disco"
                    },
                    {
                      "k": "timestamp",
                      "v": "2026-07-28T02:29:34+05:30"
                    },
                    {
                      "k": "tree_id",
                      "v": "53a404869e950f4d910b335e6385288f74f29252"
                    },
                    {
                      "k": "url",
                      "v": "https://github.com/SivaShankarRajendran16/appstars-gitops-demo/commit/faec0078e42e70fb6cdf7541b0db1eeb11063892"
                    }
                  ]
                }
              },
              {
                "k": "pusher",
                "v": {
                  "t": 2,
                  "d": [
                    {
                      "k": "email",
                      "v": "rajendransivashankar@gmail.com"
                    },
                    {
                      "k": "name",
                      "v": "SivaShankarRajendran16"
                    }
                  ]
                }
              },
              {
                "k": "ref",
                "v": "refs/heads/main"
              },
              {
                "k": "repository",
                "v": {
                  "t": 2,
                  "d": [
                    {
                      "k": "allow_forking",
                      "v": true
                    },
                    {
                      "k": "archive_url",
                      "v": "https://api.github.com/repos/SivaShankarRajendran16/appstars-gitops-demo/{archive_format}{/ref}"
                    },
                    {
                      "k": "archived",
                      "v": false
                    },
                    {
                      "k": "assignees_url",
                      "v": "https://api.github.com/repos/SivaShankarRajendran16/appstars-gitops-demo/assignees{/user}"
                    },
                    {
                      "k": "blobs_url",
                      "v": "https://api.github.com/repos/SivaShankarRajendran16/appstars-gitops-demo/git/blobs{/sha}"
                    },
                    {
                      "k": "branches_url",
                      "v": "https://api.github.com/repos/SivaShankarRajendran16/appstars-gitops-demo/branches{/branch}"
                    },
                    {
                      "k": "clone_url",
                      "v": "https://github.com/SivaShankarRajendran16/appstars-gitops-demo.git"
                    },
                    {
                      "k": "collaborators_url",
                      "v": "https://api.github.com/repos/SivaShankarRajendran16/appstars-gitops-demo/collaborators{/collaborator}"
                    },
                    {
                      "k": "comments_url",
                      "v": "https://api.github.com/repos/SivaShankarRajendran16/appstars-gitops-demo/comments{/number}"
                    },
                    {
                      "k": "commits_url",
                      "v": "https://api.github.com/repos/SivaShankarRajendran16/appstars-gitops-demo/commits{/sha}"
                    },
                    {
                      "k": "compare_url",
                      "v": "https://api.github.com/repos/SivaShankarRajendran16/appstars-gitops-demo/compare/{base}...{head}"
                    },
                    {
                      "k": "contents_url",
                      "v": "https://api.github.com/repos/SivaShankarRajendran16/appstars-gitops-demo/contents/{+path}"
                    },
                    {
                      "k": "contributors_url",
                      "v": "https://api.github.com/repos/SivaShankarRajendran16/appstars-gitops-demo/contributors"
                    },
                    {
                      "k": "created_at",
                      "v": 1785180896.0
                    },
                    {
                      "k": "default_branch",
                      "v": "main"
                    },
                    {
                      "k": "deployments_url",
                      "v": "https://api.github.com/repos/SivaShankarRajendran16/appstars-gitops-demo/deployments"
                    },
                    {
                      "k": "description",
                      "v": null
                    },
                    {
                      "k": "disabled",
                      "v": false
                    },
                    {
                      "k": "downloads_url",
                      "v": "https://api.github.com/repos/SivaShankarRajendran16/appstars-gitops-demo/downloads"
                    },
                    {
                      "k": "events_url",
                      "v": "https://api.github.com/repos/SivaShankarRajendran16/appstars-gitops-demo/events"
                    },
                    {
                      "k": "fork",
                      "v": false
                    },
                    {
                      "k": "forks",
                      "v": 0.0
                    },
                    {
                      "k": "forks_count",
                      "v": 0.0
                    },
                    {
                      "k": "forks_url",
                      "v": "https://api.github.com/repos/SivaShankarRajendran16/appstars-gitops-demo/forks"
                    },
                    {
                      "k": "full_name",
                      "v": "SivaShankarRajendran16/appstars-gitops-demo"
                    },
                    {
                      "k": "git_commits_url",
                      "v": "https://api.github.com/repos/SivaShankarRajendran16/appstars-gitops-demo/git/commits{/sha}"
                    },
                    {
                      "k": "git_refs_url",
                      "v": "https://api.github.com/repos/SivaShankarRajendran16/appstars-gitops-demo/git/refs{/sha}"
                    },
                    {
                      "k": "git_tags_url",
                      "v": "https://api.github.com/repos/SivaShankarRajendran16/appstars-gitops-demo/git/tags{/sha}"
                    },
                    {
                      "k": "git_url",
                      "v": "git://github.com/SivaShankarRajendran16/appstars-gitops-demo.git"
                    },
                    {
                      "k": "has_discussions",
                      "v": false
                    },
                    {
                      "k": "has_downloads",
                      "v": true
                    },
                    {
                      "k": "has_issues",
                      "v": true
                    },
                    {
                      "k": "has_pages",
                      "v": false
                    },
                    {
                      "k": "has_projects",
                      "v": true
                    },
                    {
                      "k": "has_pull_requests",
                      "v": true
                    },
                    {
                      "k": "has_wiki",
                      "v": true
                    },
                    {
                      "k": "homepage",
                      "v": null
                    },
                    {
                      "k": "hooks_url",
                      "v": "https://api.github.com/repos/SivaShankarRajendran16/appstars-gitops-demo/hooks"
                    },
                    {
                      "k": "html_url",
                      "v": "https://github.com/SivaShankarRajendran16/appstars-gitops-demo"
                    },
                    {
                      "k": "id",
                      "v": 1314211114.0
                    },
                    {
                      "k": "is_template",
                      "v": false
                    },
                    {
                      "k": "issue_comment_url",
                      "v": "https://api.github.com/repos/SivaShankarRajendran16/appstars-gitops-demo/issues/comments{/number}"
                    },
                    {
                      "k": "issue_events_url",
                      "v": "https://api.github.com/repos/SivaShankarRajendran16/appstars-gitops-demo/issues/events{/number}"
                    },
                    {
                      "k": "issues_url",
                      "v": "https://api.github.com/repos/SivaShankarRajendran16/appstars-gitops-demo/issues{/number}"
                    },
                    {
                      "k": "keys_url",
                      "v": "https://api.github.com/repos/SivaShankarRajendran16/appstars-gitops-demo/keys{/key_id}"
                    },
                    {
                      "k": "labels_url",
                      "v": "https://api.github.com/repos/SivaShankarRajendran16/appstars-gitops-demo/labels{/name}"
                    },
                    {
                      "k": "language",
                      "v": "JavaScript"
                    },
                    {
                      "k": "languages_url",
                      "v": "https://api.github.com/repos/SivaShankarRajendran16/appstars-gitops-demo/languages"
                    },
                    {
                      "k": "license",
                      "v": null
                    },
                    {
                      "k": "master_branch",
                      "v": "main"
                    },
                    {
                      "k": "merges_url",
                      "v": "https://api.github.com/repos/SivaShankarRajendran16/appstars-gitops-demo/merges"
                    },
                    {
                      "k": "milestones_url",
                      "v": "https://api.github.com/repos/SivaShankarRajendran16/appstars-gitops-demo/milestones{/number}"
                    },
                    {
                      "k": "mirror_url",
                      "v": null
                    },
                    {
                      "k": "name",
                      "v": "appstars-gitops-demo"
                    },
                    {
                      "k": "node_id",
                      "v": "R_kgDOTlVFKg"
                    },
                    {
                      "k": "notifications_url",
                      "v": "https://api.github.com/repos/SivaShankarRajendran16/appstars-gitops-demo/notifications{?since,all,participating}"
                    },
                    {
                      "k": "open_issues",
                      "v": 0.0
                    },
                    {
                      "k": "open_issues_count",
                      "v": 0.0
                    },
                    {
                      "k": "owner",
                      "v": {
                        "t": 2,
                        "d": [
                          {
                            "k": "avatar_url",
                            "v": "https://avatars.githubusercontent.com/u/192618162?v=4"
                          },
                          {
                            "k": "email",
                            "v": "rajendransivashankar@gmail.com"
                          },
                          {
                            "k": "events_url",
                            "v": "https://api.github.com/users/SivaShankarRajendran16/events{/privacy}"
                          },
                          {
                            "k": "followers_url",
                            "v": "https://api.github.com/users/SivaShankarRajendran16/followers"
                          },
                          {
                            "k": "following_url",
                            "v": "https://api.github.com/users/SivaShankarRajendran16/following{/other_user}"
                          },
                          {
                            "k": "gists_url",
                            "v": "https://api.github.com/users/SivaShankarRajendran16/gists{/gist_id}"
                          },
                          {
                            "k": "gravatar_id",
                            "v": ""
                          },
                          {
                            "k": "html_url",
                            "v": "https://github.com/SivaShankarRajendran16"
                          },
                          {
                            "k": "id",
                            "v": 192618162.0
                          },
                          {
                            "k": "login",
                            "v": "SivaShankarRajendran16"
                          },
                          {
                            "k": "name",
                            "v": "SivaShankarRajendran16"
                          },
                          {
                            "k": "node_id",
                            "v": "U_kgDOC3sesg"
                          },
                          {
                            "k": "organizations_url",
                            "v": "https://api.github.com/users/SivaShankarRajendran16/orgs"
                          },
                          {
                            "k": "received_events_url",
                            "v": "https://api.github.com/users/SivaShankarRajendran16/received_events"
                          },
                          {
                            "k": "repos_url",
                            "v": "https://api.github.com/users/SivaShankarRajendran16/repos"
                          },
                          {
                            "k": "site_admin",
                            "v": false
                          },
                          {
                            "k": "starred_url",
                            "v": "https://api.github.com/users/SivaShankarRajendran16/starred{/owner}{/repo}"
                          },
                          {
                            "k": "subscriptions_url",
                            "v": "https://api.github.com/users/SivaShankarRajendran16/subscriptions"
                          },
                          {
                            "k": "type",
                            "v": "User"
                          },
                          {
                            "k": "url",
                            "v": "https://api.github.com/users/SivaShankarRajendran16"
                          },
                          {
                            "k": "user_view_type",
                            "v": "public"
                          }
                        ]
                      }
                    },
                    {
                      "k": "private",
                      "v": false
                    },
                    {
                      "k": "pull_request_creation_policy",
                      "v": "all"
                    },
                    {
                      "k": "pulls_url",
                      "v": "https://api.github.com/repos/SivaShankarRajendran16/appstars-gitops-demo/pulls{/number}"
                    },
                    {
                      "k": "pushed_at",
                      "v": 1785185984.0
                    },
                    {
                      "k": "releases_url",
                      "v": "https://api.github.com/repos/SivaShankarRajendran16/appstars-gitops-demo/releases{/id}"
                    },
                    {
                      "k": "size",
                      "v": 183383.0
                    },
                    {
                      "k": "ssh_url",
                      "v": "git@github.com:SivaShankarRajendran16/appstars-gitops-demo.git"
                    },
                    {
                      "k": "stargazers",
                      "v": 0.0
                    },
                    {
                      "k": "stargazers_count",
                      "v": 0.0
                    },
                    {
                      "k": "stargazers_url",
                      "v": "https://api.github.com/repos/SivaShankarRajendran16/appstars-gitops-demo/stargazers"
                    },
                    {
                      "k": "statuses_url",
                      "v": "https://api.github.com/repos/SivaShankarRajendran16/appstars-gitops-demo/statuses/{sha}"
                    },
                    {
                      "k": "subscribers_url",
                      "v": "https://api.github.com/repos/SivaShankarRajendran16/appstars-gitops-demo/subscribers"
                    },
                    {
                      "k": "subscription_url",
                      "v": "https://api.github.com/repos/SivaShankarRajendran16/appstars-gitops-demo/subscription"
                    },
                    {
                      "k": "svn_url",
                      "v": "https://github.com/SivaShankarRajendran16/appstars-gitops-demo"
                    },
                    {
                      "k": "tags_url",
                      "v": "https://api.github.com/repos/SivaShankarRajendran16/appstars-gitops-demo/tags"
                    },
                    {
                      "k": "teams_url",
                      "v": "https://api.github.com/repos/SivaShankarRajendran16/appstars-gitops-demo/teams"
                    },
                    {
                      "k": "topics",
                      "v": {
                        "t": 1
                      }
                    },
                    {
                      "k": "trees_url",
                      "v": "https://api.github.com/repos/SivaShankarRajendran16/appstars-gitops-demo/git/trees{/sha}"
                    },
                    {
                      "k": "updated_at",
                      "v": "2026-07-27T20:19:52Z"
                    },
                    {
                      "k": "url",
                      "v": "https://api.github.com/repos/SivaShankarRajendran16/appstars-gitops-demo"
                    },
                    {
                      "k": "visibility",
                      "v": "public"
                    },
                    {
                      "k": "watchers",
                      "v": 0.0
                    },
                    {
                      "k": "watchers_count",
                      "v": 0.0
                    },
                    {
                      "k": "web_commit_signoff_required",
                      "v": false
                    }
                  ]
                }
              },
              {
                "k": "sender",
                "v": {
                  "t": 2,
                  "d": [
                    {
                      "k": "avatar_url",
                      "v": "https://avatars.githubusercontent.com/u/192618162?v=4"
                    },
                    {
                      "k": "events_url",
                      "v": "https://api.github.com/users/SivaShankarRajendran16/events{/privacy}"
                    },
                    {
                      "k": "followers_url",
                      "v": "https://api.github.com/users/SivaShankarRajendran16/followers"
                    },
                    {
                      "k": "following_url",
                      "v": "https://api.github.com/users/SivaShankarRajendran16/following{/other_user}"
                    },
                    {
                      "k": "gists_url",
                      "v": "https://api.github.com/users/SivaShankarRajendran16/gists{/gist_id}"
                    },
                    {
                      "k": "gravatar_id",
                      "v": ""
                    },
                    {
                      "k": "html_url",
                      "v": "https://github.com/SivaShankarRajendran16"
                    },
                    {
                      "k": "id",
                      "v": 192618162.0
                    },
                    {
                      "k": "login",
                      "v": "SivaShankarRajendran16"
                    },
                    {
                      "k": "node_id",
                      "v": "U_kgDOC3sesg"
                    },
                    {
                      "k": "organizations_url",
                      "v": "https://api.github.com/users/SivaShankarRajendran16/orgs"
                    },
                    {
                      "k": "received_events_url",
                      "v": "https://api.github.com/users/SivaShankarRajendran16/received_events"
                    },
                    {
                      "k": "repos_url",
                      "v": "https://api.github.com/users/SivaShankarRajendran16/repos"
                    },
                    {
                      "k": "site_admin",
                      "v": false
                    },
                    {
                      "k": "starred_url",
                      "v": "https://api.github.com/users/SivaShankarRajendran16/starred{/owner}{/repo}"
                    },
                    {
                      "k": "subscriptions_url",
                      "v": "https://api.github.com/users/SivaShankarRajendran16/subscriptions"
                    },
                    {
                      "k": "type",
                      "v": "User"
                    },
                    {
                      "k": "url",
                      "v": "https://api.github.com/users/SivaShankarRajendran16"
                    },
                    {
                      "k": "user_view_type",
                      "v": "public"
                    }
                  ]
                }
              }
            ]
          }
        },
        {
          "k": "workflow_ref",
          "v": "SivaShankarRajendran16/appstars-gitops-demo/.github/workflows/deploy.yml@refs/heads/main"
        },
        {
          "k": "workflow_sha",
          "v": "faec0078e42e70fb6cdf7541b0db1eeb11063892"
        },
        {
          "k": "repository_id",
          "v": "1314211114"
        },
        {
          "k": "triggering_actor",
          "v": "SivaShankarRajendran16"
        }
      ]
    },
    "inputs": {
      "t": 2
    },
    "job": {
      "t": 2,
      "d": [
        {
          "k": "check_run_id",
          "v": 90106829645.0
        },
        {
          "k": "workflow_ref",
          "v": "SivaShankarRajendran16/appstars-gitops-demo/.github/workflows/deploy.yml@refs/heads/main"
        },
        {
          "k": "workflow_sha",
          "v": "faec0078e42e70fb6cdf7541b0db1eeb11063892"
        },
        {
          "k": "workflow_repository",
          "v": "SivaShankarRajendran16/appstars-gitops-demo"
        },
        {
          "k": "workflow_file_path",
          "v": ".github/workflows/deploy.yml"
        }
      ]
    },
    "matrix": null,
    "needs": {
      "t": 2
    },
    "strategy": {
      "t": 2,
      "d": [
        {
          "k": "fail-fast",
          "v": true
        },
        {
          "k": "job-index",
          "v": 0.0
        },
        {
          "k": "job-total",
          "v": 1.0
        },
        {
          "k": "max-parallel",
          "v": 1.0
        }
      ]
    },
    "vars": {
      "t": 2
    }
  },
  "billingOwnerId": "U_kgDOC3sesg"
}
[2026-07-27 20:59:52Z INFO JobRunner] Job ID fd18b5ab-f222-5784-a503-9a59f160f68d
[2026-07-27 20:59:52Z INFO ConfigurationStore] currentAssemblyLocation: C:\Users\siva9\appstars-gitops-demo\actions-runner\bin\Runner.Worker.dll
[2026-07-27 20:59:52Z INFO HostContext] Well known directory 'Bin': 'C:\Users\siva9\appstars-gitops-demo\actions-runner\bin'
[2026-07-27 20:59:52Z INFO ConfigurationStore] binPath: C:\Users\siva9\appstars-gitops-demo\actions-runner\bin
[2026-07-27 20:59:52Z INFO HostContext] Well known directory 'Bin': 'C:\Users\siva9\appstars-gitops-demo\actions-runner\bin'
[2026-07-27 20:59:52Z INFO HostContext] Well known directory 'Root': 'C:\Users\siva9\appstars-gitops-demo\actions-runner'
[2026-07-27 20:59:52Z INFO ConfigurationStore] RootFolder: C:\Users\siva9\appstars-gitops-demo\actions-runner
[2026-07-27 20:59:52Z INFO HostContext] Well known directory 'Bin': 'C:\Users\siva9\appstars-gitops-demo\actions-runner\bin'
[2026-07-27 20:59:52Z INFO HostContext] Well known directory 'Root': 'C:\Users\siva9\appstars-gitops-demo\actions-runner'
[2026-07-27 20:59:52Z INFO HostContext] Well known config file 'Runner': 'C:\Users\siva9\appstars-gitops-demo\actions-runner\.runner'
[2026-07-27 20:59:52Z INFO ConfigurationStore] ConfigFilePath: C:\Users\siva9\appstars-gitops-demo\actions-runner\.runner
[2026-07-27 20:59:52Z INFO HostContext] Well known directory 'Bin': 'C:\Users\siva9\appstars-gitops-demo\actions-runner\bin'
[2026-07-27 20:59:52Z INFO HostContext] Well known directory 'Root': 'C:\Users\siva9\appstars-gitops-demo\actions-runner'
[2026-07-27 20:59:52Z INFO HostContext] Well known config file 'MigratedRunner': 'C:\Users\siva9\appstars-gitops-demo\actions-runner\.runner_migrated'
[2026-07-27 20:59:52Z INFO ConfigurationStore] MigratedConfigFilePath: C:\Users\siva9\appstars-gitops-demo\actions-runner\.runner_migrated
[2026-07-27 20:59:52Z INFO HostContext] Well known directory 'Bin': 'C:\Users\siva9\appstars-gitops-demo\actions-runner\bin'
[2026-07-27 20:59:52Z INFO HostContext] Well known directory 'Root': 'C:\Users\siva9\appstars-gitops-demo\actions-runner'
[2026-07-27 20:59:52Z INFO HostContext] Well known config file 'Credentials': 'C:\Users\siva9\appstars-gitops-demo\actions-runner\.credentials'
[2026-07-27 20:59:52Z INFO ConfigurationStore] CredFilePath: C:\Users\siva9\appstars-gitops-demo\actions-runner\.credentials
[2026-07-27 20:59:52Z INFO HostContext] Well known directory 'Bin': 'C:\Users\siva9\appstars-gitops-demo\actions-runner\bin'
[2026-07-27 20:59:52Z INFO HostContext] Well known directory 'Root': 'C:\Users\siva9\appstars-gitops-demo\actions-runner'
[2026-07-27 20:59:52Z INFO HostContext] Well known config file 'MigratedCredentials': 'C:\Users\siva9\appstars-gitops-demo\actions-runner\.credentials_migrated'
[2026-07-27 20:59:52Z INFO ConfigurationStore] MigratedCredFilePath: C:\Users\siva9\appstars-gitops-demo\actions-runner\.credentials_migrated
[2026-07-27 20:59:52Z INFO HostContext] Well known directory 'Bin': 'C:\Users\siva9\appstars-gitops-demo\actions-runner\bin'
[2026-07-27 20:59:52Z INFO HostContext] Well known directory 'Root': 'C:\Users\siva9\appstars-gitops-demo\actions-runner'
[2026-07-27 20:59:52Z INFO HostContext] Well known config file 'Service': 'C:\Users\siva9\appstars-gitops-demo\actions-runner\.service'
[2026-07-27 20:59:52Z INFO ConfigurationStore] ServiceConfigFilePath: C:\Users\siva9\appstars-gitops-demo\actions-runner\.service
[2026-07-27 20:59:52Z INFO ConfigurationStore] Read setting file: 422 chars
[2026-07-27 20:59:52Z INFO JobRunner] Initializing launch client
[2026-07-27 20:59:52Z INFO JobServerQueue] Initializing results client
[2026-07-27 20:59:52Z INFO ResultServer] Creating websocket client ...wss://results-receiver.actions.githubusercontent.com/_ws/ingest.sock
[2026-07-27 20:59:52Z INFO ResultServer] Attempting to start websocket client with delay 00:00:00.
[2026-07-27 20:59:53Z INFO JobServerQueue] Start process web console line queue.
[2026-07-27 20:59:53Z INFO JobServerQueue] Start process file upload queue.
[2026-07-27 20:59:53Z INFO JobServerQueue] Start results file upload queue.
[2026-07-27 20:59:53Z INFO JobServerQueue] Starting results-based upload queue...
[2026-07-27 20:59:53Z INFO JobServerQueue] Start process timeline update queue.
[2026-07-27 20:59:53Z INFO ExecutionContext] Initializing Job context
[2026-07-27 20:59:53Z INFO ExecutionContext] Initialize GitHub context
[2026-07-27 20:59:53Z INFO ExecutionContext] Initialize Env context
[2026-07-27 20:59:53Z INFO HostContext] Well known directory 'Bin': 'C:\Users\siva9\appstars-gitops-demo\actions-runner\bin'
[2026-07-27 20:59:53Z INFO HostContext] Well known directory 'Root': 'C:\Users\siva9\appstars-gitops-demo\actions-runner'
[2026-07-27 20:59:53Z INFO HostContext] Well known directory 'Diag': 'C:\Users\siva9\appstars-gitops-demo\actions-runner\_diag'
[2026-07-27 20:59:53Z INFO HostContext] Well known directory 'Bin': 'C:\Users\siva9\appstars-gitops-demo\actions-runner\bin'
[2026-07-27 20:59:53Z INFO HostContext] Well known directory 'Root': 'C:\Users\siva9\appstars-gitops-demo\actions-runner'
[2026-07-27 20:59:53Z INFO HostContext] Well known directory 'Diag': 'C:\Users\siva9\appstars-gitops-demo\actions-runner\_diag'
[2026-07-27 20:59:53Z INFO JobRunner] Starting the job execution context.
[2026-07-27 20:59:53Z INFO HostContext] Well known directory 'Bin': 'C:\Users\siva9\appstars-gitops-demo\actions-runner\bin'
[2026-07-27 20:59:53Z INFO HostContext] Well known directory 'Root': 'C:\Users\siva9\appstars-gitops-demo\actions-runner'
[2026-07-27 20:59:53Z INFO HostContext] Well known directory 'Work': 'C:\Users\siva9\appstars-gitops-demo\actions-runner\_work'
[2026-07-27 20:59:53Z INFO JobRunner] Validating directory permissions for: 'C:\Users\siva9\appstars-gitops-demo\actions-runner\_work'
[2026-07-27 20:59:53Z INFO HostContext] Well known directory 'Bin': 'C:\Users\siva9\appstars-gitops-demo\actions-runner\bin'
[2026-07-27 20:59:53Z INFO HostContext] Well known directory 'Root': 'C:\Users\siva9\appstars-gitops-demo\actions-runner'
[2026-07-27 20:59:53Z INFO HostContext] Well known directory 'Work': 'C:\Users\siva9\appstars-gitops-demo\actions-runner\_work'
[2026-07-27 20:59:53Z INFO HostContext] Well known directory 'Tools': 'C:\Users\siva9\appstars-gitops-demo\actions-runner\_work\_tool'
[2026-07-27 20:59:53Z INFO HostContext] Well known directory 'Bin': 'C:\Users\siva9\appstars-gitops-demo\actions-runner\bin'
[2026-07-27 20:59:53Z INFO HostContext] Well known directory 'Root': 'C:\Users\siva9\appstars-gitops-demo\actions-runner'
[2026-07-27 20:59:53Z INFO HostContext] Well known directory 'Work': 'C:\Users\siva9\appstars-gitops-demo\actions-runner\_work'
[2026-07-27 20:59:53Z INFO HostContext] Well known directory 'Temp': 'C:\Users\siva9\appstars-gitops-demo\actions-runner\_work\_temp'
[2026-07-27 20:59:53Z INFO JobRunner] Getting job extension.
[2026-07-27 20:59:53Z INFO JobRunner] Initialize job. Getting all job steps.
[2026-07-27 20:59:53Z INFO HostContext] Well known directory 'Bin': 'C:\Users\siva9\appstars-gitops-demo\actions-runner\bin'
[2026-07-27 20:59:53Z INFO HostContext] Well known directory 'Root': 'C:\Users\siva9\appstars-gitops-demo\actions-runner'
[2026-07-27 20:59:53Z INFO HostContext] Well known directory 'Diag': 'C:\Users\siva9\appstars-gitops-demo\actions-runner\_diag'
[2026-07-27 20:59:53Z INFO HostContext] Well known directory 'Bin': 'C:\Users\siva9\appstars-gitops-demo\actions-runner\bin'
[2026-07-27 20:59:53Z INFO HostContext] Well known directory 'Root': 'C:\Users\siva9\appstars-gitops-demo\actions-runner'
[2026-07-27 20:59:53Z INFO HostContext] Well known directory 'Diag': 'C:\Users\siva9\appstars-gitops-demo\actions-runner\_diag'
[2026-07-27 20:59:53Z INFO HostContext] Well known directory 'Bin': 'C:\Users\siva9\appstars-gitops-demo\actions-runner\bin'
[2026-07-27 20:59:53Z INFO HostContext] Well known directory 'Root': 'C:\Users\siva9\appstars-gitops-demo\actions-runner'
[2026-07-27 20:59:53Z INFO HostContext] Well known config file 'Credentials': 'C:\Users\siva9\appstars-gitops-demo\actions-runner\.credentials'
[2026-07-27 20:59:53Z INFO HostContext] Well known directory 'Bin': 'C:\Users\siva9\appstars-gitops-demo\actions-runner\bin'
[2026-07-27 20:59:53Z INFO HostContext] Well known directory 'Root': 'C:\Users\siva9\appstars-gitops-demo\actions-runner'
[2026-07-27 20:59:53Z INFO HostContext] Well known config file 'SetupInfo': 'C:\Users\siva9\appstars-gitops-demo\actions-runner\.setup_info'
[2026-07-27 20:59:53Z INFO HostContext] Well known directory 'Bin': 'C:\Users\siva9\appstars-gitops-demo\actions-runner\bin'
[2026-07-27 20:59:53Z INFO HostContext] Well known directory 'Root': 'C:\Users\siva9\appstars-gitops-demo\actions-runner'
[2026-07-27 20:59:53Z INFO HostContext] Well known directory 'Work': 'C:\Users\siva9\appstars-gitops-demo\actions-runner\_work'
[2026-07-27 20:59:53Z INFO PipelineDirectoryManager] Loading tracking config if exists: C:\Users\siva9\appstars-gitops-demo\actions-runner\_work\_PipelineMapping\SivaShankarRajendran16/appstars-gitops-demo\PipelineFolder.json
[2026-07-27 20:59:53Z INFO PipelineDirectoryManager] Updating job run properties.
[2026-07-27 20:59:53Z INFO HostContext] Well known directory 'Bin': 'C:\Users\siva9\appstars-gitops-demo\actions-runner\bin'
[2026-07-27 20:59:53Z INFO HostContext] Well known directory 'Root': 'C:\Users\siva9\appstars-gitops-demo\actions-runner'
[2026-07-27 20:59:53Z INFO HostContext] Well known directory 'Work': 'C:\Users\siva9\appstars-gitops-demo\actions-runner\_work'
[2026-07-27 20:59:53Z INFO HostContext] Well known directory 'Bin': 'C:\Users\siva9\appstars-gitops-demo\actions-runner\bin'
[2026-07-27 20:59:53Z INFO HostContext] Well known directory 'Root': 'C:\Users\siva9\appstars-gitops-demo\actions-runner'
[2026-07-27 20:59:53Z INFO HostContext] Well known directory 'Work': 'C:\Users\siva9\appstars-gitops-demo\actions-runner\_work'
[2026-07-27 20:59:53Z INFO HostContext] Well known directory 'Bin': 'C:\Users\siva9\appstars-gitops-demo\actions-runner\bin'
[2026-07-27 20:59:53Z INFO HostContext] Well known directory 'Root': 'C:\Users\siva9\appstars-gitops-demo\actions-runner'
[2026-07-27 20:59:53Z INFO HostContext] Well known directory 'Work': 'C:\Users\siva9\appstars-gitops-demo\actions-runner\_work'
[2026-07-27 20:59:53Z INFO JobExtension] Downloading actions
[2026-07-27 20:59:53Z INFO HostContext] Well known directory 'Bin': 'C:\Users\siva9\appstars-gitops-demo\actions-runner\bin'
[2026-07-27 20:59:53Z INFO HostContext] Well known directory 'Root': 'C:\Users\siva9\appstars-gitops-demo\actions-runner'
[2026-07-27 20:59:53Z INFO HostContext] Well known directory 'Work': 'C:\Users\siva9\appstars-gitops-demo\actions-runner\_work'
[2026-07-27 20:59:53Z INFO HostContext] Well known directory 'Actions': 'C:\Users\siva9\appstars-gitops-demo\actions-runner\_work\_actions'
[2026-07-27 20:59:53Z INFO Worker] Listening for cancel message from the channel.
[2026-07-27 20:59:53Z INFO Worker] Waiting for the job to complete or for a cancel message from the channel.
[2026-07-27 20:59:54Z INFO ResultServer] Exception caught during websocket client connect, retry connection.
[2026-07-27 20:59:54Z ERR  ResultServer] System.Net.WebSockets.WebSocketException (0x80004005): The server returned status code '503' when status code '101' was expected.
   at System.Net.WebSockets.WebSocketHandle.ValidateResponse(HttpResponseMessage response, String secValue)
   at System.Net.WebSockets.WebSocketHandle.ConnectAsync(Uri uri, HttpMessageInvoker invoker, CancellationToken cancellationToken, ClientWebSocketOptions options)
   at System.Net.WebSockets.ClientWebSocket.ConnectAsyncCore(Uri uri, HttpMessageInvoker invoker, CancellationToken cancellationToken)
   at GitHub.Runner.Common.ResultServer.ConnectWebSocketClient(String feedStreamUrl, TimeSpan delay, Boolean retryConnection)
[2026-07-27 20:59:54Z INFO ResultServer] Attempting to start websocket client with delay 00:00:00.
[2026-07-27 20:59:54Z INFO ResultServer] Exception caught during websocket client connect, retry connection.
[2026-07-27 20:59:54Z ERR  ResultServer] System.NullReferenceException: Object reference not set to an instance of an object.
   at GitHub.Runner.Common.ResultServer.ConnectWebSocketClient(String feedStreamUrl, TimeSpan delay, Boolean retryConnection)
[2026-07-27 20:59:54Z INFO ResultServer] Attempting to start websocket client with delay 00:00:00.
[2026-07-27 20:59:54Z INFO ResultServer] Exception caught during websocket client connect, retry connection.
[2026-07-27 20:59:54Z ERR  ResultServer] System.NullReferenceException: Object reference not set to an instance of an object.
   at GitHub.Runner.Common.ResultServer.ConnectWebSocketClient(String feedStreamUrl, TimeSpan delay, Boolean retryConnection)
[2026-07-27 20:59:54Z INFO JobServerQueue] Try to append 1 batches web console lines for record 'a654bc88-d30c-4946-a098-a505c9f801d9', success rate: 1/1.
[2026-07-27 20:59:54Z INFO HostContext] Well known directory 'Bin': 'C:\Users\siva9\appstars-gitops-demo\actions-runner\bin'
[2026-07-27 20:59:54Z INFO HostContext] Well known directory 'Root': 'C:\Users\siva9\appstars-gitops-demo\actions-runner'
[2026-07-27 20:59:54Z INFO HostContext] Well known directory 'Work': 'C:\Users\siva9\appstars-gitops-demo\actions-runner\_work'
[2026-07-27 20:59:54Z INFO HostContext] Well known directory 'Actions': 'C:\Users\siva9\appstars-gitops-demo\actions-runner\_work\_actions'
[2026-07-27 20:59:54Z INFO HostContext] Well known directory 'Bin': 'C:\Users\siva9\appstars-gitops-demo\actions-runner\bin'
[2026-07-27 20:59:54Z INFO HostContext] Well known directory 'Root': 'C:\Users\siva9\appstars-gitops-demo\actions-runner'
[2026-07-27 20:59:54Z INFO HostContext] Well known directory 'Work': 'C:\Users\siva9\appstars-gitops-demo\actions-runner\_work'
[2026-07-27 20:59:54Z INFO HostContext] Well known directory 'Actions': 'C:\Users\siva9\appstars-gitops-demo\actions-runner\_work\_actions'
[2026-07-27 20:59:54Z INFO ActionManager] Save archive 'https://codeload.github.com/actions/checkout/zip/11d5960a326750d5838078e36cf38b85af677262' into C:\Users\siva9\appstars-gitops-demo\actions-runner\_work\_actions\_temp_8f261c24-6f55-4994-8fae-130c54925551\2da7a3a9-6a94-45a3-890f-94729b9a69d6.zip.
[2026-07-27 20:59:54Z INFO ActionManager] Using Basic token for action archive download.
[2026-07-27 20:59:54Z INFO JobServerQueue] Try to append 1 batches web console lines for record 'a654bc88-d30c-4946-a098-a505c9f801d9', success rate: 1/1.
[2026-07-27 20:59:54Z ERR  GitHubActionsService] POST request to https://results-receiver.actions.githubusercontent.com/twirp/github.actions.results.api.v1.WorkflowStepUpdateService/WorkflowStepsUpdate failed. HTTP Status: NotFound
[2026-07-27 20:59:54Z INFO JobServerQueue] Catch exception during update steps, skip update Results.
[2026-07-27 20:59:54Z ERR  JobServerQueue] System.Exception: Failed to mark StepsUpdateRequest upload as complete, status code: NotFound, ok: False, timestamp: 2026-07-27T20:59:53.539Z
   at GitHub.Services.Results.Client.ResultsHttpClient.SendRequest[R](Uri uri, CancellationToken cancellationToken, R request, String timestamp)
   at GitHub.Services.Results.Client.ResultsHttpClient.UpdateWorkflowStepsAsync(Guid planId, IEnumerable`1 records, CancellationToken cancellationToken)
   at GitHub.Runner.Common.JobServerQueue.ProcessTimelinesUpdateQueueAsync(Boolean runOnce)
[2026-07-27 20:59:54Z INFO JobServerQueue] Job timeline record has been updated for the first time.
[2026-07-27 20:59:55Z INFO ActionManager] Request URL: https://codeload.github.com/actions/checkout/zip/11d5960a326750d5838078e36cf38b85af677262 X-GitHub-Request-Id: 1BB6:10D2F6:40A0B:2FA804:6A67C6CA Http Status: OK
[2026-07-27 20:59:56Z INFO ActionManager] Finished getting action repository.
[2026-07-27 20:59:56Z INFO HostContext] Well known directory 'Bin': 'C:\Users\siva9\appstars-gitops-demo\actions-runner\bin'
[2026-07-27 20:59:56Z INFO HostContext] Well known directory 'Root': 'C:\Users\siva9\appstars-gitops-demo\actions-runner'
[2026-07-27 20:59:56Z INFO HostContext] Well known directory 'Work': 'C:\Users\siva9\appstars-gitops-demo\actions-runner\_work'
[2026-07-27 20:59:56Z INFO HostContext] Well known directory 'Actions': 'C:\Users\siva9\appstars-gitops-demo\actions-runner\_work\_actions'
[2026-07-27 20:59:56Z INFO ActionManifestManagerLegacy] Load schema file with definitions: [
  "null",
  "boolean",
  "number",
  "string",
  "sequence",
  "mapping",
  "any",
  "action-root",
  "inputs",
  "input",
  "outputs",
  "output-definition",
  "runs",
  "container-runs",
  "container-runs-args",
  "container-runs-env",
  "node-runs",
  "plugin-runs",
  "composite-runs",
  "composite-steps",
  "composite-step",
  "run-step",
  "uses-step",
  "container-runs-context",
  "output-value",
  "input-default-context",
  "non-empty-string",
  "string-steps-context",
  "boolean-steps-context",
  "step-env",
  "step-if",
  "step-with"
]
[2026-07-27 20:59:56Z INFO ActionManifestManager] Load schema file with definitions: [
  "null",
  "boolean",
  "number",
  "string",
  "sequence",
  "mapping",
  "any",
  "action-root",
  "inputs",
  "input",
  "outputs",
  "output-definition",
  "runs",
  "container-runs",
  "container-runs-args",
  "container-runs-env",
  "node-runs",
  "plugin-runs",
  "composite-runs",
  "composite-steps",
  "composite-step",
  "run-step",
  "uses-step",
  "container-runs-context",
  "output-value",
  "input-default-context",
  "non-empty-string",
  "string-steps-context",
  "boolean-steps-context",
  "step-env",
  "step-if",
  "step-with"
]
[2026-07-27 20:59:56Z INFO HostContext] Well known directory 'Bin': 'C:\Users\siva9\appstars-gitops-demo\actions-runner\bin'
[2026-07-27 20:59:56Z INFO HostContext] Well known directory 'Root': 'C:\Users\siva9\appstars-gitops-demo\actions-runner'
[2026-07-27 20:59:56Z INFO HostContext] Well known directory 'Work': 'C:\Users\siva9\appstars-gitops-demo\actions-runner\_work'
[2026-07-27 20:59:56Z INFO HostContext] Well known directory 'Actions': 'C:\Users\siva9\appstars-gitops-demo\actions-runner\_work\_actions'
[2026-07-27 20:59:56Z INFO ActionManifestManagerLegacy] Loaded action.yml file: {
  "name": "Checkout",
  "description": "Checkout a Git repository at a particular version",
  "inputs": {
    "type": 2,
    "map": [
      {
        "key": {
          "type": 0,
          "file": 2,
          "line": 4,
          "col": 3,
          "lit": "repository"
        },
        "value": {
          "type": 3,
          "file": 2,
          "line": 6,
          "col": 14,
          "expr": "github.repository"
        }
      },
      {
        "key": {
          "type": 0,
          "file": 2,
          "line": 7,
          "col": 3,
          "lit": "ref"
        },
        "value": ""
      },
      {
        "key": {
          "type": 0,
          "file": 2,
          "line": 12,
          "col": 3,
          "lit": "token"
        },
        "value": {
          "type": 3,
          "file": 2,
          "line": 24,
          "col": 14,
          "expr": "github.token"
        }
      },
      {
        "key": {
          "type": 0,
          "file": 2,
          "line": 25,
          "col": 3,
          "lit": "ssh-key"
        },
        "value": ""
      },
      {
        "key": {
          "type": 0,
          "file": 2,
          "line": 37,
          "col": 3,
          "lit": "ssh-known-hosts"
        },
        "value": ""
      },
      {
        "key": {
          "type": 0,
          "file": 2,
          "line": 42,
          "col": 3,
          "lit": "ssh-strict"
        },
        "value": {
          "type": 0,
          "file": 2,
          "line": 47,
          "col": 14,
          "lit": "true"
        }
      },
      {
        "key": {
          "type": 0,
          "file": 2,
          "line": 48,
          "col": 3,
          "lit": "ssh-user"
        },
        "value": {
          "type": 0,
          "file": 2,
          "line": 51,
          "col": 14,
          "lit": "git"
        }
      },
      {
        "key": {
          "type": 0,
          "file": 2,
          "line": 52,
          "col": 3,
          "lit": "persist-credentials"
        },
        "value": {
          "type": 0,
          "file": 2,
          "line": 54,
          "col": 14,
          "lit": "true"
        }
      },
      {
        "key": {
          "type": 0,
          "file": 2,
          "line": 55,
          "col": 3,
          "lit": "path"
        },
        "value": ""
      },
      {
        "key": {
          "type": 0,
          "file": 2,
          "line": 57,
          "col": 3,
          "lit": "clean"
        },
        "value": {
          "type": 0,
          "file": 2,
          "line": 59,
          "col": 14,
          "lit": "true"
        }
      },
      {
        "key": {
          "type": 0,
          "file": 2,
          "line": 60,
          "col": 3,
          "lit": "filter"
        },
        "value": {
          "type": 0,
          "file": 2,
          "line": 64,
          "col": 14,
          "lit": ""
        }
      },
      {
        "key": {
          "type": 0,
          "file": 2,
          "line": 65,
          "col": 3,
          "lit": "sparse-checkout"
        },
        "value": {
          "type": 0,
          "file": 2,
          "line": 69,
          "col": 14,
          "lit": ""
        }
      },
      {
        "key": {
          "type": 0,
          "file": 2,
          "line": 70,
          "col": 3,
          "lit": "sparse-checkout-cone-mode"
        },
        "value": {
          "type": 0,
          "file": 2,
          "line": 73,
          "col": 14,
          "lit": "true"
        }
      },
      {
        "key": {
          "type": 0,
          "file": 2,
          "line": 74,
          "col": 3,
          "lit": "fetch-depth"
        },
        "value": {
          "type": 0,
          "file": 2,
          "line": 76,
          "col": 14,
          "lit": "1"
        }
      },
      {
        "key": {
          "type": 0,
          "file": 2,
          "line": 77,
          "col": 3,
          "lit": "fetch-tags"
        },
        "value": {
          "type": 0,
          "file": 2,
          "line": 79,
          "col": 14,
          "lit": "false"
        }
      },
      {
        "key": {
          "type": 0,
          "file": 2,
          "line": 80,
          "col": 3,
          "lit": "show-progress"
        },
        "value": {
          "type": 0,
          "file": 2,
          "line": 82,
          "col": 14,
          "lit": "true"
        }
      },
      {
        "key": {
          "type": 0,
          "file": 2,
          "line": 83,
          "col": 3,
          "lit": "lfs"
        },
        "value": {
          "type": 0,
          "file": 2,
          "line": 85,
          "col": 14,
          "lit": "false"
        }
      },
      {
        "key": {
          "type": 0,
          "file": 2,
          "line": 86,
          "col": 3,
          "lit": "submodules"
        },
        "value": {
          "type": 0,
          "file": 2,
          "line": 94,
          "col": 14,
          "lit": "false"
        }
      },
      {
        "key": {
          "type": 0,
          "file": 2,
          "line": 95,
          "col": 3,
          "lit": "set-safe-directory"
        },
        "value": {
          "type": 0,
          "file": 2,
          "line": 97,
          "col": 14,
          "lit": "true"
        }
      },
      {
        "key": {
          "type": 0,
          "file": 2,
          "line": 98,
          "col": 3,
          "lit": "github-server-url"
        },
        "value": ""
      },
      {
        "key": {
          "type": 0,
          "file": 2,
          "line": 101,
          "col": 3,
          "lit": "allow-unsafe-pr-checkout"
        },
        "value": {
          "type": 0,
          "file": 2,
          "line": 109,
          "col": 14,
          "lit": "false"
        }
      }
    ]
  },
  "execution": {
    "executionType": "nodeJS",
    "hasPre": false,
    "hasPost": true,
    "script": "dist/index.js",
    "pre": null,
    "post": "dist/index.js",
    "nodeVersion": "node20",
    "cleanupCondition": "always()",
    "initCondition": "always()"
  },
  "deprecated": null
}
[2026-07-27 20:59:56Z INFO ActionManager] Action node.js file: dist/index.js, no more preparation.
[2026-07-27 20:59:56Z INFO HostContext] Well known directory 'Bin': 'C:\Users\siva9\appstars-gitops-demo\actions-runner\bin'
[2026-07-27 20:59:56Z INFO HostContext] Well known directory 'Root': 'C:\Users\siva9\appstars-gitops-demo\actions-runner'
[2026-07-27 20:59:56Z INFO HostContext] Well known directory 'Work': 'C:\Users\siva9\appstars-gitops-demo\actions-runner\_work'
[2026-07-27 20:59:56Z INFO HostContext] Well known directory 'Actions': 'C:\Users\siva9\appstars-gitops-demo\actions-runner\_work\_actions'
[2026-07-27 20:59:56Z INFO ActionManager] Load action that reference repository from 'C:\Users\siva9\appstars-gitops-demo\actions-runner\_work\_actions\actions\checkout\v4'
[2026-07-27 20:59:56Z INFO HostContext] Well known directory 'Bin': 'C:\Users\siva9\appstars-gitops-demo\actions-runner\bin'
[2026-07-27 20:59:56Z INFO HostContext] Well known directory 'Root': 'C:\Users\siva9\appstars-gitops-demo\actions-runner'
[2026-07-27 20:59:56Z INFO HostContext] Well known directory 'Work': 'C:\Users\siva9\appstars-gitops-demo\actions-runner\_work'
[2026-07-27 20:59:56Z INFO HostContext] Well known directory 'Actions': 'C:\Users\siva9\appstars-gitops-demo\actions-runner\_work\_actions'
[2026-07-27 20:59:56Z INFO ActionManifestManagerLegacy] Loaded action.yml file: {
  "name": "Checkout",
  "description": "Checkout a Git repository at a particular version",
  "inputs": {
    "type": 2,
    "map": [
      {
        "key": {
          "type": 0,
          "file": 2,
          "line": 4,
          "col": 3,
          "lit": "repository"
        },
        "value": {
          "type": 3,
          "file": 2,
          "line": 6,
          "col": 14,
          "expr": "github.repository"
        }
      },
      {
        "key": {
          "type": 0,
          "file": 2,
          "line": 7,
          "col": 3,
          "lit": "ref"
        },
        "value": ""
      },
      {
        "key": {
          "type": 0,
          "file": 2,
          "line": 12,
          "col": 3,
          "lit": "token"
        },
        "value": {
          "type": 3,
          "file": 2,
          "line": 24,
          "col": 14,
          "expr": "github.token"
        }
      },
      {
        "key": {
          "type": 0,
          "file": 2,
          "line": 25,
          "col": 3,
          "lit": "ssh-key"
        },
        "value": ""
      },
      {
        "key": {
          "type": 0,
          "file": 2,
          "line": 37,
          "col": 3,
          "lit": "ssh-known-hosts"
        },
        "value": ""
      },
      {
        "key": {
          "type": 0,
          "file": 2,
          "line": 42,
          "col": 3,
          "lit": "ssh-strict"
        },
        "value": {
          "type": 0,
          "file": 2,
          "line": 47,
          "col": 14,
          "lit": "true"
        }
      },
      {
        "key": {
          "type": 0,
          "file": 2,
          "line": 48,
          "col": 3,
          "lit": "ssh-user"
        },
        "value": {
          "type": 0,
          "file": 2,
          "line": 51,
          "col": 14,
          "lit": "git"
        }
      },
      {
        "key": {
          "type": 0,
          "file": 2,
          "line": 52,
          "col": 3,
          "lit": "persist-credentials"
        },
        "value": {
          "type": 0,
          "file": 2,
          "line": 54,
          "col": 14,
          "lit": "true"
        }
      },
      {
        "key": {
          "type": 0,
          "file": 2,
          "line": 55,
          "col": 3,
          "lit": "path"
        },
        "value": ""
      },
      {
        "key": {
          "type": 0,
          "file": 2,
          "line": 57,
          "col": 3,
          "lit": "clean"
        },
        "value": {
          "type": 0,
          "file": 2,
          "line": 59,
          "col": 14,
          "lit": "true"
        }
      },
      {
        "key": {
          "type": 0,
          "file": 2,
          "line": 60,
          "col": 3,
          "lit": "filter"
        },
        "value": {
          "type": 0,
          "file": 2,
          "line": 64,
          "col": 14,
          "lit": ""
        }
      },
      {
        "key": {
          "type": 0,
          "file": 2,
          "line": 65,
          "col": 3,
          "lit": "sparse-checkout"
        },
        "value": {
          "type": 0,
          "file": 2,
          "line": 69,
          "col": 14,
          "lit": ""
        }
      },
      {
        "key": {
          "type": 0,
          "file": 2,
          "line": 70,
          "col": 3,
          "lit": "sparse-checkout-cone-mode"
        },
        "value": {
          "type": 0,
          "file": 2,
          "line": 73,
          "col": 14,
          "lit": "true"
        }
      },
      {
        "key": {
          "type": 0,
          "file": 2,
          "line": 74,
          "col": 3,
          "lit": "fetch-depth"
        },
        "value": {
          "type": 0,
          "file": 2,
          "line": 76,
          "col": 14,
          "lit": "1"
        }
      },
      {
        "key": {
          "type": 0,
          "file": 2,
          "line": 77,
          "col": 3,
          "lit": "fetch-tags"
        },
        "value": {
          "type": 0,
          "file": 2,
          "line": 79,
          "col": 14,
          "lit": "false"
        }
      },
      {
        "key": {
          "type": 0,
          "file": 2,
          "line": 80,
          "col": 3,
          "lit": "show-progress"
        },
        "value": {
          "type": 0,
          "file": 2,
          "line": 82,
          "col": 14,
          "lit": "true"
        }
      },
      {
        "key": {
          "type": 0,
          "file": 2,
          "line": 83,
          "col": 3,
          "lit": "lfs"
        },
        "value": {
          "type": 0,
          "file": 2,
          "line": 85,
          "col": 14,
          "lit": "false"
        }
      },
      {
        "key": {
          "type": 0,
          "file": 2,
          "line": 86,
          "col": 3,
          "lit": "submodules"
        },
        "value": {
          "type": 0,
          "file": 2,
          "line": 94,
          "col": 14,
          "lit": "false"
        }
      },
      {
        "key": {
          "type": 0,
          "file": 2,
          "line": 95,
          "col": 3,
          "lit": "set-safe-directory"
        },
        "value": {
          "type": 0,
          "file": 2,
          "line": 97,
          "col": 14,
          "lit": "true"
        }
      },
      {
        "key": {
          "type": 0,
          "file": 2,
          "line": 98,
          "col": 3,
          "lit": "github-server-url"
        },
        "value": ""
      },
      {
        "key": {
          "type": 0,
          "file": 2,
          "line": 101,
          "col": 3,
          "lit": "allow-unsafe-pr-checkout"
        },
        "value": {
          "type": 0,
          "file": 2,
          "line": 109,
          "col": 14,
          "lit": "false"
        }
      }
    ]
  },
  "execution": {
    "executionType": "nodeJS",
    "hasPre": false,
    "hasPost": true,
    "script": "dist/index.js",
    "pre": null,
    "post": "dist/index.js",
    "nodeVersion": "node20",
    "cleanupCondition": "always()",
    "initCondition": "always()"
  },
  "deprecated": null
}
[2026-07-27 20:59:56Z INFO ActionManager] Action pre node.js file: N/A.
[2026-07-27 20:59:56Z INFO ActionManager] Action node.js file: dist/index.js.
[2026-07-27 20:59:56Z INFO ActionManager] Action post node.js file: dist/index.js.
[2026-07-27 20:59:56Z INFO JobExtension] Adding .
[2026-07-27 20:59:56Z INFO JobExtension] Adding .
[2026-07-27 20:59:56Z INFO JobExtension] Adding .
[2026-07-27 20:59:56Z INFO JobExtension] Adding .
[2026-07-27 20:59:56Z INFO HostContext] Well known directory 'Bin': 'C:\Users\siva9\appstars-gitops-demo\actions-runner\bin'
[2026-07-27 20:59:56Z INFO HostContext] Well known directory 'Root': 'C:\Users\siva9\appstars-gitops-demo\actions-runner'
[2026-07-27 20:59:56Z INFO HostContext] Well known directory 'Diag': 'C:\Users\siva9\appstars-gitops-demo\actions-runner\_diag'
[2026-07-27 20:59:56Z INFO HostContext] Well known directory 'Bin': 'C:\Users\siva9\appstars-gitops-demo\actions-runner\bin'
[2026-07-27 20:59:56Z INFO HostContext] Well known directory 'Root': 'C:\Users\siva9\appstars-gitops-demo\actions-runner'
[2026-07-27 20:59:56Z INFO HostContext] Well known directory 'Diag': 'C:\Users\siva9\appstars-gitops-demo\actions-runner\_diag'
[2026-07-27 20:59:56Z INFO HostContext] Well known directory 'Bin': 'C:\Users\siva9\appstars-gitops-demo\actions-runner\bin'
[2026-07-27 20:59:56Z INFO HostContext] Well known directory 'Root': 'C:\Users\siva9\appstars-gitops-demo\actions-runner'
[2026-07-27 20:59:56Z INFO HostContext] Well known directory 'Diag': 'C:\Users\siva9\appstars-gitops-demo\actions-runner\_diag'
[2026-07-27 20:59:56Z INFO HostContext] Well known directory 'Bin': 'C:\Users\siva9\appstars-gitops-demo\actions-runner\bin'
[2026-07-27 20:59:56Z INFO HostContext] Well known directory 'Root': 'C:\Users\siva9\appstars-gitops-demo\actions-runner'
[2026-07-27 20:59:56Z INFO HostContext] Well known directory 'Diag': 'C:\Users\siva9\appstars-gitops-demo\actions-runner\_diag'
[2026-07-27 20:59:56Z INFO HostContext] Well known directory 'Bin': 'C:\Users\siva9\appstars-gitops-demo\actions-runner\bin'
[2026-07-27 20:59:56Z INFO HostContext] Well known directory 'Root': 'C:\Users\siva9\appstars-gitops-demo\actions-runner'
[2026-07-27 20:59:56Z INFO HostContext] Well known directory 'Diag': 'C:\Users\siva9\appstars-gitops-demo\actions-runner\_diag'
[2026-07-27 20:59:56Z INFO HostContext] Well known directory 'Bin': 'C:\Users\siva9\appstars-gitops-demo\actions-runner\bin'
[2026-07-27 20:59:56Z INFO HostContext] Well known directory 'Root': 'C:\Users\siva9\appstars-gitops-demo\actions-runner'
[2026-07-27 20:59:56Z INFO HostContext] Well known directory 'Diag': 'C:\Users\siva9\appstars-gitops-demo\actions-runner\_diag'
[2026-07-27 20:59:56Z INFO HostContext] Well known directory 'Bin': 'C:\Users\siva9\appstars-gitops-demo\actions-runner\bin'
[2026-07-27 20:59:56Z INFO HostContext] Well known directory 'Root': 'C:\Users\siva9\appstars-gitops-demo\actions-runner'
[2026-07-27 20:59:56Z INFO HostContext] Well known directory 'Diag': 'C:\Users\siva9\appstars-gitops-demo\actions-runner\_diag'
[2026-07-27 20:59:56Z INFO HostContext] Well known directory 'Bin': 'C:\Users\siva9\appstars-gitops-demo\actions-runner\bin'
[2026-07-27 20:59:56Z INFO HostContext] Well known directory 'Root': 'C:\Users\siva9\appstars-gitops-demo\actions-runner'
[2026-07-27 20:59:56Z INFO HostContext] Well known directory 'Diag': 'C:\Users\siva9\appstars-gitops-demo\actions-runner\_diag'
[2026-07-27 20:59:56Z INFO JobExtension] Total accessible running process: 293.
[2026-07-27 20:59:56Z INFO HostContext] Well known directory 'Bin': 'C:\Users\siva9\appstars-gitops-demo\actions-runner\bin'
[2026-07-27 20:59:56Z INFO HostContext] Well known directory 'Root': 'C:\Users\siva9\appstars-gitops-demo\actions-runner'
[2026-07-27 20:59:56Z INFO HostContext] Well known directory 'Work': 'C:\Users\siva9\appstars-gitops-demo\actions-runner\_work'
[2026-07-27 20:59:56Z INFO JobExtension] Start checking server connectivity.
[2026-07-27 20:59:56Z INFO JobExtension] Check server connectivity for https://broker.actions.githubusercontent.com/health.
[2026-07-27 20:59:56Z INFO JobExtension] Check server connectivity for https://token.actions.githubusercontent.com/ready.
[2026-07-27 20:59:56Z INFO JobExtension] Check server connectivity for https://run.actions.githubusercontent.com/health.
[2026-07-27 20:59:56Z INFO JobExtension] Start checking server connectivity and DNS.
[2026-07-27 20:59:56Z INFO JobExtension] Check server connectivity for https://github.com/_dns.
[2026-07-27 20:59:56Z INFO JobExtension] Check server connectivity for https://api.github.com/_dns.
[2026-07-27 20:59:56Z INFO JobExtension] Check server connectivity for https://codeload.github.com/_dns.
[2026-07-27 20:59:56Z INFO JobExtension] Check server connectivity for https://pkg.github.com/_dns.
[2026-07-27 20:59:56Z INFO JobExtension] Check server connectivity for https://copilot-proxy.githubusercontent.com/_dns.
[2026-07-27 20:59:56Z INFO JobExtension] Check server connectivity for http://ssh.github.com/_dns.
[2026-07-27 20:59:56Z INFO JobExtension] Start checking service connectivity in background.
[2026-07-27 20:59:56Z INFO ExecutionContext] Publish step telemetry for current step {
  "action": "setup_job",
  "type": "runner",
  "stage": "Pre",
  "stepId": "a654bc88-d30c-4946-a098-a505c9f801d9",
  "result": "succeeded",
  "errorMessages": [],
  "executionTimeInSeconds": 4,
  "startTime": "2026-07-27T20:59:53.0545702Z",
  "finishTime": "2026-07-27T20:59:56.2791218Z"
}.
[2026-07-27 20:59:56Z INFO JobRunner] Total job steps: 4.
[2026-07-27 20:59:56Z INFO JobRunner] Run all job steps.
[2026-07-27 20:59:56Z INFO DapDebugger] DapDebugger initialized
[2026-07-27 20:59:56Z INFO StepsRunner] Processing step: DisplayName='Checkout Source Code'
[2026-07-27 20:59:56Z INFO StepsRunner] Evaluating: success()
[2026-07-27 20:59:56Z INFO StepsRunner] Result: true
[2026-07-27 20:59:56Z INFO StepsRunner] Starting the step.
[2026-07-27 20:59:56Z INFO HostContext] Well known directory 'Bin': 'C:\Users\siva9\appstars-gitops-demo\actions-runner\bin'
[2026-07-27 20:59:56Z INFO HostContext] Well known directory 'Root': 'C:\Users\siva9\appstars-gitops-demo\actions-runner'
[2026-07-27 20:59:56Z INFO HostContext] Well known directory 'Work': 'C:\Users\siva9\appstars-gitops-demo\actions-runner\_work'
[2026-07-27 20:59:56Z INFO StepsRunner] Which2: 'chcp'
[2026-07-27 20:59:56Z INFO StepsRunner] Location: 'C:\WINDOWS\system32\chcp.COM'
[2026-07-27 20:59:56Z INFO ProcessInvokerWrapper] Starting process:
[2026-07-27 20:59:56Z INFO ProcessInvokerWrapper]   File name: 'C:\WINDOWS\system32\chcp.COM'
[2026-07-27 20:59:56Z INFO ProcessInvokerWrapper]   Arguments: '65001'
[2026-07-27 20:59:56Z INFO ProcessInvokerWrapper]   Working directory: 'C:\Users\siva9\appstars-gitops-demo\actions-runner\_work'
[2026-07-27 20:59:56Z INFO ProcessInvokerWrapper]   Require exit code zero: 'False'
[2026-07-27 20:59:56Z INFO ProcessInvokerWrapper]   Encoding web name:  ; code page: ''
[2026-07-27 20:59:56Z INFO ProcessInvokerWrapper]   Force kill process on cancellation: 'False'
[2026-07-27 20:59:56Z INFO ProcessInvokerWrapper]   Redirected STDIN: 'False'
[2026-07-27 20:59:56Z INFO ProcessInvokerWrapper]   Persist current code page: 'True'
[2026-07-27 20:59:56Z INFO ProcessInvokerWrapper]   Keep redirected STDIN open: 'False'
[2026-07-27 20:59:56Z INFO ProcessInvokerWrapper]   High priority process: 'False'
[2026-07-27 20:59:56Z INFO ProcessInvokerWrapper] Process started with process id 13908, waiting for process exit.
[2026-07-27 20:59:56Z INFO ProcessInvokerWrapper] STDOUT/STDERR stream read finished.
[2026-07-27 20:59:56Z INFO ProcessInvokerWrapper] STDOUT/STDERR stream read finished.
[2026-07-27 20:59:56Z INFO ProcessInvokerWrapper] Finished process 13908 with exit code 0, and elapsed time 00:00:00.0323600.
[2026-07-27 20:59:56Z INFO StepsRunner] Successfully returned to code page 65001 (UTF8)
[2026-07-27 20:59:56Z INFO HostContext] Well known directory 'Bin': 'C:\Users\siva9\appstars-gitops-demo\actions-runner\bin'
[2026-07-27 20:59:56Z INFO HostContext] Well known directory 'Root': 'C:\Users\siva9\appstars-gitops-demo\actions-runner'
[2026-07-27 20:59:56Z INFO HostContext] Well known directory 'Work': 'C:\Users\siva9\appstars-gitops-demo\actions-runner\_work'
[2026-07-27 20:59:56Z INFO HostContext] Well known directory 'Actions': 'C:\Users\siva9\appstars-gitops-demo\actions-runner\_work\_actions'
[2026-07-27 20:59:56Z INFO ActionManager] Load action that reference repository from 'C:\Users\siva9\appstars-gitops-demo\actions-runner\_work\_actions\actions\checkout\v4'
[2026-07-27 20:59:56Z INFO HostContext] Well known directory 'Bin': 'C:\Users\siva9\appstars-gitops-demo\actions-runner\bin'
[2026-07-27 20:59:56Z INFO HostContext] Well known directory 'Root': 'C:\Users\siva9\appstars-gitops-demo\actions-runner'
[2026-07-27 20:59:56Z INFO HostContext] Well known directory 'Work': 'C:\Users\siva9\appstars-gitops-demo\actions-runner\_work'
[2026-07-27 20:59:56Z INFO HostContext] Well known directory 'Actions': 'C:\Users\siva9\appstars-gitops-demo\actions-runner\_work\_actions'
[2026-07-27 20:59:56Z INFO ActionManifestManagerLegacy] Loaded action.yml file: {
  "name": "Checkout",
  "description": "Checkout a Git repository at a particular version",
  "inputs": {
    "type": 2,
    "map": [
      {
        "key": {
          "type": 0,
          "file": 2,
          "line": 4,
          "col": 3,
          "lit": "repository"
        },
        "value": {
          "type": 3,
          "file": 2,
          "line": 6,
          "col": 14,
          "expr": "github.repository"
        }
      },
      {
        "key": {
          "type": 0,
          "file": 2,
          "line": 7,
          "col": 3,
          "lit": "ref"
        },
        "value": ""
      },
      {
        "key": {
          "type": 0,
          "file": 2,
          "line": 12,
          "col": 3,
          "lit": "token"
        },
        "value": {
          "type": 3,
          "file": 2,
          "line": 24,
          "col": 14,
          "expr": "github.token"
        }
      },
      {
        "key": {
          "type": 0,
          "file": 2,
          "line": 25,
          "col": 3,
          "lit": "ssh-key"
        },
        "value": ""
      },
      {
        "key": {
          "type": 0,
          "file": 2,
          "line": 37,
          "col": 3,
          "lit": "ssh-known-hosts"
        },
        "value": ""
      },
      {
        "key": {
          "type": 0,
          "file": 2,
          "line": 42,
          "col": 3,
          "lit": "ssh-strict"
        },
        "value": {
          "type": 0,
          "file": 2,
          "line": 47,
          "col": 14,
          "lit": "true"
        }
      },
      {
        "key": {
          "type": 0,
          "file": 2,
          "line": 48,
          "col": 3,
          "lit": "ssh-user"
        },
        "value": {
          "type": 0,
          "file": 2,
          "line": 51,
          "col": 14,
          "lit": "git"
        }
      },
      {
        "key": {
          "type": 0,
          "file": 2,
          "line": 52,
          "col": 3,
          "lit": "persist-credentials"
        },
        "value": {
          "type": 0,
          "file": 2,
          "line": 54,
          "col": 14,
          "lit": "true"
        }
      },
      {
        "key": {
          "type": 0,
          "file": 2,
          "line": 55,
          "col": 3,
          "lit": "path"
        },
        "value": ""
      },
      {
        "key": {
          "type": 0,
          "file": 2,
          "line": 57,
          "col": 3,
          "lit": "clean"
        },
        "value": {
          "type": 0,
          "file": 2,
          "line": 59,
          "col": 14,
          "lit": "true"
        }
      },
      {
        "key": {
          "type": 0,
          "file": 2,
          "line": 60,
          "col": 3,
          "lit": "filter"
        },
        "value": {
          "type": 0,
          "file": 2,
          "line": 64,
          "col": 14,
          "lit": ""
        }
      },
      {
        "key": {
          "type": 0,
          "file": 2,
          "line": 65,
          "col": 3,
          "lit": "sparse-checkout"
        },
        "value": {
          "type": 0,
          "file": 2,
          "line": 69,
          "col": 14,
          "lit": ""
        }
      },
      {
        "key": {
          "type": 0,
          "file": 2,
          "line": 70,
          "col": 3,
          "lit": "sparse-checkout-cone-mode"
        },
        "value": {
          "type": 0,
          "file": 2,
          "line": 73,
          "col": 14,
          "lit": "true"
        }
      },
      {
        "key": {
          "type": 0,
          "file": 2,
          "line": 74,
          "col": 3,
          "lit": "fetch-depth"
        },
        "value": {
          "type": 0,
          "file": 2,
          "line": 76,
          "col": 14,
          "lit": "1"
        }
      },
      {
        "key": {
          "type": 0,
          "file": 2,
          "line": 77,
          "col": 3,
          "lit": "fetch-tags"
        },
        "value": {
          "type": 0,
          "file": 2,
          "line": 79,
          "col": 14,
          "lit": "false"
        }
      },
      {
        "key": {
          "type": 0,
          "file": 2,
          "line": 80,
          "col": 3,
          "lit": "show-progress"
        },
        "value": {
          "type": 0,
          "file": 2,
          "line": 82,
          "col": 14,
          "lit": "true"
        }
      },
      {
        "key": {
          "type": 0,
          "file": 2,
          "line": 83,
          "col": 3,
          "lit": "lfs"
        },
        "value": {
          "type": 0,
          "file": 2,
          "line": 85,
          "col": 14,
          "lit": "false"
        }
      },
      {
        "key": {
          "type": 0,
          "file": 2,
          "line": 86,
          "col": 3,
          "lit": "submodules"
        },
        "value": {
          "type": 0,
          "file": 2,
          "line": 94,
          "col": 14,
          "lit": "false"
        }
      },
      {
        "key": {
          "type": 0,
          "file": 2,
          "line": 95,
          "col": 3,
          "lit": "set-safe-directory"
        },
        "value": {
          "type": 0,
          "file": 2,
          "line": 97,
          "col": 14,
          "lit": "true"
        }
      },
      {
        "key": {
          "type": 0,
          "file": 2,
          "line": 98,
          "col": 3,
          "lit": "github-server-url"
        },
        "value": ""
      },
      {
        "key": {
          "type": 0,
          "file": 2,
          "line": 101,
          "col": 3,
          "lit": "allow-unsafe-pr-checkout"
        },
        "value": {
          "type": 0,
          "file": 2,
          "line": 109,
          "col": 14,
          "lit": "false"
        }
      }
    ]
  },
  "execution": {
    "executionType": "nodeJS",
    "hasPre": false,
    "hasPost": true,
    "script": "dist/index.js",
    "pre": null,
    "post": "dist/index.js",
    "nodeVersion": "node20",
    "cleanupCondition": "always()",
    "initCondition": "always()"
  },
  "deprecated": null
}
[2026-07-27 20:59:56Z INFO ActionManager] Action pre node.js file: N/A.
[2026-07-27 20:59:56Z INFO ActionManager] Action node.js file: dist/index.js.
[2026-07-27 20:59:56Z INFO ActionManager] Action post node.js file: dist/index.js.
[2026-07-27 20:59:56Z INFO ExecutionContext] Reserve record order 6 to 10 for post job actions.
[2026-07-27 20:59:56Z INFO HostContext] Well known directory 'Bin': 'C:\Users\siva9\appstars-gitops-demo\actions-runner\bin'
[2026-07-27 20:59:56Z INFO HostContext] Well known directory 'Root': 'C:\Users\siva9\appstars-gitops-demo\actions-runner'
[2026-07-27 20:59:56Z INFO HostContext] Well known directory 'Diag': 'C:\Users\siva9\appstars-gitops-demo\actions-runner\_diag'
[2026-07-27 20:59:56Z INFO HostContext] Well known directory 'Bin': 'C:\Users\siva9\appstars-gitops-demo\actions-runner\bin'
[2026-07-27 20:59:56Z INFO HostContext] Well known directory 'Root': 'C:\Users\siva9\appstars-gitops-demo\actions-runner'
[2026-07-27 20:59:56Z INFO HostContext] Well known directory 'Diag': 'C:\Users\siva9\appstars-gitops-demo\actions-runner\_diag'
[2026-07-27 20:59:56Z INFO HostContext] Well known directory 'Bin': 'C:\Users\siva9\appstars-gitops-demo\actions-runner\bin'
[2026-07-27 20:59:56Z INFO HostContext] Well known directory 'Root': 'C:\Users\siva9\appstars-gitops-demo\actions-runner'
[2026-07-27 20:59:56Z INFO HostContext] Well known directory 'Work': 'C:\Users\siva9\appstars-gitops-demo\actions-runner\_work'
[2026-07-27 20:59:56Z INFO HostContext] Well known directory 'Temp': 'C:\Users\siva9\appstars-gitops-demo\actions-runner\_work\_temp'
[2026-07-27 20:59:56Z INFO ExecutionContext] Write event payload to C:\Users\siva9\appstars-gitops-demo\actions-runner\_work\_temp\_github_workflow\event.json
[2026-07-27 20:59:56Z INFO HostContext] Well known directory 'Bin': 'C:\Users\siva9\appstars-gitops-demo\actions-runner\bin'
[2026-07-27 20:59:56Z INFO HostContext] Well known directory 'Root': 'C:\Users\siva9\appstars-gitops-demo\actions-runner'
[2026-07-27 20:59:56Z INFO HostContext] Well known directory 'Work': 'C:\Users\siva9\appstars-gitops-demo\actions-runner\_work'
[2026-07-27 20:59:56Z INFO HostContext] Well known directory 'Temp': 'C:\Users\siva9\appstars-gitops-demo\actions-runner\_work\_temp'
[2026-07-27 20:59:56Z INFO ExtensionManager] Getting extensions for interface: 'GitHub.Runner.Worker.IFileCommandExtension'
[2026-07-27 20:59:56Z INFO ExtensionManager] Creating instance: GitHub.Runner.Worker.AddPathFileCommand, Runner.Worker
[2026-07-27 20:59:56Z INFO ExtensionManager] Creating instance: GitHub.Runner.Worker.SetEnvFileCommand, Runner.Worker
[2026-07-27 20:59:56Z INFO ExtensionManager] Creating instance: GitHub.Runner.Worker.CreateStepSummaryCommand, Runner.Worker
[2026-07-27 20:59:56Z INFO ExtensionManager] Creating instance: GitHub.Runner.Worker.SaveStateFileCommand, Runner.Worker
[2026-07-27 20:59:56Z INFO ExtensionManager] Creating instance: GitHub.Runner.Worker.SetOutputFileCommand, Runner.Worker
[2026-07-27 20:59:56Z INFO ExtensionManager] Creating instance: GitHub.Runner.Worker.CreateArtifactsFileCommand, Runner.Worker
[2026-07-27 20:59:56Z INFO ExtensionManager] Creating instance: GitHub.Runner.Worker.ArtifactsListFileCommand, Runner.Worker
[2026-07-27 20:59:56Z INFO ActionManifestManagerLegacy] Input 'repository': default value evaluate result: {
  "type": 0,
  "file": 2,
  "line": 6,
  "col": 14,
  "lit": "SivaShankarRajendran16/appstars-gitops-demo"
}
[2026-07-27 20:59:56Z INFO ActionManifestManagerLegacy] Input 'ref': default value evaluate result: ""
[2026-07-27 20:59:56Z INFO ActionManifestManagerLegacy] Input 'token': default value evaluate result: {
  "type": 0,
  "file": 2,
  "line": 24,
  "col": 14,
  "lit": "***"
}
[2026-07-27 20:59:56Z INFO ActionManifestManagerLegacy] Input 'ssh-key': default value evaluate result: ""
[2026-07-27 20:59:56Z INFO ActionManifestManagerLegacy] Input 'ssh-known-hosts': default value evaluate result: ""
[2026-07-27 20:59:56Z INFO ActionManifestManagerLegacy] Input 'ssh-strict': default value evaluate result: {
  "type": 0,
  "file": 2,
  "line": 47,
  "col": 14,
  "lit": "true"
}
[2026-07-27 20:59:56Z INFO ActionManifestManagerLegacy] Input 'ssh-user': default value evaluate result: {
  "type": 0,
  "file": 2,
  "line": 51,
  "col": 14,
  "lit": "git"
}
[2026-07-27 20:59:56Z INFO ActionManifestManagerLegacy] Input 'persist-credentials': default value evaluate result: {
  "type": 0,
  "file": 2,
  "line": 54,
  "col": 14,
  "lit": "true"
}
[2026-07-27 20:59:56Z INFO ActionManifestManagerLegacy] Input 'path': default value evaluate result: ""
[2026-07-27 20:59:56Z INFO ActionManifestManagerLegacy] Input 'clean': default value evaluate result: {
  "type": 0,
  "file": 2,
  "line": 59,
  "col": 14,
  "lit": "true"
}
[2026-07-27 20:59:56Z INFO ActionManifestManagerLegacy] Input 'filter': default value evaluate result: {
  "type": 0,
  "file": 2,
  "line": 64,
  "col": 14,
  "lit": ""
}
[2026-07-27 20:59:56Z INFO ActionManifestManagerLegacy] Input 'sparse-checkout': default value evaluate result: {
  "type": 0,
  "file": 2,
  "line": 69,
  "col": 14,
  "lit": ""
}
[2026-07-27 20:59:56Z INFO ActionManifestManagerLegacy] Input 'sparse-checkout-cone-mode': default value evaluate result: {
  "type": 0,
  "file": 2,
  "line": 73,
  "col": 14,
  "lit": "true"
}
[2026-07-27 20:59:56Z INFO ActionManifestManagerLegacy] Input 'fetch-depth': default value evaluate result: {
  "type": 0,
  "file": 2,
  "line": 76,
  "col": 14,
  "lit": "1"
}
[2026-07-27 20:59:56Z INFO ActionManifestManagerLegacy] Input 'fetch-tags': default value evaluate result: {
  "type": 0,
  "file": 2,
  "line": 79,
  "col": 14,
  "lit": "false"
}
[2026-07-27 20:59:56Z INFO ActionManifestManagerLegacy] Input 'show-progress': default value evaluate result: {
  "type": 0,
  "file": 2,
  "line": 82,
  "col": 14,
  "lit": "true"
}
[2026-07-27 20:59:56Z INFO ActionManifestManagerLegacy] Input 'lfs': default value evaluate result: {
  "type": 0,
  "file": 2,
  "line": 85,
  "col": 14,
  "lit": "false"
}
[2026-07-27 20:59:56Z INFO ActionManifestManagerLegacy] Input 'submodules': default value evaluate result: {
  "type": 0,
  "file": 2,
  "line": 94,
  "col": 14,
  "lit": "false"
}
[2026-07-27 20:59:56Z INFO ActionManifestManagerLegacy] Input 'set-safe-directory': default value evaluate result: {
  "type": 0,
  "file": 2,
  "line": 97,
  "col": 14,
  "lit": "true"
}
[2026-07-27 20:59:56Z INFO ActionManifestManagerLegacy] Input 'github-server-url': default value evaluate result: ""
[2026-07-27 20:59:56Z INFO ActionManifestManagerLegacy] Input 'allow-unsafe-pr-checkout': default value evaluate result: {
  "type": 0,
  "file": 2,
  "line": 109,
  "col": 14,
  "lit": "false"
}
[2026-07-27 20:59:56Z INFO ExtensionManager] Getting extensions for interface: 'GitHub.Runner.Worker.IActionCommandExtension'
[2026-07-27 20:59:56Z INFO ExtensionManager] Creating instance: GitHub.Runner.Worker.InternalPluginSetRepoPathCommandExtension, Runner.Worker
[2026-07-27 20:59:56Z INFO ExtensionManager] Creating instance: GitHub.Runner.Worker.SetEnvCommandExtension, Runner.Worker
[2026-07-27 20:59:56Z INFO ExtensionManager] Creating instance: GitHub.Runner.Worker.SetOutputCommandExtension, Runner.Worker
[2026-07-27 20:59:56Z INFO ExtensionManager] Creating instance: GitHub.Runner.Worker.SaveStateCommandExtension, Runner.Worker
[2026-07-27 20:59:56Z INFO ExtensionManager] Creating instance: GitHub.Runner.Worker.AddPathCommandExtension, Runner.Worker
[2026-07-27 20:59:56Z INFO ExtensionManager] Creating instance: GitHub.Runner.Worker.AddMaskCommandExtension, Runner.Worker
[2026-07-27 20:59:56Z INFO ExtensionManager] Creating instance: GitHub.Runner.Worker.AddMatcherCommandExtension, Runner.Worker
[2026-07-27 20:59:56Z INFO ExtensionManager] Creating instance: GitHub.Runner.Worker.RemoveMatcherCommandExtension, Runner.Worker
[2026-07-27 20:59:56Z INFO ExtensionManager] Creating instance: GitHub.Runner.Worker.WarningCommandExtension, Runner.Worker
[2026-07-27 20:59:56Z INFO ExtensionManager] Creating instance: GitHub.Runner.Worker.ErrorCommandExtension, Runner.Worker
[2026-07-27 20:59:56Z INFO ExtensionManager] Creating instance: GitHub.Runner.Worker.NoticeCommandExtension, Runner.Worker
[2026-07-27 20:59:56Z INFO ExtensionManager] Creating instance: GitHub.Runner.Worker.DebugCommandExtension, Runner.Worker
[2026-07-27 20:59:56Z INFO ExtensionManager] Creating instance: GitHub.Runner.Worker.GroupCommandExtension, Runner.Worker
[2026-07-27 20:59:56Z INFO ExtensionManager] Creating instance: GitHub.Runner.Worker.EndGroupCommandExtension, Runner.Worker
[2026-07-27 20:59:56Z INFO ExtensionManager] Creating instance: GitHub.Runner.Worker.EchoCommandExtension, Runner.Worker
[2026-07-27 20:59:56Z INFO ActionCommandManager] Register action command extension for command internal-set-repo-path
[2026-07-27 20:59:56Z INFO ActionCommandManager] Register action command extension for command set-env
[2026-07-27 20:59:56Z INFO ActionCommandManager] Register action command extension for command set-output
[2026-07-27 20:59:56Z INFO ActionCommandManager] Register action command extension for command save-state
[2026-07-27 20:59:56Z INFO ActionCommandManager] Register action command extension for command add-path
[2026-07-27 20:59:56Z INFO ActionCommandManager] Register action command extension for command add-mask
[2026-07-27 20:59:56Z INFO ActionCommandManager] Register action command extension for command add-matcher
[2026-07-27 20:59:56Z INFO ActionCommandManager] Register action command extension for command remove-matcher
[2026-07-27 20:59:56Z INFO ActionCommandManager] Register action command extension for command warning
[2026-07-27 20:59:56Z INFO ActionCommandManager] Register action command extension for command error
[2026-07-27 20:59:56Z INFO ActionCommandManager] Register action command extension for command notice
[2026-07-27 20:59:56Z INFO ActionCommandManager] Register action command extension for command debug
[2026-07-27 20:59:56Z INFO ActionCommandManager] Register action command extension for command group
[2026-07-27 20:59:56Z INFO ActionCommandManager] Register action command extension for command endgroup
[2026-07-27 20:59:56Z INFO ActionCommandManager] Register action command extension for command echo
[2026-07-27 20:59:56Z INFO HostContext] Well known directory 'Bin': 'C:\Users\siva9\appstars-gitops-demo\actions-runner\bin'
[2026-07-27 20:59:56Z INFO HostContext] Well known directory 'Root': 'C:\Users\siva9\appstars-gitops-demo\actions-runner'
[2026-07-27 20:59:56Z INFO HostContext] Well known directory 'Externals': 'C:\Users\siva9\appstars-gitops-demo\actions-runner\externals'
[2026-07-27 20:59:56Z INFO ProcessInvokerWrapper] Starting process:
[2026-07-27 20:59:56Z INFO ProcessInvokerWrapper]   File name: 'C:\Users\siva9\appstars-gitops-demo\actions-runner\externals\node24\bin\node.exe'
[2026-07-27 20:59:56Z INFO ProcessInvokerWrapper]   Arguments: '"C:\Users\siva9\appstars-gitops-demo\actions-runner\_work\_actions\actions\checkout\v4\dist/index.js"'
[2026-07-27 20:59:56Z INFO ProcessInvokerWrapper]   Working directory: 'C:\Users\siva9\appstars-gitops-demo\actions-runner\_work\appstars-gitops-demo\appstars-gitops-demo'
[2026-07-27 20:59:56Z INFO ProcessInvokerWrapper]   Require exit code zero: 'False'
[2026-07-27 20:59:56Z INFO ProcessInvokerWrapper]   Encoding web name: utf-8 ; code page: '65001'
[2026-07-27 20:59:56Z INFO ProcessInvokerWrapper]   Force kill process on cancellation: 'False'
[2026-07-27 20:59:56Z INFO ProcessInvokerWrapper]   Redirected STDIN: 'False'
[2026-07-27 20:59:56Z INFO ProcessInvokerWrapper]   Persist current code page: 'True'
[2026-07-27 20:59:56Z INFO ProcessInvokerWrapper]   Keep redirected STDIN open: 'False'
[2026-07-27 20:59:56Z INFO ProcessInvokerWrapper]   High priority process: 'False'
[2026-07-27 20:59:56Z INFO JobServerQueue] Try to append 1 batches web console lines for record 'a654bc88-d30c-4946-a098-a505c9f801d9', success rate: 1/1.
[2026-07-27 20:59:56Z INFO JobServerQueue] Try to append 1 batches web console lines for record '935d53ca-aee3-457a-b9c2-7268ac886cf7', success rate: 1/1.
[2026-07-27 20:59:56Z INFO ProcessInvokerWrapper] Process started with process id 28560, waiting for process exit.
[2026-07-27 20:59:56Z INFO JobServerQueue] Try to append 1 batches web console lines for record '935d53ca-aee3-457a-b9c2-7268ac886cf7', success rate: 1/1.
[2026-07-27 20:59:56Z ERR  GitHubActionsService] POST request to https://results-receiver.actions.githubusercontent.com/twirp/github.actions.results.api.v1.WorkflowStepUpdateService/WorkflowStepsUpdate failed. HTTP Status: NotFound
[2026-07-27 20:59:56Z INFO JobServerQueue] Catch exception during update steps, skip update Results.
[2026-07-27 20:59:56Z ERR  JobServerQueue] System.Exception: Failed to mark StepsUpdateRequest upload as complete, status code: NotFound, ok: False, timestamp: 2026-07-27T20:59:56.587Z
   at GitHub.Services.Results.Client.ResultsHttpClient.SendRequest[R](Uri uri, CancellationToken cancellationToken, R request, String timestamp)
   at GitHub.Services.Results.Client.ResultsHttpClient.UpdateWorkflowStepsAsync(Guid planId, IEnumerable`1 records, CancellationToken cancellationToken)
   at GitHub.Runner.Common.JobServerQueue.ProcessTimelinesUpdateQueueAsync(Boolean runOnce)
[2026-07-27 20:59:56Z INFO JobServerQueue] Try to append 1 batches web console lines for record '935d53ca-aee3-457a-b9c2-7268ac886cf7', success rate: 1/1.
[2026-07-27 20:59:57Z INFO JobServerQueue] Got a step log file to send to results service.
[2026-07-27 20:59:57Z INFO JobServerQueue] Starting upload of step log file to results service ResultsLog, C:\Users\siva9\appstars-gitops-demo\actions-runner\_diag\blocks\ffb12652-a767-4fec-aff9-cd0736a79e4e_a654bc88-d30c-4946-a098-a505c9f801d9.1
[2026-07-27 20:59:57Z INFO JobServerQueue] Try to upload 1 log files or attachments, success rate: 1/1.
[2026-07-27 20:59:57Z INFO JobServerQueue] Try to append 1 batches web console lines for record '935d53ca-aee3-457a-b9c2-7268ac886cf7', success rate: 1/1.
[2026-07-27 20:59:58Z INFO JobServerQueue] Tried to upload 1 file(s) to results, success rate: 1/1.
[2026-07-27 20:59:58Z INFO JobServerQueue] Try to append 1 batches web console lines for record '935d53ca-aee3-457a-b9c2-7268ac886cf7', success rate: 1/1.
[2026-07-27 20:59:58Z INFO ProcessInvokerWrapper] STDOUT/STDERR stream read finished.
[2026-07-27 20:59:58Z INFO ProcessInvokerWrapper] STDOUT/STDERR stream read finished.
[2026-07-27 20:59:58Z INFO ProcessInvokerWrapper] Finished process 28560 with exit code 0, and elapsed time 00:00:02.3721074.
[2026-07-27 20:59:58Z INFO CreateStepSummaryCommand] Step Summary file (C:\Users\siva9\appstars-gitops-demo\actions-runner\_work\_temp\_runner_file_commands\step_summary_a020d38d-3d28-4955-a54e-080e725860ba) is empty; skipping attachment upload
[2026-07-27 20:59:58Z INFO StepsRunner] Step result: 
[2026-07-27 20:59:58Z INFO ExecutionContext] Publish step telemetry for current step {
  "action": "actions/checkout",
  "ref": "v4",
  "type": "node24",
  "stage": "Main",
  "stepId": "935d53ca-aee3-457a-b9c2-7268ac886cf7",
  "stepContextName": "__actions_checkout",
  "hasPreStep": false,
  "hasPostStep": true,
  "result": "succeeded",
  "errorMessages": [],
  "executionTimeInSeconds": 3,
  "startTime": "2026-07-27T20:59:56.3055324Z",
  "finishTime": "2026-07-27T20:59:58.791245Z"
}.
[2026-07-27 20:59:58Z INFO StepsRunner] No need for updating job result with current step result 'Succeeded'.
[2026-07-27 20:59:58Z INFO StepsRunner] Current state: job state = ''
[2026-07-27 20:59:58Z INFO StepsRunner] Processing step: DisplayName='Synchronize Local Cluster Container Registry Space'
[2026-07-27 20:59:58Z INFO StepsRunner] Evaluating: success()
[2026-07-27 20:59:58Z INFO StepsRunner] Result: true
[2026-07-27 20:59:58Z INFO StepsRunner] Starting the step.
[2026-07-27 20:59:58Z INFO HostContext] Well known directory 'Bin': 'C:\Users\siva9\appstars-gitops-demo\actions-runner\bin'
[2026-07-27 20:59:58Z INFO HostContext] Well known directory 'Root': 'C:\Users\siva9\appstars-gitops-demo\actions-runner'
[2026-07-27 20:59:58Z INFO HostContext] Well known directory 'Work': 'C:\Users\siva9\appstars-gitops-demo\actions-runner\_work'
[2026-07-27 20:59:58Z INFO StepsRunner] Which2: 'chcp'
[2026-07-27 20:59:58Z INFO StepsRunner] Location: 'C:\WINDOWS\system32\chcp.COM'
[2026-07-27 20:59:58Z INFO ProcessInvokerWrapper] Starting process:
[2026-07-27 20:59:58Z INFO ProcessInvokerWrapper]   File name: 'C:\WINDOWS\system32\chcp.COM'
[2026-07-27 20:59:58Z INFO ProcessInvokerWrapper]   Arguments: '65001'
[2026-07-27 20:59:58Z INFO ProcessInvokerWrapper]   Working directory: 'C:\Users\siva9\appstars-gitops-demo\actions-runner\_work'
[2026-07-27 20:59:58Z INFO ProcessInvokerWrapper]   Require exit code zero: 'False'
[2026-07-27 20:59:58Z INFO ProcessInvokerWrapper]   Encoding web name:  ; code page: ''
[2026-07-27 20:59:58Z INFO ProcessInvokerWrapper]   Force kill process on cancellation: 'False'
[2026-07-27 20:59:58Z INFO ProcessInvokerWrapper]   Redirected STDIN: 'False'
[2026-07-27 20:59:58Z INFO ProcessInvokerWrapper]   Persist current code page: 'True'
[2026-07-27 20:59:58Z INFO ProcessInvokerWrapper]   Keep redirected STDIN open: 'False'
[2026-07-27 20:59:58Z INFO ProcessInvokerWrapper]   High priority process: 'False'
[2026-07-27 20:59:58Z INFO ProcessInvokerWrapper] Process started with process id 13868, waiting for process exit.
[2026-07-27 20:59:58Z INFO ProcessInvokerWrapper] STDOUT/STDERR stream read finished.
[2026-07-27 20:59:58Z INFO ProcessInvokerWrapper] STDOUT/STDERR stream read finished.
[2026-07-27 20:59:58Z INFO ProcessInvokerWrapper] Finished process 13868 with exit code 0, and elapsed time 00:00:00.0051940.
[2026-07-27 20:59:58Z INFO StepsRunner] Successfully returned to code page 65001 (UTF8)
[2026-07-27 20:59:58Z INFO HostContext] Well known directory 'Bin': 'C:\Users\siva9\appstars-gitops-demo\actions-runner\bin'
[2026-07-27 20:59:58Z INFO HostContext] Well known directory 'Root': 'C:\Users\siva9\appstars-gitops-demo\actions-runner'
[2026-07-27 20:59:58Z INFO HostContext] Well known directory 'Work': 'C:\Users\siva9\appstars-gitops-demo\actions-runner\_work'
[2026-07-27 20:59:58Z INFO HostContext] Well known directory 'Temp': 'C:\Users\siva9\appstars-gitops-demo\actions-runner\_work\_temp'
[2026-07-27 20:59:58Z INFO ExecutionContext] Write event payload to C:\Users\siva9\appstars-gitops-demo\actions-runner\_work\_temp\_github_workflow\event.json
[2026-07-27 20:59:58Z INFO HostContext] Well known directory 'Bin': 'C:\Users\siva9\appstars-gitops-demo\actions-runner\bin'
[2026-07-27 20:59:58Z INFO HostContext] Well known directory 'Root': 'C:\Users\siva9\appstars-gitops-demo\actions-runner'
[2026-07-27 20:59:58Z INFO HostContext] Well known directory 'Work': 'C:\Users\siva9\appstars-gitops-demo\actions-runner\_work'
[2026-07-27 20:59:58Z INFO HostContext] Well known directory 'Temp': 'C:\Users\siva9\appstars-gitops-demo\actions-runner\_work\_temp'
[2026-07-27 20:59:58Z INFO ExtensionManager] Getting extensions for interface: 'GitHub.Runner.Worker.IFileCommandExtension'
[2026-07-27 20:59:58Z INFO ExtensionManager] Getting extensions for interface: 'GitHub.Runner.Worker.IActionCommandExtension'
[2026-07-27 20:59:58Z INFO ActionCommandManager] Register action command extension for command internal-set-repo-path
[2026-07-27 20:59:58Z INFO ActionCommandManager] Register action command extension for command set-env
[2026-07-27 20:59:58Z INFO ActionCommandManager] Register action command extension for command set-output
[2026-07-27 20:59:58Z INFO ActionCommandManager] Register action command extension for command save-state
[2026-07-27 20:59:58Z INFO ActionCommandManager] Register action command extension for command add-path
[2026-07-27 20:59:58Z INFO ActionCommandManager] Register action command extension for command add-mask
[2026-07-27 20:59:58Z INFO ActionCommandManager] Register action command extension for command add-matcher
[2026-07-27 20:59:58Z INFO ActionCommandManager] Register action command extension for command remove-matcher
[2026-07-27 20:59:58Z INFO ActionCommandManager] Register action command extension for command warning
[2026-07-27 20:59:58Z INFO ActionCommandManager] Register action command extension for command error
[2026-07-27 20:59:58Z INFO ActionCommandManager] Register action command extension for command notice
[2026-07-27 20:59:58Z INFO ActionCommandManager] Register action command extension for command debug
[2026-07-27 20:59:58Z INFO ActionCommandManager] Register action command extension for command group
[2026-07-27 20:59:58Z INFO ActionCommandManager] Register action command extension for command endgroup
[2026-07-27 20:59:58Z INFO ActionCommandManager] Register action command extension for command echo
[2026-07-27 20:59:58Z INFO ScriptHandler] Which2: 'powershell'
[2026-07-27 20:59:58Z INFO ScriptHandler] Location: 'C:\WINDOWS\System32\WindowsPowerShell\v1.0\powershell.EXE'
[2026-07-27 20:59:58Z INFO HostContext] Well known directory 'Bin': 'C:\Users\siva9\appstars-gitops-demo\actions-runner\bin'
[2026-07-27 20:59:58Z INFO HostContext] Well known directory 'Root': 'C:\Users\siva9\appstars-gitops-demo\actions-runner'
[2026-07-27 20:59:58Z INFO HostContext] Well known directory 'Work': 'C:\Users\siva9\appstars-gitops-demo\actions-runner\_work'
[2026-07-27 20:59:58Z INFO HostContext] Well known directory 'Temp': 'C:\Users\siva9\appstars-gitops-demo\actions-runner\_work\_temp'
[2026-07-27 20:59:58Z INFO ScriptHandler] Which2: 'powershell'
[2026-07-27 20:59:58Z INFO ScriptHandler] Location: 'C:\WINDOWS\System32\WindowsPowerShell\v1.0\powershell.EXE'
[2026-07-27 20:59:58Z INFO ProcessInvokerWrapper] Starting process:
[2026-07-27 20:59:58Z INFO ProcessInvokerWrapper]   File name: 'C:\WINDOWS\System32\WindowsPowerShell\v1.0\powershell.EXE'
[2026-07-27 20:59:58Z INFO ProcessInvokerWrapper]   Arguments: '-command ". 'C:\Users\siva9\appstars-gitops-demo\actions-runner\_work\_temp\de7972ca-8a9e-4af2-9f5f-f9fd8397c5a8.ps1'"'
[2026-07-27 20:59:58Z INFO ProcessInvokerWrapper]   Working directory: 'C:\Users\siva9\appstars-gitops-demo\actions-runner\_work\appstars-gitops-demo\appstars-gitops-demo'
[2026-07-27 20:59:58Z INFO ProcessInvokerWrapper]   Require exit code zero: 'False'
[2026-07-27 20:59:58Z INFO ProcessInvokerWrapper]   Encoding web name:  ; code page: ''
[2026-07-27 20:59:58Z INFO ProcessInvokerWrapper]   Force kill process on cancellation: 'False'
[2026-07-27 20:59:58Z INFO ProcessInvokerWrapper]   Redirected STDIN: 'False'
[2026-07-27 20:59:58Z INFO ProcessInvokerWrapper]   Persist current code page: 'True'
[2026-07-27 20:59:58Z INFO ProcessInvokerWrapper]   Keep redirected STDIN open: 'False'
[2026-07-27 20:59:58Z INFO ProcessInvokerWrapper]   High priority process: 'False'
[2026-07-27 20:59:58Z INFO ProcessInvokerWrapper] Process started with process id 26348, waiting for process exit.
[2026-07-27 20:59:59Z INFO JobServerQueue] Try to append 1 batches web console lines for record 'beed29d4-667f-4c24-88be-463f409b695b', success rate: 1/1.
[2026-07-27 20:59:59Z INFO JobServerQueue] Try to upload 1 log files or attachments, success rate: 1/1.
[2026-07-27 20:59:59Z INFO JobServerQueue] Try to append 1 batches web console lines for record 'beed29d4-667f-4c24-88be-463f409b695b', success rate: 1/1.
[2026-07-27 20:59:59Z INFO JobServerQueue] Got a step log file to send to results service.
[2026-07-27 20:59:59Z INFO JobServerQueue] Starting upload of step log file to results service ResultsLog, C:\Users\siva9\appstars-gitops-demo\actions-runner\_diag\blocks\ffb12652-a767-4fec-aff9-cd0736a79e4e_935d53ca-aee3-457a-b9c2-7268ac886cf7.1
[2026-07-27 21:00:00Z INFO JobServerQueue] Try to append 1 batches web console lines for record 'beed29d4-667f-4c24-88be-463f409b695b', success rate: 1/1.
[2026-07-27 21:00:00Z INFO ProcessInvokerWrapper] STDOUT/STDERR stream read finished.
[2026-07-27 21:00:00Z INFO ProcessInvokerWrapper] STDOUT/STDERR stream read finished.
[2026-07-27 21:00:00Z INFO ProcessInvokerWrapper] Finished process 26348 with exit code 1, and elapsed time 00:00:01.3006515.
[2026-07-27 21:00:00Z INFO CreateStepSummaryCommand] Step Summary file (C:\Users\siva9\appstars-gitops-demo\actions-runner\_work\_temp\_runner_file_commands\step_summary_ea7aa5f3-eebf-4542-8a37-1d4cc9c45f99) is empty; skipping attachment upload
[2026-07-27 21:00:00Z INFO StepsRunner] Step result: Failed
[2026-07-27 21:00:00Z INFO ExecutionContext] Publish step telemetry for current step {
  "action": "powershell",
  "type": "run",
  "stage": "Main",
  "stepId": "beed29d4-667f-4c24-88be-463f409b695b",
  "stepContextName": "__run",
  "result": "failed",
  "errorMessages": [
    "Process completed with exit code 1."
  ],
  "executionTimeInSeconds": 2,
  "startTime": "2026-07-27T20:59:58.7922764Z",
  "finishTime": "2026-07-27T21:00:00.1208102Z"
}.
[2026-07-27 21:00:00Z INFO StepsRunner] Update job result with current step result 'Failed'.
[2026-07-27 21:00:00Z INFO StepsRunner] Current state: job state = 'Failed'
[2026-07-27 21:00:00Z INFO StepsRunner] Processing step: DisplayName='Perform Package Optimization and GitOps Deployment'
[2026-07-27 21:00:00Z INFO StepsRunner] Evaluating: success()
[2026-07-27 21:00:00Z INFO StepsRunner] Result: false
[2026-07-27 21:00:00Z INFO StepsRunner] Skipping step due to condition evaluation.
[2026-07-27 21:00:00Z INFO StepsRunner] No need for updating job result with current step result 'Skipped'.
[2026-07-27 21:00:00Z INFO StepsRunner] Current state: job state = 'Failed'
[2026-07-27 21:00:00Z INFO StepsRunner] Processing step: DisplayName='Verify Cluster State Rollout Stability'
[2026-07-27 21:00:00Z INFO StepsRunner] Evaluating: success()
[2026-07-27 21:00:00Z INFO StepsRunner] Result: false
[2026-07-27 21:00:00Z INFO StepsRunner] Skipping step due to condition evaluation.
[2026-07-27 21:00:00Z INFO StepsRunner] No need for updating job result with current step result 'Skipped'.
[2026-07-27 21:00:00Z INFO StepsRunner] Current state: job state = 'Failed'
[2026-07-27 21:00:00Z INFO StepsRunner] Processing step: DisplayName='Post Checkout Source Code'
[2026-07-27 21:00:00Z INFO StepsRunner] Evaluating: always()
[2026-07-27 21:00:00Z INFO StepsRunner] Result: true
[2026-07-27 21:00:00Z INFO StepsRunner] Starting the step.
[2026-07-27 21:00:00Z INFO HostContext] Well known directory 'Bin': 'C:\Users\siva9\appstars-gitops-demo\actions-runner\bin'
[2026-07-27 21:00:00Z INFO HostContext] Well known directory 'Root': 'C:\Users\siva9\appstars-gitops-demo\actions-runner'
[2026-07-27 21:00:00Z INFO HostContext] Well known directory 'Work': 'C:\Users\siva9\appstars-gitops-demo\actions-runner\_work'
[2026-07-27 21:00:00Z INFO StepsRunner] Which2: 'chcp'
[2026-07-27 21:00:00Z INFO StepsRunner] Location: 'C:\WINDOWS\system32\chcp.COM'
[2026-07-27 21:00:00Z INFO ProcessInvokerWrapper] Starting process:
[2026-07-27 21:00:00Z INFO ProcessInvokerWrapper]   File name: 'C:\WINDOWS\system32\chcp.COM'
[2026-07-27 21:00:00Z INFO ProcessInvokerWrapper]   Arguments: '65001'
[2026-07-27 21:00:00Z INFO ProcessInvokerWrapper]   Working directory: 'C:\Users\siva9\appstars-gitops-demo\actions-runner\_work'
[2026-07-27 21:00:00Z INFO ProcessInvokerWrapper]   Require exit code zero: 'False'
[2026-07-27 21:00:00Z INFO ProcessInvokerWrapper]   Encoding web name:  ; code page: ''
[2026-07-27 21:00:00Z INFO ProcessInvokerWrapper]   Force kill process on cancellation: 'False'
[2026-07-27 21:00:00Z INFO ProcessInvokerWrapper]   Redirected STDIN: 'False'
[2026-07-27 21:00:00Z INFO ProcessInvokerWrapper]   Persist current code page: 'True'
[2026-07-27 21:00:00Z INFO ProcessInvokerWrapper]   Keep redirected STDIN open: 'False'
[2026-07-27 21:00:00Z INFO ProcessInvokerWrapper]   High priority process: 'False'
[2026-07-27 21:00:00Z INFO ProcessInvokerWrapper] Process started with process id 28196, waiting for process exit.
[2026-07-27 21:00:00Z INFO ProcessInvokerWrapper] STDOUT/STDERR stream read finished.
[2026-07-27 21:00:00Z INFO ProcessInvokerWrapper] STDOUT/STDERR stream read finished.
[2026-07-27 21:00:00Z INFO ProcessInvokerWrapper] Finished process 28196 with exit code 0, and elapsed time 00:00:00.0049335.
[2026-07-27 21:00:00Z INFO StepsRunner] Successfully returned to code page 65001 (UTF8)
[2026-07-27 21:00:00Z INFO HostContext] Well known directory 'Bin': 'C:\Users\siva9\appstars-gitops-demo\actions-runner\bin'
[2026-07-27 21:00:00Z INFO HostContext] Well known directory 'Root': 'C:\Users\siva9\appstars-gitops-demo\actions-runner'
[2026-07-27 21:00:00Z INFO HostContext] Well known directory 'Work': 'C:\Users\siva9\appstars-gitops-demo\actions-runner\_work'
[2026-07-27 21:00:00Z INFO HostContext] Well known directory 'Actions': 'C:\Users\siva9\appstars-gitops-demo\actions-runner\_work\_actions'
[2026-07-27 21:00:00Z INFO ActionManager] Load action that reference repository from 'C:\Users\siva9\appstars-gitops-demo\actions-runner\_work\_actions\actions\checkout\v4'
[2026-07-27 21:00:00Z INFO HostContext] Well known directory 'Bin': 'C:\Users\siva9\appstars-gitops-demo\actions-runner\bin'
[2026-07-27 21:00:00Z INFO HostContext] Well known directory 'Root': 'C:\Users\siva9\appstars-gitops-demo\actions-runner'
[2026-07-27 21:00:00Z INFO HostContext] Well known directory 'Work': 'C:\Users\siva9\appstars-gitops-demo\actions-runner\_work'
[2026-07-27 21:00:00Z INFO HostContext] Well known directory 'Actions': 'C:\Users\siva9\appstars-gitops-demo\actions-runner\_work\_actions'
[2026-07-27 21:00:00Z INFO ActionManifestManagerLegacy] Loaded action.yml file: {
  "name": "Checkout",
  "description": "Checkout a Git repository at a particular version",
  "inputs": {
    "type": 2,
    "map": [
      {
        "key": {
          "type": 0,
          "file": 2,
          "line": 4,
          "col": 3,
          "lit": "repository"
        },
        "value": {
          "type": 3,
          "file": 2,
          "line": 6,
          "col": 14,
          "expr": "github.repository"
        }
      },
      {
        "key": {
          "type": 0,
          "file": 2,
          "line": 7,
          "col": 3,
          "lit": "ref"
        },
        "value": ""
      },
      {
        "key": {
          "type": 0,
          "file": 2,
          "line": 12,
          "col": 3,
          "lit": "token"
        },
        "value": {
          "type": 3,
          "file": 2,
          "line": 24,
          "col": 14,
          "expr": "github.token"
        }
      },
      {
        "key": {
          "type": 0,
          "file": 2,
          "line": 25,
          "col": 3,
          "lit": "ssh-key"
        },
        "value": ""
      },
      {
        "key": {
          "type": 0,
          "file": 2,
          "line": 37,
          "col": 3,
          "lit": "ssh-known-hosts"
        },
        "value": ""
      },
      {
        "key": {
          "type": 0,
          "file": 2,
          "line": 42,
          "col": 3,
          "lit": "ssh-strict"
        },
        "value": {
          "type": 0,
          "file": 2,
          "line": 47,
          "col": 14,
          "lit": "true"
        }
      },
      {
        "key": {
          "type": 0,
          "file": 2,
          "line": 48,
          "col": 3,
          "lit": "ssh-user"
        },
        "value": {
          "type": 0,
          "file": 2,
          "line": 51,
          "col": 14,
          "lit": "git"
        }
      },
      {
        "key": {
          "type": 0,
          "file": 2,
          "line": 52,
          "col": 3,
          "lit": "persist-credentials"
        },
        "value": {
          "type": 0,
          "file": 2,
          "line": 54,
          "col": 14,
          "lit": "true"
        }
      },
      {
        "key": {
          "type": 0,
          "file": 2,
          "line": 55,
          "col": 3,
          "lit": "path"
        },
        "value": ""
      },
      {
        "key": {
          "type": 0,
          "file": 2,
          "line": 57,
          "col": 3,
          "lit": "clean"
        },
        "value": {
          "type": 0,
          "file": 2,
          "line": 59,
          "col": 14,
          "lit": "true"
        }
      },
      {
        "key": {
          "type": 0,
          "file": 2,
          "line": 60,
          "col": 3,
          "lit": "filter"
        },
        "value": {
          "type": 0,
          "file": 2,
          "line": 64,
          "col": 14,
          "lit": ""
        }
      },
      {
        "key": {
          "type": 0,
          "file": 2,
          "line": 65,
          "col": 3,
          "lit": "sparse-checkout"
        },
        "value": {
          "type": 0,
          "file": 2,
          "line": 69,
          "col": 14,
          "lit": ""
        }
      },
      {
        "key": {
          "type": 0,
          "file": 2,
          "line": 70,
          "col": 3,
          "lit": "sparse-checkout-cone-mode"
        },
        "value": {
          "type": 0,
          "file": 2,
          "line": 73,
          "col": 14,
          "lit": "true"
        }
      },
      {
        "key": {
          "type": 0,
          "file": 2,
          "line": 74,
          "col": 3,
          "lit": "fetch-depth"
        },
        "value": {
          "type": 0,
          "file": 2,
          "line": 76,
          "col": 14,
          "lit": "1"
        }
      },
      {
        "key": {
          "type": 0,
          "file": 2,
          "line": 77,
          "col": 3,
          "lit": "fetch-tags"
        },
        "value": {
          "type": 0,
          "file": 2,
          "line": 79,
          "col": 14,
          "lit": "false"
        }
      },
      {
        "key": {
          "type": 0,
          "file": 2,
          "line": 80,
          "col": 3,
          "lit": "show-progress"
        },
        "value": {
          "type": 0,
          "file": 2,
          "line": 82,
          "col": 14,
          "lit": "true"
        }
      },
      {
        "key": {
          "type": 0,
          "file": 2,
          "line": 83,
          "col": 3,
          "lit": "lfs"
        },
        "value": {
          "type": 0,
          "file": 2,
          "line": 85,
          "col": 14,
          "lit": "false"
        }
      },
      {
        "key": {
          "type": 0,
          "file": 2,
          "line": 86,
          "col": 3,
          "lit": "submodules"
        },
        "value": {
          "type": 0,
          "file": 2,
          "line": 94,
          "col": 14,
          "lit": "false"
        }
      },
      {
        "key": {
          "type": 0,
          "file": 2,
          "line": 95,
          "col": 3,
          "lit": "set-safe-directory"
        },
        "value": {
          "type": 0,
          "file": 2,
          "line": 97,
          "col": 14,
          "lit": "true"
        }
      },
      {
        "key": {
          "type": 0,
          "file": 2,
          "line": 98,
          "col": 3,
          "lit": "github-server-url"
        },
        "value": ""
      },
      {
        "key": {
          "type": 0,
          "file": 2,
          "line": 101,
          "col": 3,
          "lit": "allow-unsafe-pr-checkout"
        },
        "value": {
          "type": 0,
          "file": 2,
          "line": 109,
          "col": 14,
          "lit": "false"
        }
      }
    ]
  },
  "execution": {
    "executionType": "nodeJS",
    "hasPre": false,
    "hasPost": true,
    "script": "dist/index.js",
    "pre": null,
    "post": "dist/index.js",
    "nodeVersion": "node20",
    "cleanupCondition": "always()",
    "initCondition": "always()"
  },
  "deprecated": null
}
[2026-07-27 21:00:00Z INFO ActionManager] Action pre node.js file: N/A.
[2026-07-27 21:00:00Z INFO ActionManager] Action node.js file: dist/index.js.
[2026-07-27 21:00:00Z INFO ActionManager] Action post node.js file: dist/index.js.
[2026-07-27 21:00:00Z INFO HostContext] Well known directory 'Bin': 'C:\Users\siva9\appstars-gitops-demo\actions-runner\bin'
[2026-07-27 21:00:00Z INFO HostContext] Well known directory 'Root': 'C:\Users\siva9\appstars-gitops-demo\actions-runner'
[2026-07-27 21:00:00Z INFO HostContext] Well known directory 'Work': 'C:\Users\siva9\appstars-gitops-demo\actions-runner\_work'
[2026-07-27 21:00:00Z INFO HostContext] Well known directory 'Temp': 'C:\Users\siva9\appstars-gitops-demo\actions-runner\_work\_temp'
[2026-07-27 21:00:00Z INFO ExecutionContext] Write event payload to C:\Users\siva9\appstars-gitops-demo\actions-runner\_work\_temp\_github_workflow\event.json
[2026-07-27 21:00:00Z INFO HostContext] Well known directory 'Bin': 'C:\Users\siva9\appstars-gitops-demo\actions-runner\bin'
[2026-07-27 21:00:00Z INFO HostContext] Well known directory 'Root': 'C:\Users\siva9\appstars-gitops-demo\actions-runner'
[2026-07-27 21:00:00Z INFO HostContext] Well known directory 'Work': 'C:\Users\siva9\appstars-gitops-demo\actions-runner\_work'
[2026-07-27 21:00:00Z INFO HostContext] Well known directory 'Temp': 'C:\Users\siva9\appstars-gitops-demo\actions-runner\_work\_temp'
[2026-07-27 21:00:00Z INFO ExtensionManager] Getting extensions for interface: 'GitHub.Runner.Worker.IFileCommandExtension'
[2026-07-27 21:00:00Z INFO ActionManifestManagerLegacy] Input 'repository': default value evaluate result: {
  "type": 0,
  "file": 2,
  "line": 6,
  "col": 14,
  "lit": "SivaShankarRajendran16/appstars-gitops-demo"
}
[2026-07-27 21:00:00Z INFO ActionManifestManagerLegacy] Input 'ref': default value evaluate result: ""
[2026-07-27 21:00:00Z INFO ActionManifestManagerLegacy] Input 'token': default value evaluate result: {
  "type": 0,
  "file": 2,
  "line": 24,
  "col": 14,
  "lit": "***"
}
[2026-07-27 21:00:00Z INFO ActionManifestManagerLegacy] Input 'ssh-key': default value evaluate result: ""
[2026-07-27 21:00:00Z INFO ActionManifestManagerLegacy] Input 'ssh-known-hosts': default value evaluate result: ""
[2026-07-27 21:00:00Z INFO ActionManifestManagerLegacy] Input 'ssh-strict': default value evaluate result: {
  "type": 0,
  "file": 2,
  "line": 47,
  "col": 14,
  "lit": "true"
}
[2026-07-27 21:00:00Z INFO ActionManifestManagerLegacy] Input 'ssh-user': default value evaluate result: {
  "type": 0,
  "file": 2,
  "line": 51,
  "col": 14,
  "lit": "git"
}
[2026-07-27 21:00:00Z INFO ActionManifestManagerLegacy] Input 'persist-credentials': default value evaluate result: {
  "type": 0,
  "file": 2,
  "line": 54,
  "col": 14,
  "lit": "true"
}
[2026-07-27 21:00:00Z INFO ActionManifestManagerLegacy] Input 'path': default value evaluate result: ""
[2026-07-27 21:00:00Z INFO ActionManifestManagerLegacy] Input 'clean': default value evaluate result: {
  "type": 0,
  "file": 2,
  "line": 59,
  "col": 14,
  "lit": "true"
}
[2026-07-27 21:00:00Z INFO ActionManifestManagerLegacy] Input 'filter': default value evaluate result: {
  "type": 0,
  "file": 2,
  "line": 64,
  "col": 14,
  "lit": ""
}
[2026-07-27 21:00:00Z INFO ActionManifestManagerLegacy] Input 'sparse-checkout': default value evaluate result: {
  "type": 0,
  "file": 2,
  "line": 69,
  "col": 14,
  "lit": ""
}
[2026-07-27 21:00:00Z INFO ActionManifestManagerLegacy] Input 'sparse-checkout-cone-mode': default value evaluate result: {
  "type": 0,
  "file": 2,
  "line": 73,
  "col": 14,
  "lit": "true"
}
[2026-07-27 21:00:00Z INFO ActionManifestManagerLegacy] Input 'fetch-depth': default value evaluate result: {
  "type": 0,
  "file": 2,
  "line": 76,
  "col": 14,
  "lit": "1"
}
[2026-07-27 21:00:00Z INFO ActionManifestManagerLegacy] Input 'fetch-tags': default value evaluate result: {
  "type": 0,
  "file": 2,
  "line": 79,
  "col": 14,
  "lit": "false"
}
[2026-07-27 21:00:00Z INFO ActionManifestManagerLegacy] Input 'show-progress': default value evaluate result: {
  "type": 0,
  "file": 2,
  "line": 82,
  "col": 14,
  "lit": "true"
}
[2026-07-27 21:00:00Z INFO ActionManifestManagerLegacy] Input 'lfs': default value evaluate result: {
  "type": 0,
  "file": 2,
  "line": 85,
  "col": 14,
  "lit": "false"
}
[2026-07-27 21:00:00Z INFO ActionManifestManagerLegacy] Input 'submodules': default value evaluate result: {
  "type": 0,
  "file": 2,
  "line": 94,
  "col": 14,
  "lit": "false"
}
[2026-07-27 21:00:00Z INFO ActionManifestManagerLegacy] Input 'set-safe-directory': default value evaluate result: {
  "type": 0,
  "file": 2,
  "line": 97,
  "col": 14,
  "lit": "true"
}
[2026-07-27 21:00:00Z INFO ActionManifestManagerLegacy] Input 'github-server-url': default value evaluate result: ""
[2026-07-27 21:00:00Z INFO ActionManifestManagerLegacy] Input 'allow-unsafe-pr-checkout': default value evaluate result: {
  "type": 0,
  "file": 2,
  "line": 109,
  "col": 14,
  "lit": "false"
}
[2026-07-27 21:00:00Z INFO ExtensionManager] Getting extensions for interface: 'GitHub.Runner.Worker.IActionCommandExtension'
[2026-07-27 21:00:00Z INFO ActionCommandManager] Register action command extension for command internal-set-repo-path
[2026-07-27 21:00:00Z INFO ActionCommandManager] Register action command extension for command set-env
[2026-07-27 21:00:00Z INFO ActionCommandManager] Register action command extension for command set-output
[2026-07-27 21:00:00Z INFO ActionCommandManager] Register action command extension for command save-state
[2026-07-27 21:00:00Z INFO ActionCommandManager] Register action command extension for command add-path
[2026-07-27 21:00:00Z INFO ActionCommandManager] Register action command extension for command add-mask
[2026-07-27 21:00:00Z INFO ActionCommandManager] Register action command extension for command add-matcher
[2026-07-27 21:00:00Z INFO ActionCommandManager] Register action command extension for command remove-matcher
[2026-07-27 21:00:00Z INFO ActionCommandManager] Register action command extension for command warning
[2026-07-27 21:00:00Z INFO ActionCommandManager] Register action command extension for command error
[2026-07-27 21:00:00Z INFO ActionCommandManager] Register action command extension for command notice
[2026-07-27 21:00:00Z INFO ActionCommandManager] Register action command extension for command debug
[2026-07-27 21:00:00Z INFO ActionCommandManager] Register action command extension for command group
[2026-07-27 21:00:00Z INFO ActionCommandManager] Register action command extension for command endgroup
[2026-07-27 21:00:00Z INFO ActionCommandManager] Register action command extension for command echo
[2026-07-27 21:00:00Z INFO HostContext] Well known directory 'Bin': 'C:\Users\siva9\appstars-gitops-demo\actions-runner\bin'
[2026-07-27 21:00:00Z INFO HostContext] Well known directory 'Root': 'C:\Users\siva9\appstars-gitops-demo\actions-runner'
[2026-07-27 21:00:00Z INFO HostContext] Well known directory 'Externals': 'C:\Users\siva9\appstars-gitops-demo\actions-runner\externals'
[2026-07-27 21:00:00Z INFO ProcessInvokerWrapper] Starting process:
[2026-07-27 21:00:00Z INFO ProcessInvokerWrapper]   File name: 'C:\Users\siva9\appstars-gitops-demo\actions-runner\externals\node24\bin\node.exe'
[2026-07-27 21:00:00Z INFO ProcessInvokerWrapper]   Arguments: '"C:\Users\siva9\appstars-gitops-demo\actions-runner\_work\_actions\actions\checkout\v4\dist/index.js"'
[2026-07-27 21:00:00Z INFO ProcessInvokerWrapper]   Working directory: 'C:\Users\siva9\appstars-gitops-demo\actions-runner\_work\appstars-gitops-demo\appstars-gitops-demo'
[2026-07-27 21:00:00Z INFO ProcessInvokerWrapper]   Require exit code zero: 'False'
[2026-07-27 21:00:00Z INFO ProcessInvokerWrapper]   Encoding web name: utf-8 ; code page: '65001'
[2026-07-27 21:00:00Z INFO ProcessInvokerWrapper]   Force kill process on cancellation: 'False'
[2026-07-27 21:00:00Z INFO ProcessInvokerWrapper]   Redirected STDIN: 'False'
[2026-07-27 21:00:00Z INFO ProcessInvokerWrapper]   Persist current code page: 'True'
[2026-07-27 21:00:00Z INFO ProcessInvokerWrapper]   Keep redirected STDIN open: 'False'
[2026-07-27 21:00:00Z INFO ProcessInvokerWrapper]   High priority process: 'False'
[2026-07-27 21:00:00Z INFO ProcessInvokerWrapper] Process started with process id 3868, waiting for process exit.
[2026-07-27 21:00:00Z INFO ProcessInvokerWrapper] STDOUT/STDERR stream read finished.
[2026-07-27 21:00:00Z INFO ProcessInvokerWrapper] STDOUT/STDERR stream read finished.
[2026-07-27 21:00:00Z INFO ProcessInvokerWrapper] Finished process 3868 with exit code 0, and elapsed time 00:00:00.0931473.
[2026-07-27 21:00:00Z INFO CreateStepSummaryCommand] Step Summary file (C:\Users\siva9\appstars-gitops-demo\actions-runner\_work\_temp\_runner_file_commands\step_summary_63a0df86-bf4e-4c27-a118-5906b5b7f351) is empty; skipping attachment upload
[2026-07-27 21:00:00Z INFO StepsRunner] Step result: 
[2026-07-27 21:00:00Z INFO ExecutionContext] Publish step telemetry for current step {
  "action": "actions/checkout",
  "ref": "v4",
  "type": "node24",
  "stage": "Post",
  "stepId": "d1446e57-630e-45f4-9bfb-0858372f530c",
  "result": "succeeded",
  "errorMessages": [],
  "executionTimeInSeconds": 1,
  "startTime": "2026-07-27T21:00:00.1243643Z",
  "finishTime": "2026-07-27T21:00:00.2366207Z"
}.
[2026-07-27 21:00:00Z INFO StepsRunner] No need for updating job result with current step result 'Succeeded'.
[2026-07-27 21:00:00Z INFO StepsRunner] Current state: job state = 'Failed'
[2026-07-27 21:00:00Z INFO JobRunner] Finalize job.
[2026-07-27 21:00:00Z INFO HostContext] Well known directory 'Bin': 'C:\Users\siva9\appstars-gitops-demo\actions-runner\bin'
[2026-07-27 21:00:00Z INFO HostContext] Well known directory 'Root': 'C:\Users\siva9\appstars-gitops-demo\actions-runner'
[2026-07-27 21:00:00Z INFO HostContext] Well known directory 'Diag': 'C:\Users\siva9\appstars-gitops-demo\actions-runner\_diag'
[2026-07-27 21:00:00Z INFO HostContext] Well known directory 'Bin': 'C:\Users\siva9\appstars-gitops-demo\actions-runner\bin'
[2026-07-27 21:00:00Z INFO HostContext] Well known directory 'Root': 'C:\Users\siva9\appstars-gitops-demo\actions-runner'
[2026-07-27 21:00:00Z INFO HostContext] Well known directory 'Diag': 'C:\Users\siva9\appstars-gitops-demo\actions-runner\_diag'
[2026-07-27 21:00:00Z INFO JobExtension] Initialize Env context
[2026-07-27 21:00:00Z INFO JobExtension] Initialize steps context
[2026-07-27 21:00:00Z INFO JobExtension] Total accessible running process: 293.
[2026-07-27 21:00:00Z INFO JobExtension] Inspecting process environment variables. PID: 27164 (SearchProtocolHost)
[2026-07-27 21:00:00Z WARN JobExtension] Ignore exception during read process environment variables: Access is denied.
[2026-07-27 21:00:00Z INFO JobExtension] Inspecting process environment variables. PID: 1012 (SearchFilterHost)
[2026-07-27 21:00:00Z WARN JobExtension] Ignore exception during read process environment variables: Access is denied.
[2026-07-27 21:00:00Z INFO JobExtension] Wait for all connectivity checks to finish.
[2026-07-27 21:00:00Z INFO JobExtension] Connectivity check result: {
  "endpointUrl": "https://broker.actions.githubusercontent.com/health",
  "endpointIPs": null,
  "startTime": "2026-07-27T20:59:56.2750915Z",
  "statusCode": "http_OK",
  "requestId": "1BBD:1C05DB:7086B18:71263FD:6A67C6CD",
  "httpRequestDurationInMs": 929,
  "dnsResolutionDurationInMs": 0,
  "dnsError": null
}
[2026-07-27 21:00:00Z INFO JobExtension] Connectivity check result: {
  "endpointUrl": "https://token.actions.githubusercontent.com/ready",
  "endpointIPs": null,
  "startTime": "2026-07-27T20:59:56.2758935Z",
  "statusCode": "http_NoContent",
  "requestId": "1BBE:357481:1459CF2:16DCAC5:6A67C6CD",
  "httpRequestDurationInMs": 996,
  "dnsResolutionDurationInMs": 0,
  "dnsError": null
}
[2026-07-27 21:00:00Z INFO JobExtension] Connectivity check result: {
  "endpointUrl": "https://run.actions.githubusercontent.com/health",
  "endpointIPs": null,
  "startTime": "2026-07-27T20:59:56.2760489Z",
  "statusCode": "http_OK",
  "requestId": "1BBF:194944:6FC7114:706520C:6A67C6CD",
  "httpRequestDurationInMs": 875,
  "dnsResolutionDurationInMs": 0,
  "dnsError": null
}
[2026-07-27 21:00:00Z INFO JobExtension] Wait for all connectivity and DNS checks to finish.
[2026-07-27 21:00:00Z INFO JobExtension] Connectivity and DNS check result: {
  "endpointUrl": "https://github.com/_dns",
  "endpointIPs": [
    "20.207.73.82"
  ],
  "startTime": "2026-07-27T20:59:56.2762733Z",
  "statusCode": "http_OK",
  "requestId": null,
  "httpRequestDurationInMs": 95,
  "dnsResolutionDurationInMs": 0,
  "dnsError": null
}
[2026-07-27 21:00:00Z INFO JobExtension] Connectivity and DNS check result: {
  "endpointUrl": "https://api.github.com/_dns",
  "endpointIPs": [
    "20.207.73.85"
  ],
  "startTime": "2026-07-27T20:59:56.2763903Z",
  "statusCode": "http_OK",
  "requestId": null,
  "httpRequestDurationInMs": 90,
  "dnsResolutionDurationInMs": 6,
  "dnsError": null
}
[2026-07-27 21:00:00Z INFO JobExtension] Connectivity and DNS check result: {
  "endpointUrl": "https://codeload.github.com/_dns",
  "endpointIPs": [
    "20.207.73.88"
  ],
  "startTime": "2026-07-27T20:59:56.2764698Z",
  "statusCode": "http_OK",
  "requestId": "1BBC:264B5F:3D91A:2F79C1:6A67C6CC",
  "httpRequestDurationInMs": 314,
  "dnsResolutionDurationInMs": 0,
  "dnsError": null
}
[2026-07-27 21:00:00Z INFO JobExtension] Connectivity and DNS check result: {
  "endpointUrl": "https://pkg.github.com/_dns",
  "endpointIPs": [
    "20.207.73.86"
  ],
  "startTime": "2026-07-27T20:59:56.2765792Z",
  "statusCode": "http_OK",
  "requestId": "1BC1:A21CB:169E23:40E929:6A67C6CC",
  "httpRequestDurationInMs": 295,
  "dnsResolutionDurationInMs": 7,
  "dnsError": null
}
[2026-07-27 21:00:00Z INFO JobExtension] Connectivity and DNS check result: {
  "endpointUrl": "https://copilot-proxy.githubusercontent.com/_dns",
  "endpointIPs": [
    "52.175.140.176"
  ],
  "startTime": "2026-07-27T20:59:56.2767272Z",
  "statusCode": "http_OK",
  "requestId": null,
  "httpRequestDurationInMs": 429,
  "dnsResolutionDurationInMs": 22,
  "dnsError": null
}
[2026-07-27 21:00:00Z INFO JobExtension] Connectivity and DNS check result: {
  "endpointUrl": "http://ssh.github.com/_dns",
  "endpointIPs": [
    "20.207.73.83"
  ],
  "startTime": "2026-07-27T20:59:56.2768263Z",
  "statusCode": "http_OK",
  "requestId": null,
  "httpRequestDurationInMs": 68,
  "dnsResolutionDurationInMs": 8,
  "dnsError": null
}
[2026-07-27 21:00:00Z INFO ExecutionContext] Publish step telemetry for current step {
  "action": "complete_job",
  "type": "runner",
  "stage": "Post",
  "stepId": "5f0bfa6f-a052-4dcd-b0a4-a64798cd92e7",
  "result": "succeeded",
  "errorMessages": [
    "Node.js 20 is deprecated. The following actions target Node.js 20 but are being forced to run on Node.js 24: actions/checkout@v4. For more information see: https://github.blog/changelog/2025-09-19-deprecation-of-node-20-on-github-actions-runners/"
  ],
  "executionTimeInSeconds": 1,
  "startTime": "2026-07-27T21:00:00.2420825Z",
  "finishTime": "2026-07-27T21:00:00.2685908Z"
}.
[2026-07-27 21:00:00Z INFO JobRunner] Job result after all job steps finish: Failed
[2026-07-27 21:00:00Z INFO JobRunner] Completing the job execution context.
[2026-07-27 21:00:00Z INFO JobRunner] Shutting down the job server queue.
[2026-07-27 21:00:00Z INFO JobServerQueue] Fire signal to shutdown all queues.
[2026-07-27 21:00:00Z INFO JobServerQueue] Tried to upload 1 file(s) to results, success rate: 1/1.
[2026-07-27 21:00:01Z INFO JobServerQueue] All queue process task stopped.
[2026-07-27 21:00:01Z INFO JobServerQueue] Try to append 1 batches web console lines for record 'beed29d4-667f-4c24-88be-463f409b695b', success rate: 1/1.
[2026-07-27 21:00:01Z INFO JobServerQueue] Try to append 1 batches web console lines for record 'd1446e57-630e-45f4-9bfb-0858372f530c', success rate: 1/1.
[2026-07-27 21:00:01Z INFO JobServerQueue] Try to append 1 batches web console lines for record '5f0bfa6f-a052-4dcd-b0a4-a64798cd92e7', success rate: 1/1.
[2026-07-27 21:00:01Z INFO JobServerQueue] Web console line queue drained.
[2026-07-27 21:00:01Z INFO JobServerQueue] Uploading 4 files in one shot.
[2026-07-27 21:00:01Z INFO JobServerQueue] Try to upload 4 log files or attachments, success rate: 4/4.
[2026-07-27 21:00:01Z INFO JobServerQueue] File upload queue drained.
[2026-07-27 21:00:01Z INFO JobServerQueue] Starting results-based upload queue...
[2026-07-27 21:00:01Z INFO JobServerQueue] Uploading 4 file(s) in one shot through results service.
[2026-07-27 21:00:01Z INFO JobServerQueue] Got a step log file to send to results service.
[2026-07-27 21:00:01Z INFO JobServerQueue] Starting upload of step log file to results service ResultsLog, C:\Users\siva9\appstars-gitops-demo\actions-runner\_diag\blocks\ffb12652-a767-4fec-aff9-cd0736a79e4e_beed29d4-667f-4c24-88be-463f409b695b.1
[2026-07-27 21:00:02Z INFO JobServerQueue] Got a step log file to send to results service.
[2026-07-27 21:00:02Z INFO JobServerQueue] Starting upload of step log file to results service ResultsLog, C:\Users\siva9\appstars-gitops-demo\actions-runner\_diag\blocks\ffb12652-a767-4fec-aff9-cd0736a79e4e_d1446e57-630e-45f4-9bfb-0858372f530c.1
[2026-07-27 21:00:03Z INFO JobServerQueue] Got a step log file to send to results service.
[2026-07-27 21:00:03Z INFO JobServerQueue] Starting upload of step log file to results service ResultsLog, C:\Users\siva9\appstars-gitops-demo\actions-runner\_diag\blocks\ffb12652-a767-4fec-aff9-cd0736a79e4e_5f0bfa6f-a052-4dcd-b0a4-a64798cd92e7.1
[2026-07-27 21:00:04Z INFO JobServerQueue] Got a job log file to send to results service.
[2026-07-27 21:00:04Z INFO JobServerQueue] Starting upload of job log file to results service ResultsLog, C:\Users\siva9\appstars-gitops-demo\actions-runner\_diag\blocks\ffb12652-a767-4fec-aff9-cd0736a79e4e_fd18b5ab-f222-5784-a503-9a59f160f68d.1
[2026-07-27 21:00:05Z INFO JobServerQueue] Tried to upload 4 file(s) to results, success rate: 4/4.
[2026-07-27 21:00:05Z INFO JobServerQueue] Results upload queue drained.
[2026-07-27 21:00:05Z INFO JobServerQueue] Timeline update queue drained.
[2026-07-27 21:00:05Z INFO JobServerQueue] Disposing job server ...
[2026-07-27 21:00:05Z INFO JobServerQueue] Disposing results server ...
[2026-07-27 21:00:05Z INFO JobServerQueue] All queue process tasks have been stopped, and all queues are drained.
[2026-07-27 21:00:05Z INFO TempDirectoryManager] Cleaning runner temp folder: C:\Users\siva9\appstars-gitops-demo\actions-runner\_work\_temp
[2026-07-27 21:00:05Z INFO HostContext] Well known directory 'Bin': 'C:\Users\siva9\appstars-gitops-demo\actions-runner\bin'
[2026-07-27 21:00:05Z INFO HostContext] Well known directory 'Root': 'C:\Users\siva9\appstars-gitops-demo\actions-runner'
[2026-07-27 21:00:05Z INFO HostContext] Well known directory 'Diag': 'C:\Users\siva9\appstars-gitops-demo\actions-runner\_diag'
[2026-07-27 21:00:05Z INFO HostContext] Well known config file 'Telemetry': 'C:\Users\siva9\appstars-gitops-demo\actions-runner\_diag\.telemetry'
[2026-07-27 21:00:05Z INFO JobRunner] Raising job completed against run service
[2026-07-27 21:00:06Z INFO Worker] Job completed.
