[2026-07-27 21:03:16Z INFO HostContext] No proxy settings were found based on environmental variables (http_proxy/https_proxy/HTTP_PROXY/HTTPS_PROXY)
[2026-07-27 21:03:16Z INFO HostContext] Well known directory 'Bin': 'C:\Users\siva9\appstars-gitops-demo\actions-runner\bin'
[2026-07-27 21:03:16Z INFO HostContext] Well known directory 'Root': 'C:\Users\siva9\appstars-gitops-demo\actions-runner'
[2026-07-27 21:03:16Z INFO HostContext] Well known config file 'Credentials': 'C:\Users\siva9\appstars-gitops-demo\actions-runner\.credentials'
[2026-07-27 21:03:16Z INFO HostContext] Well known directory 'Bin': 'C:\Users\siva9\appstars-gitops-demo\actions-runner\bin'
[2026-07-27 21:03:16Z INFO HostContext] Well known directory 'Root': 'C:\Users\siva9\appstars-gitops-demo\actions-runner'
[2026-07-27 21:03:16Z INFO HostContext] Well known config file 'Runner': 'C:\Users\siva9\appstars-gitops-demo\actions-runner\.runner'
[2026-07-27 21:03:16Z INFO Worker] Version: 2.336.0
[2026-07-27 21:03:16Z INFO Worker] Commit: 98aabcd429c4e8402406c56ce2d26387fed3b9ce
[2026-07-27 21:03:16Z INFO Worker] Culture: en-IN
[2026-07-27 21:03:16Z INFO Worker] UI Culture: en-GB
[2026-07-27 21:03:16Z INFO Worker] Waiting to receive the job message from the channel.
[2026-07-27 21:03:16Z INFO ProcessChannel] Receiving message of length 25968, with hash 'efe53cf0208f3ecf72082bf92ebffd4bd86e434d46efe235f9e1b4f7ca6b34fe'
[2026-07-27 21:03:16Z INFO Worker] Message received.
[2026-07-27 21:03:16Z INFO Worker] Job message:
 {
  "fileTable": [
    ".github/workflows/deploy.yml"
  ],
  "mask": [
    {
      "type": "regex",
      "value": "***"
    },
    {
      "type": "regex",
      "value": "***"
    },
    {
      "type": "regex",
      "value": "***"
    },
    {
      "type": "regex",
      "value": "***"
    },
    {
      "type": "regex",
      "value": "***"
    },
    {
      "type": "regex",
      "value": "***"
    },
    {
      "type": "regex",
      "value": "***"
    },
    {
      "type": "regex",
      "value": "***"
    },
    {
      "type": "regex",
      "value": "***"
    },
    {
      "type": "regex",
      "value": "***"
    },
    {
      "type": "regex",
      "value": "***"
    },
    {
      "type": "regex",
      "value": "***"
    },
    {
      "type": "regex",
      "value": "***"
    },
    {
      "type": "regex",
      "value": "***"
    },
    {
      "type": "regex",
      "value": "***"
    },
    {
      "type": "regex",
      "value": "***"
    },
    {
      "type": "regex",
      "value": "***"
    },
    {
      "type": "regex",
      "value": "***"
    },
    {
      "type": "regex",
      "value": "***"
    },
    {
      "type": "regex",
      "value": "***"
    },
    {
      "type": "regex",
      "value": "***"
    },
    {
      "type": "regex",
      "value": "***"
    },
    {
      "type": "regex",
      "value": "***"
    }
  ],
  "steps": [
    {
      "type": "action",
      "reference": {
        "type": "repository",
        "name": "actions/checkout",
        "ref": "v4",
        "repositoryType": "GitHub"
      },
      "displayNameToken": {
        "type": 0,
        "file": 1,
        "line": 11,
        "col": 13,
        "lit": "Checkout Source Code"
      },
      "contextName": "__actions_checkout",
      "condition": "success()",
      "id": "c4c36353-03fa-4bf3-9d95-5294b92b043f",
      "name": "__actions_checkout"
    },
    {
      "type": "action",
      "reference": {
        "type": "script"
      },
      "displayNameToken": {
        "type": 0,
        "file": 1,
        "line": 14,
        "col": 13,
        "lit": "Synchronize Local Cluster Container Registry Space"
      },
      "contextName": "__run",
      "inputs": {
        "type": 2,
        "map": [
          {
            "key": "script",
            "value": {
              "type": 3,
              "file": 1,
              "line": 16,
              "col": 12,
              "expr": "format('# 1. Use clean recursive parent checks to find the directories containing the true source files\n$BACKEND_DIR = (Get-ChildItem -Path $PWD -Filter \"Dockerfile.backend\" -Recurse | Select-Object -First 1).Directory.FullName\n$FRONTEND_DIR = (Get-ChildItem -Path $PWD -Filter \"Dockerfile.frontend\" -Recurse | Select-Object -First 1).Directory.FullName\n\nWrite-Output \"Executing authenticated build context at: $BACKEND_DIR\"\nWrite-Output \"Executing authenticated build context at: $FRONTEND_DIR\"\n\n# 2. Bind active shell runner context to Minikube''s Docker engine space\n& minikube -p minikube docker-env | Invoke-Expression\n\n# 3. Compile clean images by targeting the authenticated paths directly\ndocker build -t localhost:5001/appstars-backend:{0} -f \"$BACKEND_DIR\\Dockerfile.backend\" \"$BACKEND_DIR\"\ndocker build -t localhost:5001/appstars-frontend:{1} -f \"$FRONTEND_DIR\\Dockerfile.frontend\" \"$FRONTEND_DIR\"\n', github.sha, github.sha)"
            }
          },
          {
            "key": "shell",
            "value": {
              "type": 0,
              "file": 1,
              "line": 15,
              "col": 14,
              "lit": "powershell"
            }
          }
        ]
      },
      "condition": "success()",
      "id": "48d91475-f384-45ae-b4cf-543f310df056",
      "name": "__run"
    },
    {
      "type": "action",
      "reference": {
        "type": "script"
      },
      "displayNameToken": {
        "type": 0,
        "file": 1,
        "line": 31,
        "col": 13,
        "lit": "Perform Package Optimization and GitOps Deployment"
      },
      "contextName": "__run_2",
      "inputs": {
        "type": 2,
        "map": [
          {
            "key": "script",
            "value": {
              "type": 3,
              "file": 1,
              "line": 33,
              "col": 12,
              "expr": "format('# 4. Dynamically find the clean Helm Chart directory location, bypassing duplicate folder naming structures\n$CHART_PATH = (Get-ChildItem -Path $PWD -Filter \"Chart.yaml\" -Recurse | Select-Object -First 1).Directory.FullName\nWrite-Output \"Verified Clean Helm Chart location at: $CHART_PATH\"\n\n# 5. Execute structural validations and trigger fresh rollout deployments with fixed force parameters\nhelm lint \"$CHART_PATH\"\nhelm upgrade --install appstars-release \"$CHART_PATH\" --set imageTag={0} --force-replace\n', github.sha)"
            }
          },
          {
            "key": "shell",
            "value": {
              "type": 0,
              "file": 1,
              "line": 32,
              "col": 14,
              "lit": "powershell"
            }
          }
        ]
      },
      "condition": "success()",
      "id": "5e562e5b-7079-416f-93d9-158bdc7f951d",
      "name": "__run_2"
    }
  ],
  "variables": {
    "Actions.EnableHttpRedirects": {
      "value": "true"
    },
    "DistributedTask.AddWarningToNode12Action": {
      "value": "true"
    },
    "DistributedTask.AddWarningToNode16Action": {
      "value": "true"
    },
    "DistributedTask.AllowRunnerContainerHooks": {
      "value": "true"
    },
    "DistributedTask.DeprecateStepOutputCommands": {
      "value": "true"
    },
    "DistributedTask.DetailUntarFailure": {
      "value": "true"
    },
    "DistributedTask.EnableCompositeActions": {
      "value": "true"
    },
    "DistributedTask.EnableJobServerQueueTelemetry": {
      "value": "true"
    },
    "DistributedTask.EnhancedAnnotations": {
      "value": "true"
    },
    "DistributedTask.ForceGithubJavascriptActionsToNode16": {
      "value": "true"
    },
    "DistributedTask.ForceGithubJavascriptActionsToNode20": {
      "value": "true"
    },
    "DistributedTask.LogTemplateErrorsAsDebugMessages": {
      "value": "true"
    },
    "DistributedTask.MarkJobAsFailedOnWorkerCrash": {
      "value": "true"
    },
    "DistributedTask.NewActionMetadata": {
      "value": "true"
    },
    "DistributedTask.UploadStepSummary": {
      "value": "true"
    },
    "DistributedTask.UseActionArchiveCache": {
      "value": "true"
    },
    "DistributedTask.UseWhich2": {
      "value": "true"
    },
    "RunService.FixEmbeddedIssues": {
      "value": "true"
    },
    "actions.runner.requirenode24": {
      "value": "false"
    },
    "actions.runner.usenode24bydefault": {
      "value": "true"
    },
    "actions.runner.warnonnode20": {
      "value": "true"
    },
    "actions_add_check_run_id_to_job_context": {
      "value": "true"
    },
    "actions_batch_action_resolution": {
      "value": "false"
    },
    "actions_container_action_runner_temp": {
      "value": "true"
    },
    "actions_display_helpful_actions_download_errors": {
      "value": "true"
    },
    "actions_runner_allow_artifacts_file": {
      "value": "false"
    },
    "actions_runner_compare_workflow_parser": {
      "value": "false"
    },
    "actions_runner_deprecate_linux_arm32": {
      "value": "true"
    },
    "actions_runner_emit_composite_markers": {
      "value": "false"
    },
    "actions_runner_kill_linux_arm32": {
      "value": "false"
    },
    "actions_runner_node20_removal_date": {
      "value": ""
    },
    "actions_runner_node24_default_date": {
      "value": "June 16th, 2026"
    },
    "actions_self_repository": {
      "value": "true"
    },
    "actions_service_container_command": {
      "value": "true"
    },
    "actions_set_orchestration_id_env_for_actions": {
      "value": "true"
    },
    "actions_skip_retry_complete_job_upon_known_errors": {
      "value": "true"
    },
    "actions_snapshot_preflight_hosted_runner_check": {
      "value": "false"
    },
    "actions_snapshot_preflight_image_gen_pool_check": {
      "value": "false"
    },
    "actions_use_bearer_token_for_codeload": {
      "value": "false"
    },
    "actions_uses_cache_service_v2": {
      "value": "true"
    },
    "github_token": {
      "value": "***",
      "isSecret": true
    },
    "system.from_run_service": {
      "value": "true"
    },
    "system.github.job": {
      "value": "build-and-ship"
    },
    "system.github.launch_endpoint": {
      "value": "https://launch.actions.githubusercontent.com"
    },
    "system.github.results_endpoint": {
      "value": "https://results-receiver.actions.githubusercontent.com/"
    },
    "system.github.results_upload_with_sdk": {
      "value": "true"
    },
    "system.github.token": {
      "value": "***",
      "isSecret": true
    },
    "system.github.token.permissions": {
      "value": "{\"Contents\":\"read\",\"Metadata\":\"read\",\"Packages\":\"read\"}"
    },
    "system.orchestrationId": {
      "value": "6a683816-7541-41d8-be90-fecc2602e915.build-and-ship.__default"
    },
    "system.phaseDisplayName": {
      "value": "build-and-ship"
    },
    "system.runner.lowdiskspacethreshold": {
      "value": "100"
    },
    "system.runnerEnvironment": {
      "value": "self-hosted"
    },
    "system.runnerGroupName": {
      "value": "Default"
    }
  },
  "messageType": "RunnerJobRequest",
  "plan": {
    "scopeIdentifier": "00000000-0000-0000-0000-000000000000",
    "planType": "actions",
    "version": 0,
    "planId": "6a683816-7541-41d8-be90-fecc2602e915",
    "planGroup": null,
    "artifactUri": null,
    "artifactLocation": null,
    "definition": null,
    "owner": null
  },
  "timeline": {
    "id": "6a683816-7541-41d8-be90-fecc2602e915",
    "changeId": 0,
    "location": null
  },
  "jobId": "23315a34-9f46-5326-827b-da40e230524d",
  "jobDisplayName": "build-and-ship",
  "jobName": "__default",
  "requestId": 0,
  "lockedUntil": "0001-01-01T00:00:00",
  "resources": {
    "endpoints": [
      {
        "data": {
          "ServerId": "",
          "ServerName": "",
          "CacheServerUrl": "https://artifactcache.actions.githubusercontent.com/vCW1ur2HeIQqmuX8ek4kpHjuvt94Y9SHKFwGArIGB3SadhPXxp/",
          "FeedStreamUrl": "wss://results-receiver.actions.githubusercontent.com/_ws/ingest.sock",
          "ResultsServiceUrl": "https://results-receiver.actions.githubusercontent.com/",
          "PipelinesServiceUrl": "https://pipelinesghubeus26.actions.githubusercontent.com/vCW1ur2HeIQqmuX8ek4kpHjuvt94Y9SHKFwGArIGB3SadhPXxp/",
          "GenerateIdTokenUrl": "",
          "ConnectivityChecks": "[\"https://broker.actions.githubusercontent.com/health\",\"https://token.actions.githubusercontent.com/ready\",\"https://run.actions.githubusercontent.com/health\"]",
          "ConnectivityAndDNSChecks": "[\"https://github.com/_dns\",\"https://api.github.com/_dns\",\"https://codeload.github.com/_dns\",\"https://pkg.github.com/_dns\",\"https://copilot-proxy.githubusercontent.com/_dns\",\"http://ssh.github.com/_dns\"]"
        },
        "name": "SystemVssConnection",
        "url": "https://run-actions-1-azure-eastus.actions.githubusercontent.com/114/",
        "authorization": {
          "parameters": {
            "AccessToken": "***"
          },
          "scheme": "OAuth"
        },
        "isShared": false,
        "isReady": true
      }
    ]
  },
  "contextData": {
    "github": {
      "t": 2,
      "d": [
        {
          "k": "ref",
          "v": "refs/heads/main"
        },
        {
          "k": "sha",
          "v": "1e7a05fbfa025b2fe640d850398c94e5b4542285"
        },
        {
          "k": "repository",
          "v": "SivaShankarRajendran16/appstars-gitops-demo"
        },
        {
          "k": "repository_owner",
          "v": "SivaShankarRajendran16"
        },
        {
          "k": "repository_owner_id",
          "v": "192618162"
        },
        {
          "k": "repositoryUrl",
          "v": "git://github.com/SivaShankarRajendran16/appstars-gitops-demo.git"
        },
        {
          "k": "run_id",
          "v": "30305208713"
        },
        {
          "k": "run_number",
          "v": "14"
        },
        {
          "k": "retention_days",
          "v": "90"
        },
        {
          "k": "run_attempt",
          "v": "1"
        },
        {
          "k": "artifact_cache_size_limit",
          "v": "10"
        },
        {
          "k": "repository_visibility",
          "v": "public"
        },
        {
          "k": "actor_id",
          "v": "192618162"
        },
        {
          "k": "actor",
          "v": "SivaShankarRajendran16"
        },
        {
          "k": "workflow",
          "v": "Continuous Integration & Deployment Loop"
        },
        {
          "k": "head_ref",
          "v": ""
        },
        {
          "k": "base_ref",
          "v": ""
        },
        {
          "k": "event_name",
          "v": "push"
        },
        {
          "k": "server_url",
          "v": "https://github.com"
        },
        {
          "k": "api_url",
          "v": "https://api.github.com"
        },
        {
          "k": "graphql_url",
          "v": "https://api.github.com/graphql"
        },
        {
          "k": "ref_name",
          "v": "main"
        },
        {
          "k": "ref_protected",
          "v": false
        },
        {
          "k": "ref_type",
          "v": "branch"
        },
        {
          "k": "secret_source",
          "v": "Actions"
        },
        {
          "k": "event",
          "v": {
            "t": 2,
            "d": [
              {
                "k": "after",
                "v": "1e7a05fbfa025b2fe640d850398c94e5b4542285"
              },
              {
                "k": "base_ref",
                "v": null
              },
              {
                "k": "before",
                "v": "40cf0aac23283be70841b611dd909dd902f27a12"
              },
              {
                "k": "commits",
                "v": {
                  "t": 1,
                  "a": [
                    {
                      "t": 2,
                      "d": [
                        {
                          "k": "author",
                          "v": {
                            "t": 2,
                            "d": [
                              {
                                "k": "email",
                                "v": "rajendransivashankar@gmail.com"
                              },
                              {
                                "k": "name",
                                "v": "SivaShankarRajendran16"
                              },
                              {
                                "k": "username",
                                "v": "SivaShankarRajendran16"
                              }
                            ]
                          }
                        },
                        {
                          "k": "committer",
                          "v": {
                            "t": 2,
                            "d": [
                              {
                                "k": "email",
                                "v": "noreply@github.com"
                              },
                              {
                                "k": "name",
                                "v": "GitHub"
                              },
                              {
                                "k": "username",
                                "v": "web-flow"
                              }
                            ]
                          }
                        },
                        {
                          "k": "distinct",
                          "v": true
                        },
                        {
                          "k": "id",
                          "v": "1e7a05fbfa025b2fe640d850398c94e5b4542285"
                        },
                        {
                          "k": "message",
                          "v": "Refactor deploy.yml for dynamic directory resolution\n\nUpdated deployment script to dynamically locate directories for backend and frontend Dockerfiles, and adjusted Helm chart path resolution."
                        },
                        {
                          "k": "timestamp",
                          "v": "2026-07-28T02:33:09+05:30"
                        },
                        {
                          "k": "tree_id",
                          "v": "2be38f6f427ce957926dc339ec487cacdaac69ce"
                        },
                        {
                          "k": "url",
                          "v": "https://github.com/SivaShankarRajendran16/appstars-gitops-demo/commit/1e7a05fbfa025b2fe640d850398c94e5b4542285"
                        }
                      ]
                    }
                  ]
                }
              },
              {
                "k": "compare",
                "v": "https://github.com/SivaShankarRajendran16/appstars-gitops-demo/compare/40cf0aac2328...1e7a05fbfa02"
              },
              {
                "k": "created",
                "v": false
              },
              {
                "k": "deleted",
                "v": false
              },
              {
                "k": "forced",
                "v": false
              },
              {
                "k": "head_commit",
                "v": {
                  "t": 2,
                  "d": [
                    {
                      "k": "author",
                      "v": {
                        "t": 2,
                        "d": [
                          {
                            "k": "email",
                            "v": "rajendransivashankar@gmail.com"
                          },
                          {
                            "k": "name",
                            "v": "SivaShankarRajendran16"
                          },
                          {
                            "k": "username",
                            "v": "SivaShankarRajendran16"
                          }
                        ]
                      }
                    },
                    {
                      "k": "committer",
                      "v": {
                        "t": 2,
                        "d": [
                          {
                            "k": "email",
                            "v": "noreply@github.com"
                          },
                          {
                            "k": "name",
                            "v": "GitHub"
                          },
                          {
                            "k": "username",
                            "v": "web-flow"
                          }
                        ]
                      }
                    },
                    {
                      "k": "distinct",
                      "v": true
                    },
                    {
                      "k": "id",
                      "v": "1e7a05fbfa025b2fe640d850398c94e5b4542285"
                    },
                    {
                      "k": "message",
                      "v": "Refactor deploy.yml for dynamic directory resolution\n\nUpdated deployment script to dynamically locate directories for backend and frontend Dockerfiles, and adjusted Helm chart path resolution."
                    },
                    {
                      "k": "timestamp",
                      "v": "2026-07-28T02:33:09+05:30"
                    },
                    {
                      "k": "tree_id",
                      "v": "2be38f6f427ce957926dc339ec487cacdaac69ce"
                    },
                    {
                      "k": "url",
                      "v": "https://github.com/SivaShankarRajendran16/appstars-gitops-demo/commit/1e7a05fbfa025b2fe640d850398c94e5b4542285"
                    }
                  ]
                }
              },
              {
                "k": "pusher",
                "v": {
                  "t": 2,
                  "d": [
                    {
                      "k": "email",
                      "v": "rajendransivashankar@gmail.com"
                    },
                    {
                      "k": "name",
                      "v": "SivaShankarRajendran16"
                    }
                  ]
                }
              },
              {
                "k": "ref",
                "v": "refs/heads/main"
              },
              {
                "k": "repository",
                "v": {
                  "t": 2,
                  "d": [
                    {
                      "k": "allow_forking",
                      "v": true
                    },
                    {
                      "k": "archive_url",
                      "v": "https://api.github.com/repos/SivaShankarRajendran16/appstars-gitops-demo/{archive_format}{/ref}"
                    },
                    {
                      "k": "archived",
                      "v": false
                    },
                    {
                      "k": "assignees_url",
                      "v": "https://api.github.com/repos/SivaShankarRajendran16/appstars-gitops-demo/assignees{/user}"
                    },
                    {
                      "k": "blobs_url",
                      "v": "https://api.github.com/repos/SivaShankarRajendran16/appstars-gitops-demo/git/blobs{/sha}"
                    },
                    {
                      "k": "branches_url",
                      "v": "https://api.github.com/repos/SivaShankarRajendran16/appstars-gitops-demo/branches{/branch}"
                    },
                    {
                      "k": "clone_url",
                      "v": "https://github.com/SivaShankarRajendran16/appstars-gitops-demo.git"
                    },
                    {
                      "k": "collaborators_url",
                      "v": "https://api.github.com/repos/SivaShankarRajendran16/appstars-gitops-demo/collaborators{/collaborator}"
                    },
                    {
                      "k": "comments_url",
                      "v": "https://api.github.com/repos/SivaShankarRajendran16/appstars-gitops-demo/comments{/number}"
                    },
                    {
                      "k": "commits_url",
                      "v": "https://api.github.com/repos/SivaShankarRajendran16/appstars-gitops-demo/commits{/sha}"
                    },
                    {
                      "k": "compare_url",
                      "v": "https://api.github.com/repos/SivaShankarRajendran16/appstars-gitops-demo/compare/{base}...{head}"
                    },
                    {
                      "k": "contents_url",
                      "v": "https://api.github.com/repos/SivaShankarRajendran16/appstars-gitops-demo/contents/{+path}"
                    },
                    {
                      "k": "contributors_url",
                      "v": "https://api.github.com/repos/SivaShankarRajendran16/appstars-gitops-demo/contributors"
                    },
                    {
                      "k": "created_at",
                      "v": 1785180896.0
                    },
                    {
                      "k": "default_branch",
                      "v": "main"
                    },
                    {
                      "k": "deployments_url",
                      "v": "https://api.github.com/repos/SivaShankarRajendran16/appstars-gitops-demo/deployments"
                    },
                    {
                      "k": "description",
                      "v": null
                    },
                    {
                      "k": "disabled",
                      "v": false
                    },
                    {
                      "k": "downloads_url",
                      "v": "https://api.github.com/repos/SivaShankarRajendran16/appstars-gitops-demo/downloads"
                    },
                    {
                      "k": "events_url",
                      "v": "https://api.github.com/repos/SivaShankarRajendran16/appstars-gitops-demo/events"
                    },
                    {
                      "k": "fork",
                      "v": false
                    },
                    {
                      "k": "forks",
                      "v": 0.0
                    },
                    {
                      "k": "forks_count",
                      "v": 0.0
                    },
                    {
                      "k": "forks_url",
                      "v": "https://api.github.com/repos/SivaShankarRajendran16/appstars-gitops-demo/forks"
                    },
                    {
                      "k": "full_name",
                      "v": "SivaShankarRajendran16/appstars-gitops-demo"
                    },
                    {
                      "k": "git_commits_url",
                      "v": "https://api.github.com/repos/SivaShankarRajendran16/appstars-gitops-demo/git/commits{/sha}"
                    },
                    {
                      "k": "git_refs_url",
                      "v": "https://api.github.com/repos/SivaShankarRajendran16/appstars-gitops-demo/git/refs{/sha}"
                    },
                    {
                      "k": "git_tags_url",
                      "v": "https://api.github.com/repos/SivaShankarRajendran16/appstars-gitops-demo/git/tags{/sha}"
                    },
                    {
                      "k": "git_url",
                      "v": "git://github.com/SivaShankarRajendran16/appstars-gitops-demo.git"
                    },
                    {
                      "k": "has_discussions",
                      "v": false
                    },
                    {
                      "k": "has_downloads",
                      "v": true
                    },
                    {
                      "k": "has_issues",
                      "v": true
                    },
                    {
                      "k": "has_pages",
                      "v": false
                    },
                    {
                      "k": "has_projects",
                      "v": true
                    },
                    {
                      "k": "has_pull_requests",
                      "v": true
                    },
                    {
                      "k": "has_wiki",
                      "v": true
                    },
                    {
                      "k": "homepage",
                      "v": null
                    },
                    {
                      "k": "hooks_url",
                      "v": "https://api.github.com/repos/SivaShankarRajendran16/appstars-gitops-demo/hooks"
                    },
                    {
                      "k": "html_url",
                      "v": "https://github.com/SivaShankarRajendran16/appstars-gitops-demo"
                    },
                    {
                      "k": "id",
                      "v": 1314211114.0
                    },
                    {
                      "k": "is_template",
                      "v": false
                    },
                    {
                      "k": "issue_comment_url",
                      "v": "https://api.github.com/repos/SivaShankarRajendran16/appstars-gitops-demo/issues/comments{/number}"
                    },
                    {
                      "k": "issue_events_url",
                      "v": "https://api.github.com/repos/SivaShankarRajendran16/appstars-gitops-demo/issues/events{/number}"
                    },
                    {
                      "k": "issues_url",
                      "v": "https://api.github.com/repos/SivaShankarRajendran16/appstars-gitops-demo/issues{/number}"
                    },
                    {
                      "k": "keys_url",
                      "v": "https://api.github.com/repos/SivaShankarRajendran16/appstars-gitops-demo/keys{/key_id}"
                    },
                    {
                      "k": "labels_url",
                      "v": "https://api.github.com/repos/SivaShankarRajendran16/appstars-gitops-demo/labels{/name}"
                    },
                    {
                      "k": "language",
                      "v": "CSS"
                    },
                    {
                      "k": "languages_url",
                      "v": "https://api.github.com/repos/SivaShankarRajendran16/appstars-gitops-demo/languages"
                    },
                    {
                      "k": "license",
                      "v": null
                    },
                    {
                      "k": "master_branch",
                      "v": "main"
                    },
                    {
                      "k": "merges_url",
                      "v": "https://api.github.com/repos/SivaShankarRajendran16/appstars-gitops-demo/merges"
                    },
                    {
                      "k": "milestones_url",
                      "v": "https://api.github.com/repos/SivaShankarRajendran16/appstars-gitops-demo/milestones{/number}"
                    },
                    {
                      "k": "mirror_url",
                      "v": null
                    },
                    {
                      "k": "name",
                      "v": "appstars-gitops-demo"
                    },
                    {
                      "k": "node_id",
                      "v": "R_kgDOTlVFKg"
                    },
                    {
                      "k": "notifications_url",
                      "v": "https://api.github.com/repos/SivaShankarRajendran16/appstars-gitops-demo/notifications{?since,all,participating}"
                    },
                    {
                      "k": "open_issues",
                      "v": 0.0
                    },
                    {
                      "k": "open_issues_count",
                      "v": 0.0
                    },
                    {
                      "k": "owner",
                      "v": {
                        "t": 2,
                        "d": [
                          {
                            "k": "avatar_url",
                            "v": "https://avatars.githubusercontent.com/u/192618162?v=4"
                          },
                          {
                            "k": "email",
                            "v": "rajendransivashankar@gmail.com"
                          },
                          {
                            "k": "events_url",
                            "v": "https://api.github.com/users/SivaShankarRajendran16/events{/privacy}"
                          },
                          {
                            "k": "followers_url",
                            "v": "https://api.github.com/users/SivaShankarRajendran16/followers"
                          },
                          {
                            "k": "following_url",
                            "v": "https://api.github.com/users/SivaShankarRajendran16/following{/other_user}"
                          },
                          {
                            "k": "gists_url",
                            "v": "https://api.github.com/users/SivaShankarRajendran16/gists{/gist_id}"
                          },
                          {
                            "k": "gravatar_id",
                            "v": ""
                          },
                          {
                            "k": "html_url",
                            "v": "https://github.com/SivaShankarRajendran16"
                          },
                          {
                            "k": "id",
                            "v": 192618162.0
                          },
                          {
                            "k": "login",
                            "v": "SivaShankarRajendran16"
                          },
                          {
                            "k": "name",
                            "v": "SivaShankarRajendran16"
                          },
                          {
                            "k": "node_id",
                            "v": "U_kgDOC3sesg"
                          },
                          {
                            "k": "organizations_url",
                            "v": "https://api.github.com/users/SivaShankarRajendran16/orgs"
                          },
                          {
                            "k": "received_events_url",
                            "v": "https://api.github.com/users/SivaShankarRajendran16/received_events"
                          },
                          {
                            "k": "repos_url",
                            "v": "https://api.github.com/users/SivaShankarRajendran16/repos"
                          },
                          {
                            "k": "site_admin",
                            "v": false
                          },
                          {
                            "k": "starred_url",
                            "v": "https://api.github.com/users/SivaShankarRajendran16/starred{/owner}{/repo}"
                          },
                          {
                            "k": "subscriptions_url",
                            "v": "https://api.github.com/users/SivaShankarRajendran16/subscriptions"
                          },
                          {
                            "k": "type",
                            "v": "User"
                          },
                          {
                            "k": "url",
                            "v": "https://api.github.com/users/SivaShankarRajendran16"
                          },
                          {
                            "k": "user_view_type",
                            "v": "public"
                          }
                        ]
                      }
                    },
                    {
                      "k": "private",
                      "v": false
                    },
                    {
                      "k": "pull_request_creation_policy",
                      "v": "all"
                    },
                    {
                      "k": "pulls_url",
                      "v": "https://api.github.com/repos/SivaShankarRajendran16/appstars-gitops-demo/pulls{/number}"
                    },
                    {
                      "k": "pushed_at",
                      "v": 1785186190.0
                    },
                    {
                      "k": "releases_url",
                      "v": "https://api.github.com/repos/SivaShankarRajendran16/appstars-gitops-demo/releases{/id}"
                    },
                    {
                      "k": "size",
                      "v": 183383.0
                    },
                    {
                      "k": "ssh_url",
                      "v": "git@github.com:SivaShankarRajendran16/appstars-gitops-demo.git"
                    },
                    {
                      "k": "stargazers",
                      "v": 0.0
                    },
                    {
                      "k": "stargazers_count",
                      "v": 0.0
                    },
                    {
                      "k": "stargazers_url",
                      "v": "https://api.github.com/repos/SivaShankarRajendran16/appstars-gitops-demo/stargazers"
                    },
                    {
                      "k": "statuses_url",
                      "v": "https://api.github.com/repos/SivaShankarRajendran16/appstars-gitops-demo/statuses/{sha}"
                    },
                    {
                      "k": "subscribers_url",
                      "v": "https://api.github.com/repos/SivaShankarRajendran16/appstars-gitops-demo/subscribers"
                    },
                    {
                      "k": "subscription_url",
                      "v": "https://api.github.com/repos/SivaShankarRajendran16/appstars-gitops-demo/subscription"
                    },
                    {
                      "k": "svn_url",
                      "v": "https://github.com/SivaShankarRajendran16/appstars-gitops-demo"
                    },
                    {
                      "k": "tags_url",
                      "v": "https://api.github.com/repos/SivaShankarRajendran16/appstars-gitops-demo/tags"
                    },
                    {
                      "k": "teams_url",
                      "v": "https://api.github.com/repos/SivaShankarRajendran16/appstars-gitops-demo/teams"
                    },
                    {
                      "k": "topics",
                      "v": {
                        "t": 1
                      }
                    },
                    {
                      "k": "trees_url",
                      "v": "https://api.github.com/repos/SivaShankarRajendran16/appstars-gitops-demo/git/trees{/sha}"
                    },
                    {
                      "k": "updated_at",
                      "v": "2026-07-27T21:01:10Z"
                    },
                    {
                      "k": "url",
                      "v": "https://api.github.com/repos/SivaShankarRajendran16/appstars-gitops-demo"
                    },
                    {
                      "k": "visibility",
                      "v": "public"
                    },
                    {
                      "k": "watchers",
                      "v": 0.0
                    },
                    {
                      "k": "watchers_count",
                      "v": 0.0
                    },
                    {
                      "k": "web_commit_signoff_required",
                      "v": false
                    }
                  ]
                }
              },
              {
                "k": "sender",
                "v": {
                  "t": 2,
                  "d": [
                    {
                      "k": "avatar_url",
                      "v": "https://avatars.githubusercontent.com/u/192618162?v=4"
                    },
                    {
                      "k": "events_url",
                      "v": "https://api.github.com/users/SivaShankarRajendran16/events{/privacy}"
                    },
                    {
                      "k": "followers_url",
                      "v": "https://api.github.com/users/SivaShankarRajendran16/followers"
                    },
                    {
                      "k": "following_url",
                      "v": "https://api.github.com/users/SivaShankarRajendran16/following{/other_user}"
                    },
                    {
                      "k": "gists_url",
                      "v": "https://api.github.com/users/SivaShankarRajendran16/gists{/gist_id}"
                    },
                    {
                      "k": "gravatar_id",
                      "v": ""
                    },
                    {
                      "k": "html_url",
                      "v": "https://github.com/SivaShankarRajendran16"
                    },
                    {
                      "k": "id",
                      "v": 192618162.0
                    },
                    {
                      "k": "login",
                      "v": "SivaShankarRajendran16"
                    },
                    {
                      "k": "node_id",
                      "v": "U_kgDOC3sesg"
                    },
                    {
                      "k": "organizations_url",
                      "v": "https://api.github.com/users/SivaShankarRajendran16/orgs"
                    },
                    {
                      "k": "received_events_url",
                      "v": "https://api.github.com/users/SivaShankarRajendran16/received_events"
                    },
                    {
                      "k": "repos_url",
                      "v": "https://api.github.com/users/SivaShankarRajendran16/repos"
                    },
                    {
                      "k": "site_admin",
                      "v": false
                    },
                    {
                      "k": "starred_url",
                      "v": "https://api.github.com/users/SivaShankarRajendran16/starred{/owner}{/repo}"
                    },
                    {
                      "k": "subscriptions_url",
                      "v": "https://api.github.com/users/SivaShankarRajendran16/subscriptions"
                    },
                    {
                      "k": "type",
                      "v": "User"
                    },
                    {
                      "k": "url",
                      "v": "https://api.github.com/users/SivaShankarRajendran16"
                    },
                    {
                      "k": "user_view_type",
                      "v": "public"
                    }
                  ]
                }
              }
            ]
          }
        },
        {
          "k": "workflow_ref",
          "v": "SivaShankarRajendran16/appstars-gitops-demo/.github/workflows/deploy.yml@refs/heads/main"
        },
        {
          "k": "workflow_sha",
          "v": "1e7a05fbfa025b2fe640d850398c94e5b4542285"
        },
        {
          "k": "repository_id",
          "v": "1314211114"
        },
        {
          "k": "triggering_actor",
          "v": "SivaShankarRajendran16"
        }
      ]
    },
    "inputs": {
      "t": 2
    },
    "job": {
      "t": 2,
      "d": [
        {
          "k": "check_run_id",
          "v": 90107654942.0
        },
        {
          "k": "workflow_ref",
          "v": "SivaShankarRajendran16/appstars-gitops-demo/.github/workflows/deploy.yml@refs/heads/main"
        },
        {
          "k": "workflow_sha",
          "v": "1e7a05fbfa025b2fe640d850398c94e5b4542285"
        },
        {
          "k": "workflow_repository",
          "v": "SivaShankarRajendran16/appstars-gitops-demo"
        },
        {
          "k": "workflow_file_path",
          "v": ".github/workflows/deploy.yml"
        }
      ]
    },
    "matrix": null,
    "needs": {
      "t": 2
    },
    "strategy": {
      "t": 2,
      "d": [
        {
          "k": "fail-fast",
          "v": true
        },
        {
          "k": "job-index",
          "v": 0.0
        },
        {
          "k": "job-total",
          "v": 1.0
        },
        {
          "k": "max-parallel",
          "v": 1.0
        }
      ]
    },
    "vars": {
      "t": 2
    }
  },
  "billingOwnerId": "U_kgDOC3sesg"
}
[2026-07-27 21:03:16Z INFO JobRunner] Job ID 23315a34-9f46-5326-827b-da40e230524d
[2026-07-27 21:03:16Z INFO ConfigurationStore] currentAssemblyLocation: C:\Users\siva9\appstars-gitops-demo\actions-runner\bin\Runner.Worker.dll
[2026-07-27 21:03:16Z INFO HostContext] Well known directory 'Bin': 'C:\Users\siva9\appstars-gitops-demo\actions-runner\bin'
[2026-07-27 21:03:16Z INFO ConfigurationStore] binPath: C:\Users\siva9\appstars-gitops-demo\actions-runner\bin
[2026-07-27 21:03:16Z INFO HostContext] Well known directory 'Bin': 'C:\Users\siva9\appstars-gitops-demo\actions-runner\bin'
[2026-07-27 21:03:16Z INFO HostContext] Well known directory 'Root': 'C:\Users\siva9\appstars-gitops-demo\actions-runner'
[2026-07-27 21:03:16Z INFO ConfigurationStore] RootFolder: C:\Users\siva9\appstars-gitops-demo\actions-runner
[2026-07-27 21:03:16Z INFO HostContext] Well known directory 'Bin': 'C:\Users\siva9\appstars-gitops-demo\actions-runner\bin'
[2026-07-27 21:03:16Z INFO HostContext] Well known directory 'Root': 'C:\Users\siva9\appstars-gitops-demo\actions-runner'
[2026-07-27 21:03:16Z INFO HostContext] Well known config file 'Runner': 'C:\Users\siva9\appstars-gitops-demo\actions-runner\.runner'
[2026-07-27 21:03:16Z INFO ConfigurationStore] ConfigFilePath: C:\Users\siva9\appstars-gitops-demo\actions-runner\.runner
[2026-07-27 21:03:16Z INFO HostContext] Well known directory 'Bin': 'C:\Users\siva9\appstars-gitops-demo\actions-runner\bin'
[2026-07-27 21:03:16Z INFO HostContext] Well known directory 'Root': 'C:\Users\siva9\appstars-gitops-demo\actions-runner'
[2026-07-27 21:03:16Z INFO HostContext] Well known config file 'MigratedRunner': 'C:\Users\siva9\appstars-gitops-demo\actions-runner\.runner_migrated'
[2026-07-27 21:03:16Z INFO ConfigurationStore] MigratedConfigFilePath: C:\Users\siva9\appstars-gitops-demo\actions-runner\.runner_migrated
[2026-07-27 21:03:16Z INFO HostContext] Well known directory 'Bin': 'C:\Users\siva9\appstars-gitops-demo\actions-runner\bin'
[2026-07-27 21:03:16Z INFO HostContext] Well known directory 'Root': 'C:\Users\siva9\appstars-gitops-demo\actions-runner'
[2026-07-27 21:03:16Z INFO HostContext] Well known config file 'Credentials': 'C:\Users\siva9\appstars-gitops-demo\actions-runner\.credentials'
[2026-07-27 21:03:16Z INFO ConfigurationStore] CredFilePath: C:\Users\siva9\appstars-gitops-demo\actions-runner\.credentials
[2026-07-27 21:03:16Z INFO HostContext] Well known directory 'Bin': 'C:\Users\siva9\appstars-gitops-demo\actions-runner\bin'
[2026-07-27 21:03:16Z INFO HostContext] Well known directory 'Root': 'C:\Users\siva9\appstars-gitops-demo\actions-runner'
[2026-07-27 21:03:16Z INFO HostContext] Well known config file 'MigratedCredentials': 'C:\Users\siva9\appstars-gitops-demo\actions-runner\.credentials_migrated'
[2026-07-27 21:03:16Z INFO ConfigurationStore] MigratedCredFilePath: C:\Users\siva9\appstars-gitops-demo\actions-runner\.credentials_migrated
[2026-07-27 21:03:16Z INFO HostContext] Well known directory 'Bin': 'C:\Users\siva9\appstars-gitops-demo\actions-runner\bin'
[2026-07-27 21:03:16Z INFO HostContext] Well known directory 'Root': 'C:\Users\siva9\appstars-gitops-demo\actions-runner'
[2026-07-27 21:03:16Z INFO HostContext] Well known config file 'Service': 'C:\Users\siva9\appstars-gitops-demo\actions-runner\.service'
[2026-07-27 21:03:16Z INFO ConfigurationStore] ServiceConfigFilePath: C:\Users\siva9\appstars-gitops-demo\actions-runner\.service
[2026-07-27 21:03:16Z INFO ConfigurationStore] Read setting file: 422 chars
[2026-07-27 21:03:16Z INFO JobRunner] Initializing launch client
[2026-07-27 21:03:16Z INFO JobServerQueue] Initializing results client
[2026-07-27 21:03:16Z INFO ResultServer] Creating websocket client ...wss://results-receiver.actions.githubusercontent.com/_ws/ingest.sock
[2026-07-27 21:03:16Z INFO ResultServer] Attempting to start websocket client with delay 00:00:00.
[2026-07-27 21:03:16Z INFO JobServerQueue] Start process web console line queue.
[2026-07-27 21:03:16Z INFO JobServerQueue] Start process file upload queue.
[2026-07-27 21:03:16Z INFO JobServerQueue] Start results file upload queue.
[2026-07-27 21:03:16Z INFO JobServerQueue] Starting results-based upload queue...
[2026-07-27 21:03:16Z INFO JobServerQueue] Start process timeline update queue.
[2026-07-27 21:03:16Z INFO ExecutionContext] Initializing Job context
[2026-07-27 21:03:16Z INFO ExecutionContext] Initialize GitHub context
[2026-07-27 21:03:16Z INFO ExecutionContext] Initialize Env context
[2026-07-27 21:03:16Z INFO HostContext] Well known directory 'Bin': 'C:\Users\siva9\appstars-gitops-demo\actions-runner\bin'
[2026-07-27 21:03:16Z INFO HostContext] Well known directory 'Root': 'C:\Users\siva9\appstars-gitops-demo\actions-runner'
[2026-07-27 21:03:16Z INFO HostContext] Well known directory 'Diag': 'C:\Users\siva9\appstars-gitops-demo\actions-runner\_diag'
[2026-07-27 21:03:16Z INFO HostContext] Well known directory 'Bin': 'C:\Users\siva9\appstars-gitops-demo\actions-runner\bin'
[2026-07-27 21:03:16Z INFO HostContext] Well known directory 'Root': 'C:\Users\siva9\appstars-gitops-demo\actions-runner'
[2026-07-27 21:03:16Z INFO HostContext] Well known directory 'Diag': 'C:\Users\siva9\appstars-gitops-demo\actions-runner\_diag'
[2026-07-27 21:03:16Z INFO JobRunner] Starting the job execution context.
[2026-07-27 21:03:16Z INFO HostContext] Well known directory 'Bin': 'C:\Users\siva9\appstars-gitops-demo\actions-runner\bin'
[2026-07-27 21:03:16Z INFO HostContext] Well known directory 'Root': 'C:\Users\siva9\appstars-gitops-demo\actions-runner'
[2026-07-27 21:03:16Z INFO HostContext] Well known directory 'Work': 'C:\Users\siva9\appstars-gitops-demo\actions-runner\_work'
[2026-07-27 21:03:16Z INFO JobRunner] Validating directory permissions for: 'C:\Users\siva9\appstars-gitops-demo\actions-runner\_work'
[2026-07-27 21:03:16Z INFO HostContext] Well known directory 'Bin': 'C:\Users\siva9\appstars-gitops-demo\actions-runner\bin'
[2026-07-27 21:03:16Z INFO HostContext] Well known directory 'Root': 'C:\Users\siva9\appstars-gitops-demo\actions-runner'
[2026-07-27 21:03:16Z INFO HostContext] Well known directory 'Work': 'C:\Users\siva9\appstars-gitops-demo\actions-runner\_work'
[2026-07-27 21:03:16Z INFO HostContext] Well known directory 'Tools': 'C:\Users\siva9\appstars-gitops-demo\actions-runner\_work\_tool'
[2026-07-27 21:03:16Z INFO HostContext] Well known directory 'Bin': 'C:\Users\siva9\appstars-gitops-demo\actions-runner\bin'
[2026-07-27 21:03:16Z INFO HostContext] Well known directory 'Root': 'C:\Users\siva9\appstars-gitops-demo\actions-runner'
[2026-07-27 21:03:16Z INFO HostContext] Well known directory 'Work': 'C:\Users\siva9\appstars-gitops-demo\actions-runner\_work'
[2026-07-27 21:03:16Z INFO HostContext] Well known directory 'Temp': 'C:\Users\siva9\appstars-gitops-demo\actions-runner\_work\_temp'
[2026-07-27 21:03:17Z INFO JobRunner] Getting job extension.
[2026-07-27 21:03:17Z INFO JobRunner] Initialize job. Getting all job steps.
[2026-07-27 21:03:17Z INFO HostContext] Well known directory 'Bin': 'C:\Users\siva9\appstars-gitops-demo\actions-runner\bin'
[2026-07-27 21:03:17Z INFO HostContext] Well known directory 'Root': 'C:\Users\siva9\appstars-gitops-demo\actions-runner'
[2026-07-27 21:03:17Z INFO HostContext] Well known directory 'Diag': 'C:\Users\siva9\appstars-gitops-demo\actions-runner\_diag'
[2026-07-27 21:03:17Z INFO HostContext] Well known directory 'Bin': 'C:\Users\siva9\appstars-gitops-demo\actions-runner\bin'
[2026-07-27 21:03:17Z INFO HostContext] Well known directory 'Root': 'C:\Users\siva9\appstars-gitops-demo\actions-runner'
[2026-07-27 21:03:17Z INFO HostContext] Well known directory 'Diag': 'C:\Users\siva9\appstars-gitops-demo\actions-runner\_diag'
[2026-07-27 21:03:17Z INFO HostContext] Well known directory 'Bin': 'C:\Users\siva9\appstars-gitops-demo\actions-runner\bin'
[2026-07-27 21:03:17Z INFO HostContext] Well known directory 'Root': 'C:\Users\siva9\appstars-gitops-demo\actions-runner'
[2026-07-27 21:03:17Z INFO HostContext] Well known config file 'Credentials': 'C:\Users\siva9\appstars-gitops-demo\actions-runner\.credentials'
[2026-07-27 21:03:17Z INFO HostContext] Well known directory 'Bin': 'C:\Users\siva9\appstars-gitops-demo\actions-runner\bin'
[2026-07-27 21:03:17Z INFO HostContext] Well known directory 'Root': 'C:\Users\siva9\appstars-gitops-demo\actions-runner'
[2026-07-27 21:03:17Z INFO HostContext] Well known config file 'SetupInfo': 'C:\Users\siva9\appstars-gitops-demo\actions-runner\.setup_info'
[2026-07-27 21:03:17Z INFO HostContext] Well known directory 'Bin': 'C:\Users\siva9\appstars-gitops-demo\actions-runner\bin'
[2026-07-27 21:03:17Z INFO HostContext] Well known directory 'Root': 'C:\Users\siva9\appstars-gitops-demo\actions-runner'
[2026-07-27 21:03:17Z INFO HostContext] Well known directory 'Work': 'C:\Users\siva9\appstars-gitops-demo\actions-runner\_work'
[2026-07-27 21:03:17Z INFO PipelineDirectoryManager] Loading tracking config if exists: C:\Users\siva9\appstars-gitops-demo\actions-runner\_work\_PipelineMapping\SivaShankarRajendran16/appstars-gitops-demo\PipelineFolder.json
[2026-07-27 21:03:17Z INFO PipelineDirectoryManager] Updating job run properties.
[2026-07-27 21:03:17Z INFO HostContext] Well known directory 'Bin': 'C:\Users\siva9\appstars-gitops-demo\actions-runner\bin'
[2026-07-27 21:03:17Z INFO HostContext] Well known directory 'Root': 'C:\Users\siva9\appstars-gitops-demo\actions-runner'
[2026-07-27 21:03:17Z INFO HostContext] Well known directory 'Work': 'C:\Users\siva9\appstars-gitops-demo\actions-runner\_work'
[2026-07-27 21:03:17Z INFO HostContext] Well known directory 'Bin': 'C:\Users\siva9\appstars-gitops-demo\actions-runner\bin'
[2026-07-27 21:03:17Z INFO HostContext] Well known directory 'Root': 'C:\Users\siva9\appstars-gitops-demo\actions-runner'
[2026-07-27 21:03:17Z INFO HostContext] Well known directory 'Work': 'C:\Users\siva9\appstars-gitops-demo\actions-runner\_work'
[2026-07-27 21:03:17Z INFO HostContext] Well known directory 'Bin': 'C:\Users\siva9\appstars-gitops-demo\actions-runner\bin'
[2026-07-27 21:03:17Z INFO HostContext] Well known directory 'Root': 'C:\Users\siva9\appstars-gitops-demo\actions-runner'
[2026-07-27 21:03:17Z INFO HostContext] Well known directory 'Work': 'C:\Users\siva9\appstars-gitops-demo\actions-runner\_work'
[2026-07-27 21:03:17Z INFO JobExtension] Downloading actions
[2026-07-27 21:03:17Z INFO HostContext] Well known directory 'Bin': 'C:\Users\siva9\appstars-gitops-demo\actions-runner\bin'
[2026-07-27 21:03:17Z INFO HostContext] Well known directory 'Root': 'C:\Users\siva9\appstars-gitops-demo\actions-runner'
[2026-07-27 21:03:17Z INFO HostContext] Well known directory 'Work': 'C:\Users\siva9\appstars-gitops-demo\actions-runner\_work'
[2026-07-27 21:03:17Z INFO HostContext] Well known directory 'Actions': 'C:\Users\siva9\appstars-gitops-demo\actions-runner\_work\_actions'
[2026-07-27 21:03:17Z INFO Worker] Listening for cancel message from the channel.
[2026-07-27 21:03:17Z INFO Worker] Waiting for the job to complete or for a cancel message from the channel.
[2026-07-27 21:03:18Z INFO ResultServer] Exception caught during websocket client connect, retry connection.
[2026-07-27 21:03:18Z ERR  ResultServer] System.Net.WebSockets.WebSocketException (0x80004005): The server returned status code '503' when status code '101' was expected.
   at System.Net.WebSockets.WebSocketHandle.ValidateResponse(HttpResponseMessage response, String secValue)
   at System.Net.WebSockets.WebSocketHandle.ConnectAsync(Uri uri, HttpMessageInvoker invoker, CancellationToken cancellationToken, ClientWebSocketOptions options)
   at System.Net.WebSockets.ClientWebSocket.ConnectAsyncCore(Uri uri, HttpMessageInvoker invoker, CancellationToken cancellationToken)
   at GitHub.Runner.Common.ResultServer.ConnectWebSocketClient(String feedStreamUrl, TimeSpan delay, Boolean retryConnection)
[2026-07-27 21:03:18Z INFO ResultServer] Attempting to start websocket client with delay 00:00:00.
[2026-07-27 21:03:18Z INFO ResultServer] Exception caught during websocket client connect, retry connection.
[2026-07-27 21:03:18Z ERR  ResultServer] System.NullReferenceException: Object reference not set to an instance of an object.
   at GitHub.Runner.Common.ResultServer.ConnectWebSocketClient(String feedStreamUrl, TimeSpan delay, Boolean retryConnection)
[2026-07-27 21:03:18Z INFO ResultServer] Attempting to start websocket client with delay 00:00:00.
[2026-07-27 21:03:18Z INFO ResultServer] Exception caught during websocket client connect, retry connection.
[2026-07-27 21:03:18Z ERR  ResultServer] System.NullReferenceException: Object reference not set to an instance of an object.
   at GitHub.Runner.Common.ResultServer.ConnectWebSocketClient(String feedStreamUrl, TimeSpan delay, Boolean retryConnection)
[2026-07-27 21:03:18Z INFO JobServerQueue] Try to append 1 batches web console lines for record '84af7215-b3d9-4ab7-84ae-f23c05ef90c4', success rate: 1/1.
[2026-07-27 21:03:18Z INFO HostContext] Well known directory 'Bin': 'C:\Users\siva9\appstars-gitops-demo\actions-runner\bin'
[2026-07-27 21:03:18Z INFO HostContext] Well known directory 'Root': 'C:\Users\siva9\appstars-gitops-demo\actions-runner'
[2026-07-27 21:03:18Z INFO HostContext] Well known directory 'Work': 'C:\Users\siva9\appstars-gitops-demo\actions-runner\_work'
[2026-07-27 21:03:18Z INFO HostContext] Well known directory 'Actions': 'C:\Users\siva9\appstars-gitops-demo\actions-runner\_work\_actions'
[2026-07-27 21:03:18Z INFO HostContext] Well known directory 'Bin': 'C:\Users\siva9\appstars-gitops-demo\actions-runner\bin'
[2026-07-27 21:03:18Z INFO HostContext] Well known directory 'Root': 'C:\Users\siva9\appstars-gitops-demo\actions-runner'
[2026-07-27 21:03:18Z INFO HostContext] Well known directory 'Work': 'C:\Users\siva9\appstars-gitops-demo\actions-runner\_work'
[2026-07-27 21:03:18Z INFO HostContext] Well known directory 'Actions': 'C:\Users\siva9\appstars-gitops-demo\actions-runner\_work\_actions'
[2026-07-27 21:03:18Z INFO ActionManager] Save archive 'https://codeload.github.com/actions/checkout/zip/11d5960a326750d5838078e36cf38b85af677262' into C:\Users\siva9\appstars-gitops-demo\actions-runner\_work\_actions\_temp_f68fc153-5de2-4200-945d-5839f208953a\9db1ad2f-2c47-4e90-a976-1795ce9ea387.zip.
[2026-07-27 21:03:18Z INFO ActionManager] Using Basic token for action archive download.
[2026-07-27 21:03:18Z INFO JobServerQueue] Try to append 1 batches web console lines for record '84af7215-b3d9-4ab7-84ae-f23c05ef90c4', success rate: 1/1.
[2026-07-27 21:03:18Z ERR  GitHubActionsService] POST request to https://results-receiver.actions.githubusercontent.com/twirp/github.actions.results.api.v1.WorkflowStepUpdateService/WorkflowStepsUpdate failed. HTTP Status: NotFound
[2026-07-27 21:03:18Z INFO JobServerQueue] Catch exception during update steps, skip update Results.
[2026-07-27 21:03:18Z ERR  JobServerQueue] System.Exception: Failed to mark StepsUpdateRequest upload as complete, status code: NotFound, ok: False, timestamp: 2026-07-27T21:03:17.501Z
   at GitHub.Services.Results.Client.ResultsHttpClient.SendRequest[R](Uri uri, CancellationToken cancellationToken, R request, String timestamp)
   at GitHub.Services.Results.Client.ResultsHttpClient.UpdateWorkflowStepsAsync(Guid planId, IEnumerable`1 records, CancellationToken cancellationToken)
   at GitHub.Runner.Common.JobServerQueue.ProcessTimelinesUpdateQueueAsync(Boolean runOnce)
[2026-07-27 21:03:18Z INFO JobServerQueue] Job timeline record has been updated for the first time.
[2026-07-27 21:03:19Z INFO ActionManager] Request URL: https://codeload.github.com/actions/checkout/zip/11d5960a326750d5838078e36cf38b85af677262 X-GitHub-Request-Id: 1440:2D6867:404B4:2FB29A:6A67C796 Http Status: OK
[2026-07-27 21:03:20Z INFO ActionManager] Finished getting action repository.
[2026-07-27 21:03:20Z INFO HostContext] Well known directory 'Bin': 'C:\Users\siva9\appstars-gitops-demo\actions-runner\bin'
[2026-07-27 21:03:20Z INFO HostContext] Well known directory 'Root': 'C:\Users\siva9\appstars-gitops-demo\actions-runner'
[2026-07-27 21:03:20Z INFO HostContext] Well known directory 'Work': 'C:\Users\siva9\appstars-gitops-demo\actions-runner\_work'
[2026-07-27 21:03:20Z INFO HostContext] Well known directory 'Actions': 'C:\Users\siva9\appstars-gitops-demo\actions-runner\_work\_actions'
[2026-07-27 21:03:20Z INFO ActionManifestManagerLegacy] Load schema file with definitions: [
  "null",
  "boolean",
  "number",
  "string",
  "sequence",
  "mapping",
  "any",
  "action-root",
  "inputs",
  "input",
  "outputs",
  "output-definition",
  "runs",
  "container-runs",
  "container-runs-args",
  "container-runs-env",
  "node-runs",
  "plugin-runs",
  "composite-runs",
  "composite-steps",
  "composite-step",
  "run-step",
  "uses-step",
  "container-runs-context",
  "output-value",
  "input-default-context",
  "non-empty-string",
  "string-steps-context",
  "boolean-steps-context",
  "step-env",
  "step-if",
  "step-with"
]
[2026-07-27 21:03:20Z INFO ActionManifestManager] Load schema file with definitions: [
  "null",
  "boolean",
  "number",
  "string",
  "sequence",
  "mapping",
  "any",
  "action-root",
  "inputs",
  "input",
  "outputs",
  "output-definition",
  "runs",
  "container-runs",
  "container-runs-args",
  "container-runs-env",
  "node-runs",
  "plugin-runs",
  "composite-runs",
  "composite-steps",
  "composite-step",
  "run-step",
  "uses-step",
  "container-runs-context",
  "output-value",
  "input-default-context",
  "non-empty-string",
  "string-steps-context",
  "boolean-steps-context",
  "step-env",
  "step-if",
  "step-with"
]
[2026-07-27 21:03:20Z INFO HostContext] Well known directory 'Bin': 'C:\Users\siva9\appstars-gitops-demo\actions-runner\bin'
[2026-07-27 21:03:20Z INFO HostContext] Well known directory 'Root': 'C:\Users\siva9\appstars-gitops-demo\actions-runner'
[2026-07-27 21:03:20Z INFO HostContext] Well known directory 'Work': 'C:\Users\siva9\appstars-gitops-demo\actions-runner\_work'
[2026-07-27 21:03:20Z INFO HostContext] Well known directory 'Actions': 'C:\Users\siva9\appstars-gitops-demo\actions-runner\_work\_actions'
[2026-07-27 21:03:20Z INFO ActionManifestManagerLegacy] Loaded action.yml file: {
  "name": "Checkout",
  "description": "Checkout a Git repository at a particular version",
  "inputs": {
    "type": 2,
    "map": [
      {
        "key": {
          "type": 0,
          "file": 2,
          "line": 4,
          "col": 3,
          "lit": "repository"
        },
        "value": {
          "type": 3,
          "file": 2,
          "line": 6,
          "col": 14,
          "expr": "github.repository"
        }
      },
      {
        "key": {
          "type": 0,
          "file": 2,
          "line": 7,
          "col": 3,
          "lit": "ref"
        },
        "value": ""
      },
      {
        "key": {
          "type": 0,
          "file": 2,
          "line": 12,
          "col": 3,
          "lit": "token"
        },
        "value": {
          "type": 3,
          "file": 2,
          "line": 24,
          "col": 14,
          "expr": "github.token"
        }
      },
      {
        "key": {
          "type": 0,
          "file": 2,
          "line": 25,
          "col": 3,
          "lit": "ssh-key"
        },
        "value": ""
      },
      {
        "key": {
          "type": 0,
          "file": 2,
          "line": 37,
          "col": 3,
          "lit": "ssh-known-hosts"
        },
        "value": ""
      },
      {
        "key": {
          "type": 0,
          "file": 2,
          "line": 42,
          "col": 3,
          "lit": "ssh-strict"
        },
        "value": {
          "type": 0,
          "file": 2,
          "line": 47,
          "col": 14,
          "lit": "true"
        }
      },
      {
        "key": {
          "type": 0,
          "file": 2,
          "line": 48,
          "col": 3,
          "lit": "ssh-user"
        },
        "value": {
          "type": 0,
          "file": 2,
          "line": 51,
          "col": 14,
          "lit": "git"
        }
      },
      {
        "key": {
          "type": 0,
          "file": 2,
          "line": 52,
          "col": 3,
          "lit": "persist-credentials"
        },
        "value": {
          "type": 0,
          "file": 2,
          "line": 54,
          "col": 14,
          "lit": "true"
        }
      },
      {
        "key": {
          "type": 0,
          "file": 2,
          "line": 55,
          "col": 3,
          "lit": "path"
        },
        "value": ""
      },
      {
        "key": {
          "type": 0,
          "file": 2,
          "line": 57,
          "col": 3,
          "lit": "clean"
        },
        "value": {
          "type": 0,
          "file": 2,
          "line": 59,
          "col": 14,
          "lit": "true"
        }
      },
      {
        "key": {
          "type": 0,
          "file": 2,
          "line": 60,
          "col": 3,
          "lit": "filter"
        },
        "value": {
          "type": 0,
          "file": 2,
          "line": 64,
          "col": 14,
          "lit": ""
        }
      },
      {
        "key": {
          "type": 0,
          "file": 2,
          "line": 65,
          "col": 3,
          "lit": "sparse-checkout"
        },
        "value": {
          "type": 0,
          "file": 2,
          "line": 69,
          "col": 14,
          "lit": ""
        }
      },
      {
        "key": {
          "type": 0,
          "file": 2,
          "line": 70,
          "col": 3,
          "lit": "sparse-checkout-cone-mode"
        },
        "value": {
          "type": 0,
          "file": 2,
          "line": 73,
          "col": 14,
          "lit": "true"
        }
      },
      {
        "key": {
          "type": 0,
          "file": 2,
          "line": 74,
          "col": 3,
          "lit": "fetch-depth"
        },
        "value": {
          "type": 0,
          "file": 2,
          "line": 76,
          "col": 14,
          "lit": "1"
        }
      },
      {
        "key": {
          "type": 0,
          "file": 2,
          "line": 77,
          "col": 3,
          "lit": "fetch-tags"
        },
        "value": {
          "type": 0,
          "file": 2,
          "line": 79,
          "col": 14,
          "lit": "false"
        }
      },
      {
        "key": {
          "type": 0,
          "file": 2,
          "line": 80,
          "col": 3,
          "lit": "show-progress"
        },
        "value": {
          "type": 0,
          "file": 2,
          "line": 82,
          "col": 14,
          "lit": "true"
        }
      },
      {
        "key": {
          "type": 0,
          "file": 2,
          "line": 83,
          "col": 3,
          "lit": "lfs"
        },
        "value": {
          "type": 0,
          "file": 2,
          "line": 85,
          "col": 14,
          "lit": "false"
        }
      },
      {
        "key": {
          "type": 0,
          "file": 2,
          "line": 86,
          "col": 3,
          "lit": "submodules"
        },
        "value": {
          "type": 0,
          "file": 2,
          "line": 94,
          "col": 14,
          "lit": "false"
        }
      },
      {
        "key": {
          "type": 0,
          "file": 2,
          "line": 95,
          "col": 3,
          "lit": "set-safe-directory"
        },
        "value": {
          "type": 0,
          "file": 2,
          "line": 97,
          "col": 14,
          "lit": "true"
        }
      },
      {
        "key": {
          "type": 0,
          "file": 2,
          "line": 98,
          "col": 3,
          "lit": "github-server-url"
        },
        "value": ""
      },
      {
        "key": {
          "type": 0,
          "file": 2,
          "line": 101,
          "col": 3,
          "lit": "allow-unsafe-pr-checkout"
        },
        "value": {
          "type": 0,
          "file": 2,
          "line": 109,
          "col": 14,
          "lit": "false"
        }
      }
    ]
  },
  "execution": {
    "executionType": "nodeJS",
    "hasPre": false,
    "hasPost": true,
    "script": "dist/index.js",
    "pre": null,
    "post": "dist/index.js",
    "nodeVersion": "node20",
    "cleanupCondition": "always()",
    "initCondition": "always()"
  },
  "deprecated": null
}
[2026-07-27 21:03:20Z INFO ActionManager] Action node.js file: dist/index.js, no more preparation.
[2026-07-27 21:03:20Z INFO HostContext] Well known directory 'Bin': 'C:\Users\siva9\appstars-gitops-demo\actions-runner\bin'
[2026-07-27 21:03:20Z INFO HostContext] Well known directory 'Root': 'C:\Users\siva9\appstars-gitops-demo\actions-runner'
[2026-07-27 21:03:20Z INFO HostContext] Well known directory 'Work': 'C:\Users\siva9\appstars-gitops-demo\actions-runner\_work'
[2026-07-27 21:03:20Z INFO HostContext] Well known directory 'Actions': 'C:\Users\siva9\appstars-gitops-demo\actions-runner\_work\_actions'
[2026-07-27 21:03:20Z INFO ActionManager] Load action that reference repository from 'C:\Users\siva9\appstars-gitops-demo\actions-runner\_work\_actions\actions\checkout\v4'
[2026-07-27 21:03:20Z INFO HostContext] Well known directory 'Bin': 'C:\Users\siva9\appstars-gitops-demo\actions-runner\bin'
[2026-07-27 21:03:20Z INFO HostContext] Well known directory 'Root': 'C:\Users\siva9\appstars-gitops-demo\actions-runner'
[2026-07-27 21:03:20Z INFO HostContext] Well known directory 'Work': 'C:\Users\siva9\appstars-gitops-demo\actions-runner\_work'
[2026-07-27 21:03:20Z INFO HostContext] Well known directory 'Actions': 'C:\Users\siva9\appstars-gitops-demo\actions-runner\_work\_actions'
[2026-07-27 21:03:20Z INFO ActionManifestManagerLegacy] Loaded action.yml file: {
  "name": "Checkout",
  "description": "Checkout a Git repository at a particular version",
  "inputs": {
    "type": 2,
    "map": [
      {
        "key": {
          "type": 0,
          "file": 2,
          "line": 4,
          "col": 3,
          "lit": "repository"
        },
        "value": {
          "type": 3,
          "file": 2,
          "line": 6,
          "col": 14,
          "expr": "github.repository"
        }
      },
      {
        "key": {
          "type": 0,
          "file": 2,
          "line": 7,
          "col": 3,
          "lit": "ref"
        },
        "value": ""
      },
      {
        "key": {
          "type": 0,
          "file": 2,
          "line": 12,
          "col": 3,
          "lit": "token"
        },
        "value": {
          "type": 3,
          "file": 2,
          "line": 24,
          "col": 14,
          "expr": "github.token"
        }
      },
      {
        "key": {
          "type": 0,
          "file": 2,
          "line": 25,
          "col": 3,
          "lit": "ssh-key"
        },
        "value": ""
      },
      {
        "key": {
          "type": 0,
          "file": 2,
          "line": 37,
          "col": 3,
          "lit": "ssh-known-hosts"
        },
        "value": ""
      },
      {
        "key": {
          "type": 0,
          "file": 2,
          "line": 42,
          "col": 3,
          "lit": "ssh-strict"
        },
        "value": {
          "type": 0,
          "file": 2,
          "line": 47,
          "col": 14,
          "lit": "true"
        }
      },
      {
        "key": {
          "type": 0,
          "file": 2,
          "line": 48,
          "col": 3,
          "lit": "ssh-user"
        },
        "value": {
          "type": 0,
          "file": 2,
          "line": 51,
          "col": 14,
          "lit": "git"
        }
      },
      {
        "key": {
          "type": 0,
          "file": 2,
          "line": 52,
          "col": 3,
          "lit": "persist-credentials"
        },
        "value": {
          "type": 0,
          "file": 2,
          "line": 54,
          "col": 14,
          "lit": "true"
        }
      },
      {
        "key": {
          "type": 0,
          "file": 2,
          "line": 55,
          "col": 3,
          "lit": "path"
        },
        "value": ""
      },
      {
        "key": {
          "type": 0,
          "file": 2,
          "line": 57,
          "col": 3,
          "lit": "clean"
        },
        "value": {
          "type": 0,
          "file": 2,
          "line": 59,
          "col": 14,
          "lit": "true"
        }
      },
      {
        "key": {
          "type": 0,
          "file": 2,
          "line": 60,
          "col": 3,
          "lit": "filter"
        },
        "value": {
          "type": 0,
          "file": 2,
          "line": 64,
          "col": 14,
          "lit": ""
        }
      },
      {
        "key": {
          "type": 0,
          "file": 2,
          "line": 65,
          "col": 3,
          "lit": "sparse-checkout"
        },
        "value": {
          "type": 0,
          "file": 2,
          "line": 69,
          "col": 14,
          "lit": ""
        }
      },
      {
        "key": {
          "type": 0,
          "file": 2,
          "line": 70,
          "col": 3,
          "lit": "sparse-checkout-cone-mode"
        },
        "value": {
          "type": 0,
          "file": 2,
          "line": 73,
          "col": 14,
          "lit": "true"
        }
      },
      {
        "key": {
          "type": 0,
          "file": 2,
          "line": 74,
          "col": 3,
          "lit": "fetch-depth"
        },
        "value": {
          "type": 0,
          "file": 2,
          "line": 76,
          "col": 14,
          "lit": "1"
        }
      },
      {
        "key": {
          "type": 0,
          "file": 2,
          "line": 77,
          "col": 3,
          "lit": "fetch-tags"
        },
        "value": {
          "type": 0,
          "file": 2,
          "line": 79,
          "col": 14,
          "lit": "false"
        }
      },
      {
        "key": {
          "type": 0,
          "file": 2,
          "line": 80,
          "col": 3,
          "lit": "show-progress"
        },
        "value": {
          "type": 0,
          "file": 2,
          "line": 82,
          "col": 14,
          "lit": "true"
        }
      },
      {
        "key": {
          "type": 0,
          "file": 2,
          "line": 83,
          "col": 3,
          "lit": "lfs"
        },
        "value": {
          "type": 0,
          "file": 2,
          "line": 85,
          "col": 14,
          "lit": "false"
        }
      },
      {
        "key": {
          "type": 0,
          "file": 2,
          "line": 86,
          "col": 3,
          "lit": "submodules"
        },
        "value": {
          "type": 0,
          "file": 2,
          "line": 94,
          "col": 14,
          "lit": "false"
        }
      },
      {
        "key": {
          "type": 0,
          "file": 2,
          "line": 95,
          "col": 3,
          "lit": "set-safe-directory"
        },
        "value": {
          "type": 0,
          "file": 2,
          "line": 97,
          "col": 14,
          "lit": "true"
        }
      },
      {
        "key": {
          "type": 0,
          "file": 2,
          "line": 98,
          "col": 3,
          "lit": "github-server-url"
        },
        "value": ""
      },
      {
        "key": {
          "type": 0,
          "file": 2,
          "line": 101,
          "col": 3,
          "lit": "allow-unsafe-pr-checkout"
        },
        "value": {
          "type": 0,
          "file": 2,
          "line": 109,
          "col": 14,
          "lit": "false"
        }
      }
    ]
  },
  "execution": {
    "executionType": "nodeJS",
    "hasPre": false,
    "hasPost": true,
    "script": "dist/index.js",
    "pre": null,
    "post": "dist/index.js",
    "nodeVersion": "node20",
    "cleanupCondition": "always()",
    "initCondition": "always()"
  },
  "deprecated": null
}
[2026-07-27 21:03:20Z INFO ActionManager] Action pre node.js file: N/A.
[2026-07-27 21:03:20Z INFO ActionManager] Action node.js file: dist/index.js.
[2026-07-27 21:03:20Z INFO ActionManager] Action post node.js file: dist/index.js.
[2026-07-27 21:03:20Z INFO JobExtension] Adding .
[2026-07-27 21:03:20Z INFO JobExtension] Adding .
[2026-07-27 21:03:20Z INFO JobExtension] Adding .
[2026-07-27 21:03:20Z INFO HostContext] Well known directory 'Bin': 'C:\Users\siva9\appstars-gitops-demo\actions-runner\bin'
[2026-07-27 21:03:20Z INFO HostContext] Well known directory 'Root': 'C:\Users\siva9\appstars-gitops-demo\actions-runner'
[2026-07-27 21:03:20Z INFO HostContext] Well known directory 'Diag': 'C:\Users\siva9\appstars-gitops-demo\actions-runner\_diag'
[2026-07-27 21:03:20Z INFO HostContext] Well known directory 'Bin': 'C:\Users\siva9\appstars-gitops-demo\actions-runner\bin'
[2026-07-27 21:03:20Z INFO HostContext] Well known directory 'Root': 'C:\Users\siva9\appstars-gitops-demo\actions-runner'
[2026-07-27 21:03:20Z INFO HostContext] Well known directory 'Diag': 'C:\Users\siva9\appstars-gitops-demo\actions-runner\_diag'
[2026-07-27 21:03:20Z INFO HostContext] Well known directory 'Bin': 'C:\Users\siva9\appstars-gitops-demo\actions-runner\bin'
[2026-07-27 21:03:20Z INFO HostContext] Well known directory 'Root': 'C:\Users\siva9\appstars-gitops-demo\actions-runner'
[2026-07-27 21:03:20Z INFO HostContext] Well known directory 'Diag': 'C:\Users\siva9\appstars-gitops-demo\actions-runner\_diag'
[2026-07-27 21:03:20Z INFO HostContext] Well known directory 'Bin': 'C:\Users\siva9\appstars-gitops-demo\actions-runner\bin'
[2026-07-27 21:03:20Z INFO HostContext] Well known directory 'Root': 'C:\Users\siva9\appstars-gitops-demo\actions-runner'
[2026-07-27 21:03:20Z INFO HostContext] Well known directory 'Diag': 'C:\Users\siva9\appstars-gitops-demo\actions-runner\_diag'
[2026-07-27 21:03:20Z INFO HostContext] Well known directory 'Bin': 'C:\Users\siva9\appstars-gitops-demo\actions-runner\bin'
[2026-07-27 21:03:20Z INFO HostContext] Well known directory 'Root': 'C:\Users\siva9\appstars-gitops-demo\actions-runner'
[2026-07-27 21:03:20Z INFO HostContext] Well known directory 'Diag': 'C:\Users\siva9\appstars-gitops-demo\actions-runner\_diag'
[2026-07-27 21:03:20Z INFO HostContext] Well known directory 'Bin': 'C:\Users\siva9\appstars-gitops-demo\actions-runner\bin'
[2026-07-27 21:03:20Z INFO HostContext] Well known directory 'Root': 'C:\Users\siva9\appstars-gitops-demo\actions-runner'
[2026-07-27 21:03:20Z INFO HostContext] Well known directory 'Diag': 'C:\Users\siva9\appstars-gitops-demo\actions-runner\_diag'
[2026-07-27 21:03:20Z INFO JobExtension] Total accessible running process: 287.
[2026-07-27 21:03:20Z INFO HostContext] Well known directory 'Bin': 'C:\Users\siva9\appstars-gitops-demo\actions-runner\bin'
[2026-07-27 21:03:20Z INFO HostContext] Well known directory 'Root': 'C:\Users\siva9\appstars-gitops-demo\actions-runner'
[2026-07-27 21:03:20Z INFO HostContext] Well known directory 'Work': 'C:\Users\siva9\appstars-gitops-demo\actions-runner\_work'
[2026-07-27 21:03:20Z INFO JobExtension] Start checking server connectivity.
[2026-07-27 21:03:20Z INFO JobExtension] Check server connectivity for https://broker.actions.githubusercontent.com/health.
[2026-07-27 21:03:20Z INFO JobExtension] Check server connectivity for https://token.actions.githubusercontent.com/ready.
[2026-07-27 21:03:20Z INFO JobExtension] Check server connectivity for https://run.actions.githubusercontent.com/health.
[2026-07-27 21:03:20Z INFO JobExtension] Start checking server connectivity and DNS.
[2026-07-27 21:03:20Z INFO JobExtension] Check server connectivity for https://github.com/_dns.
[2026-07-27 21:03:20Z INFO JobExtension] Check server connectivity for https://api.github.com/_dns.
[2026-07-27 21:03:20Z INFO JobExtension] Check server connectivity for https://codeload.github.com/_dns.
[2026-07-27 21:03:20Z INFO JobExtension] Check server connectivity for https://pkg.github.com/_dns.
[2026-07-27 21:03:20Z INFO JobExtension] Check server connectivity for https://copilot-proxy.githubusercontent.com/_dns.
[2026-07-27 21:03:20Z INFO JobExtension] Check server connectivity for http://ssh.github.com/_dns.
[2026-07-27 21:03:20Z INFO JobExtension] Start checking service connectivity in background.
[2026-07-27 21:03:20Z INFO ExecutionContext] Publish step telemetry for current step {
  "action": "setup_job",
  "type": "runner",
  "stage": "Pre",
  "stepId": "84af7215-b3d9-4ab7-84ae-f23c05ef90c4",
  "result": "succeeded",
  "errorMessages": [],
  "executionTimeInSeconds": 4,
  "startTime": "2026-07-27T21:03:17.017753Z",
  "finishTime": "2026-07-27T21:03:20.159859Z"
}.
[2026-07-27 21:03:20Z INFO JobRunner] Total job steps: 3.
[2026-07-27 21:03:20Z INFO JobRunner] Run all job steps.
[2026-07-27 21:03:20Z INFO DapDebugger] DapDebugger initialized
[2026-07-27 21:03:20Z INFO StepsRunner] Processing step: DisplayName='Checkout Source Code'
[2026-07-27 21:03:20Z INFO StepsRunner] Evaluating: success()
[2026-07-27 21:03:20Z INFO StepsRunner] Result: true
[2026-07-27 21:03:20Z INFO StepsRunner] Starting the step.
[2026-07-27 21:03:20Z INFO HostContext] Well known directory 'Bin': 'C:\Users\siva9\appstars-gitops-demo\actions-runner\bin'
[2026-07-27 21:03:20Z INFO HostContext] Well known directory 'Root': 'C:\Users\siva9\appstars-gitops-demo\actions-runner'
[2026-07-27 21:03:20Z INFO HostContext] Well known directory 'Work': 'C:\Users\siva9\appstars-gitops-demo\actions-runner\_work'
[2026-07-27 21:03:20Z INFO StepsRunner] Which2: 'chcp'
[2026-07-27 21:03:20Z INFO StepsRunner] Location: 'C:\WINDOWS\system32\chcp.COM'
[2026-07-27 21:03:20Z INFO ProcessInvokerWrapper] Starting process:
[2026-07-27 21:03:20Z INFO ProcessInvokerWrapper]   File name: 'C:\WINDOWS\system32\chcp.COM'
[2026-07-27 21:03:20Z INFO ProcessInvokerWrapper]   Arguments: '65001'
[2026-07-27 21:03:20Z INFO ProcessInvokerWrapper]   Working directory: 'C:\Users\siva9\appstars-gitops-demo\actions-runner\_work'
[2026-07-27 21:03:20Z INFO ProcessInvokerWrapper]   Require exit code zero: 'False'
[2026-07-27 21:03:20Z INFO ProcessInvokerWrapper]   Encoding web name:  ; code page: ''
[2026-07-27 21:03:20Z INFO ProcessInvokerWrapper]   Force kill process on cancellation: 'False'
[2026-07-27 21:03:20Z INFO ProcessInvokerWrapper]   Redirected STDIN: 'False'
[2026-07-27 21:03:20Z INFO ProcessInvokerWrapper]   Persist current code page: 'True'
[2026-07-27 21:03:20Z INFO ProcessInvokerWrapper]   Keep redirected STDIN open: 'False'
[2026-07-27 21:03:20Z INFO ProcessInvokerWrapper]   High priority process: 'False'
[2026-07-27 21:03:20Z INFO ProcessInvokerWrapper] Process started with process id 9168, waiting for process exit.
[2026-07-27 21:03:20Z INFO ProcessInvokerWrapper] STDOUT/STDERR stream read finished.
[2026-07-27 21:03:20Z INFO ProcessInvokerWrapper] STDOUT/STDERR stream read finished.
[2026-07-27 21:03:20Z INFO ProcessInvokerWrapper] Finished process 9168 with exit code 0, and elapsed time 00:00:00.0079198.
[2026-07-27 21:03:20Z INFO StepsRunner] Successfully returned to code page 65001 (UTF8)
[2026-07-27 21:03:20Z INFO HostContext] Well known directory 'Bin': 'C:\Users\siva9\appstars-gitops-demo\actions-runner\bin'
[2026-07-27 21:03:20Z INFO HostContext] Well known directory 'Root': 'C:\Users\siva9\appstars-gitops-demo\actions-runner'
[2026-07-27 21:03:20Z INFO HostContext] Well known directory 'Work': 'C:\Users\siva9\appstars-gitops-demo\actions-runner\_work'
[2026-07-27 21:03:20Z INFO HostContext] Well known directory 'Actions': 'C:\Users\siva9\appstars-gitops-demo\actions-runner\_work\_actions'
[2026-07-27 21:03:20Z INFO ActionManager] Load action that reference repository from 'C:\Users\siva9\appstars-gitops-demo\actions-runner\_work\_actions\actions\checkout\v4'
[2026-07-27 21:03:20Z INFO HostContext] Well known directory 'Bin': 'C:\Users\siva9\appstars-gitops-demo\actions-runner\bin'
[2026-07-27 21:03:20Z INFO HostContext] Well known directory 'Root': 'C:\Users\siva9\appstars-gitops-demo\actions-runner'
[2026-07-27 21:03:20Z INFO HostContext] Well known directory 'Work': 'C:\Users\siva9\appstars-gitops-demo\actions-runner\_work'
[2026-07-27 21:03:20Z INFO HostContext] Well known directory 'Actions': 'C:\Users\siva9\appstars-gitops-demo\actions-runner\_work\_actions'
[2026-07-27 21:03:20Z INFO ActionManifestManagerLegacy] Loaded action.yml file: {
  "name": "Checkout",
  "description": "Checkout a Git repository at a particular version",
  "inputs": {
    "type": 2,
    "map": [
      {
        "key": {
          "type": 0,
          "file": 2,
          "line": 4,
          "col": 3,
          "lit": "repository"
        },
        "value": {
          "type": 3,
          "file": 2,
          "line": 6,
          "col": 14,
          "expr": "github.repository"
        }
      },
      {
        "key": {
          "type": 0,
          "file": 2,
          "line": 7,
          "col": 3,
          "lit": "ref"
        },
        "value": ""
      },
      {
        "key": {
          "type": 0,
          "file": 2,
          "line": 12,
          "col": 3,
          "lit": "token"
        },
        "value": {
          "type": 3,
          "file": 2,
          "line": 24,
          "col": 14,
          "expr": "github.token"
        }
      },
      {
        "key": {
          "type": 0,
          "file": 2,
          "line": 25,
          "col": 3,
          "lit": "ssh-key"
        },
        "value": ""
      },
      {
        "key": {
          "type": 0,
          "file": 2,
          "line": 37,
          "col": 3,
          "lit": "ssh-known-hosts"
        },
        "value": ""
      },
      {
        "key": {
          "type": 0,
          "file": 2,
          "line": 42,
          "col": 3,
          "lit": "ssh-strict"
        },
        "value": {
          "type": 0,
          "file": 2,
          "line": 47,
          "col": 14,
          "lit": "true"
        }
      },
      {
        "key": {
          "type": 0,
          "file": 2,
          "line": 48,
          "col": 3,
          "lit": "ssh-user"
        },
        "value": {
          "type": 0,
          "file": 2,
          "line": 51,
          "col": 14,
          "lit": "git"
        }
      },
      {
        "key": {
          "type": 0,
          "file": 2,
          "line": 52,
          "col": 3,
          "lit": "persist-credentials"
        },
        "value": {
          "type": 0,
          "file": 2,
          "line": 54,
          "col": 14,
          "lit": "true"
        }
      },
      {
        "key": {
          "type": 0,
          "file": 2,
          "line": 55,
          "col": 3,
          "lit": "path"
        },
        "value": ""
      },
      {
        "key": {
          "type": 0,
          "file": 2,
          "line": 57,
          "col": 3,
          "lit": "clean"
        },
        "value": {
          "type": 0,
          "file": 2,
          "line": 59,
          "col": 14,
          "lit": "true"
        }
      },
      {
        "key": {
          "type": 0,
          "file": 2,
          "line": 60,
          "col": 3,
          "lit": "filter"
        },
        "value": {
          "type": 0,
          "file": 2,
          "line": 64,
          "col": 14,
          "lit": ""
        }
      },
      {
        "key": {
          "type": 0,
          "file": 2,
          "line": 65,
          "col": 3,
          "lit": "sparse-checkout"
        },
        "value": {
          "type": 0,
          "file": 2,
          "line": 69,
          "col": 14,
          "lit": ""
        }
      },
      {
        "key": {
          "type": 0,
          "file": 2,
          "line": 70,
          "col": 3,
          "lit": "sparse-checkout-cone-mode"
        },
        "value": {
          "type": 0,
          "file": 2,
          "line": 73,
          "col": 14,
          "lit": "true"
        }
      },
      {
        "key": {
          "type": 0,
          "file": 2,
          "line": 74,
          "col": 3,
          "lit": "fetch-depth"
        },
        "value": {
          "type": 0,
          "file": 2,
          "line": 76,
          "col": 14,
          "lit": "1"
        }
      },
      {
        "key": {
          "type": 0,
          "file": 2,
          "line": 77,
          "col": 3,
          "lit": "fetch-tags"
        },
        "value": {
          "type": 0,
          "file": 2,
          "line": 79,
          "col": 14,
          "lit": "false"
        }
      },
      {
        "key": {
          "type": 0,
          "file": 2,
          "line": 80,
          "col": 3,
          "lit": "show-progress"
        },
        "value": {
          "type": 0,
          "file": 2,
          "line": 82,
          "col": 14,
          "lit": "true"
        }
      },
      {
        "key": {
          "type": 0,
          "file": 2,
          "line": 83,
          "col": 3,
          "lit": "lfs"
        },
        "value": {
          "type": 0,
          "file": 2,
          "line": 85,
          "col": 14,
          "lit": "false"
        }
      },
      {
        "key": {
          "type": 0,
          "file": 2,
          "line": 86,
          "col": 3,
          "lit": "submodules"
        },
        "value": {
          "type": 0,
          "file": 2,
          "line": 94,
          "col": 14,
          "lit": "false"
        }
      },
      {
        "key": {
          "type": 0,
          "file": 2,
          "line": 95,
          "col": 3,
          "lit": "set-safe-directory"
        },
        "value": {
          "type": 0,
          "file": 2,
          "line": 97,
          "col": 14,
          "lit": "true"
        }
      },
      {
        "key": {
          "type": 0,
          "file": 2,
          "line": 98,
          "col": 3,
          "lit": "github-server-url"
        },
        "value": ""
      },
      {
        "key": {
          "type": 0,
          "file": 2,
          "line": 101,
          "col": 3,
          "lit": "allow-unsafe-pr-checkout"
        },
        "value": {
          "type": 0,
          "file": 2,
          "line": 109,
          "col": 14,
          "lit": "false"
        }
      }
    ]
  },
  "execution": {
    "executionType": "nodeJS",
    "hasPre": false,
    "hasPost": true,
    "script": "dist/index.js",
    "pre": null,
    "post": "dist/index.js",
    "nodeVersion": "node20",
    "cleanupCondition": "always()",
    "initCondition": "always()"
  },
  "deprecated": null
}
[2026-07-27 21:03:20Z INFO ActionManager] Action pre node.js file: N/A.
[2026-07-27 21:03:20Z INFO ActionManager] Action node.js file: dist/index.js.
[2026-07-27 21:03:20Z INFO ActionManager] Action post node.js file: dist/index.js.
[2026-07-27 21:03:20Z INFO ExecutionContext] Reserve record order 5 to 8 for post job actions.
[2026-07-27 21:03:20Z INFO HostContext] Well known directory 'Bin': 'C:\Users\siva9\appstars-gitops-demo\actions-runner\bin'
[2026-07-27 21:03:20Z INFO HostContext] Well known directory 'Root': 'C:\Users\siva9\appstars-gitops-demo\actions-runner'
[2026-07-27 21:03:20Z INFO HostContext] Well known directory 'Diag': 'C:\Users\siva9\appstars-gitops-demo\actions-runner\_diag'
[2026-07-27 21:03:20Z INFO HostContext] Well known directory 'Bin': 'C:\Users\siva9\appstars-gitops-demo\actions-runner\bin'
[2026-07-27 21:03:20Z INFO HostContext] Well known directory 'Root': 'C:\Users\siva9\appstars-gitops-demo\actions-runner'
[2026-07-27 21:03:20Z INFO HostContext] Well known directory 'Diag': 'C:\Users\siva9\appstars-gitops-demo\actions-runner\_diag'
[2026-07-27 21:03:20Z INFO HostContext] Well known directory 'Bin': 'C:\Users\siva9\appstars-gitops-demo\actions-runner\bin'
[2026-07-27 21:03:20Z INFO HostContext] Well known directory 'Root': 'C:\Users\siva9\appstars-gitops-demo\actions-runner'
[2026-07-27 21:03:20Z INFO HostContext] Well known directory 'Work': 'C:\Users\siva9\appstars-gitops-demo\actions-runner\_work'
[2026-07-27 21:03:20Z INFO HostContext] Well known directory 'Temp': 'C:\Users\siva9\appstars-gitops-demo\actions-runner\_work\_temp'
[2026-07-27 21:03:20Z INFO ExecutionContext] Write event payload to C:\Users\siva9\appstars-gitops-demo\actions-runner\_work\_temp\_github_workflow\event.json
[2026-07-27 21:03:20Z INFO HostContext] Well known directory 'Bin': 'C:\Users\siva9\appstars-gitops-demo\actions-runner\bin'
[2026-07-27 21:03:20Z INFO HostContext] Well known directory 'Root': 'C:\Users\siva9\appstars-gitops-demo\actions-runner'
[2026-07-27 21:03:20Z INFO HostContext] Well known directory 'Work': 'C:\Users\siva9\appstars-gitops-demo\actions-runner\_work'
[2026-07-27 21:03:20Z INFO HostContext] Well known directory 'Temp': 'C:\Users\siva9\appstars-gitops-demo\actions-runner\_work\_temp'
[2026-07-27 21:03:20Z INFO ExtensionManager] Getting extensions for interface: 'GitHub.Runner.Worker.IFileCommandExtension'
[2026-07-27 21:03:20Z INFO ExtensionManager] Creating instance: GitHub.Runner.Worker.AddPathFileCommand, Runner.Worker
[2026-07-27 21:03:20Z INFO ExtensionManager] Creating instance: GitHub.Runner.Worker.SetEnvFileCommand, Runner.Worker
[2026-07-27 21:03:20Z INFO ExtensionManager] Creating instance: GitHub.Runner.Worker.CreateStepSummaryCommand, Runner.Worker
[2026-07-27 21:03:20Z INFO ExtensionManager] Creating instance: GitHub.Runner.Worker.SaveStateFileCommand, Runner.Worker
[2026-07-27 21:03:20Z INFO ExtensionManager] Creating instance: GitHub.Runner.Worker.SetOutputFileCommand, Runner.Worker
[2026-07-27 21:03:20Z INFO ExtensionManager] Creating instance: GitHub.Runner.Worker.CreateArtifactsFileCommand, Runner.Worker
[2026-07-27 21:03:20Z INFO ExtensionManager] Creating instance: GitHub.Runner.Worker.ArtifactsListFileCommand, Runner.Worker
[2026-07-27 21:03:20Z INFO ActionManifestManagerLegacy] Input 'repository': default value evaluate result: {
  "type": 0,
  "file": 2,
  "line": 6,
  "col": 14,
  "lit": "SivaShankarRajendran16/appstars-gitops-demo"
}
[2026-07-27 21:03:20Z INFO ActionManifestManagerLegacy] Input 'ref': default value evaluate result: ""
[2026-07-27 21:03:20Z INFO ActionManifestManagerLegacy] Input 'token': default value evaluate result: {
  "type": 0,
  "file": 2,
  "line": 24,
  "col": 14,
  "lit": "***"
}
[2026-07-27 21:03:20Z INFO ActionManifestManagerLegacy] Input 'ssh-key': default value evaluate result: ""
[2026-07-27 21:03:20Z INFO ActionManifestManagerLegacy] Input 'ssh-known-hosts': default value evaluate result: ""
[2026-07-27 21:03:20Z INFO ActionManifestManagerLegacy] Input 'ssh-strict': default value evaluate result: {
  "type": 0,
  "file": 2,
  "line": 47,
  "col": 14,
  "lit": "true"
}
[2026-07-27 21:03:20Z INFO ActionManifestManagerLegacy] Input 'ssh-user': default value evaluate result: {
  "type": 0,
  "file": 2,
  "line": 51,
  "col": 14,
  "lit": "git"
}
[2026-07-27 21:03:20Z INFO ActionManifestManagerLegacy] Input 'persist-credentials': default value evaluate result: {
  "type": 0,
  "file": 2,
  "line": 54,
  "col": 14,
  "lit": "true"
}
[2026-07-27 21:03:20Z INFO ActionManifestManagerLegacy] Input 'path': default value evaluate result: ""
[2026-07-27 21:03:20Z INFO ActionManifestManagerLegacy] Input 'clean': default value evaluate result: {
  "type": 0,
  "file": 2,
  "line": 59,
  "col": 14,
  "lit": "true"
}
[2026-07-27 21:03:20Z INFO ActionManifestManagerLegacy] Input 'filter': default value evaluate result: {
  "type": 0,
  "file": 2,
  "line": 64,
  "col": 14,
  "lit": ""
}
[2026-07-27 21:03:20Z INFO ActionManifestManagerLegacy] Input 'sparse-checkout': default value evaluate result: {
  "type": 0,
  "file": 2,
  "line": 69,
  "col": 14,
  "lit": ""
}
[2026-07-27 21:03:20Z INFO ActionManifestManagerLegacy] Input 'sparse-checkout-cone-mode': default value evaluate result: {
  "type": 0,
  "file": 2,
  "line": 73,
  "col": 14,
  "lit": "true"
}
[2026-07-27 21:03:20Z INFO ActionManifestManagerLegacy] Input 'fetch-depth': default value evaluate result: {
  "type": 0,
  "file": 2,
  "line": 76,
  "col": 14,
  "lit": "1"
}
[2026-07-27 21:03:20Z INFO ActionManifestManagerLegacy] Input 'fetch-tags': default value evaluate result: {
  "type": 0,
  "file": 2,
  "line": 79,
  "col": 14,
  "lit": "false"
}
[2026-07-27 21:03:20Z INFO ActionManifestManagerLegacy] Input 'show-progress': default value evaluate result: {
  "type": 0,
  "file": 2,
  "line": 82,
  "col": 14,
  "lit": "true"
}
[2026-07-27 21:03:20Z INFO ActionManifestManagerLegacy] Input 'lfs': default value evaluate result: {
  "type": 0,
  "file": 2,
  "line": 85,
  "col": 14,
  "lit": "false"
}
[2026-07-27 21:03:20Z INFO ActionManifestManagerLegacy] Input 'submodules': default value evaluate result: {
  "type": 0,
  "file": 2,
  "line": 94,
  "col": 14,
  "lit": "false"
}
[2026-07-27 21:03:20Z INFO ActionManifestManagerLegacy] Input 'set-safe-directory': default value evaluate result: {
  "type": 0,
  "file": 2,
  "line": 97,
  "col": 14,
  "lit": "true"
}
[2026-07-27 21:03:20Z INFO ActionManifestManagerLegacy] Input 'github-server-url': default value evaluate result: ""
[2026-07-27 21:03:20Z INFO ActionManifestManagerLegacy] Input 'allow-unsafe-pr-checkout': default value evaluate result: {
  "type": 0,
  "file": 2,
  "line": 109,
  "col": 14,
  "lit": "false"
}
[2026-07-27 21:03:20Z INFO ExtensionManager] Getting extensions for interface: 'GitHub.Runner.Worker.IActionCommandExtension'
[2026-07-27 21:03:20Z INFO ExtensionManager] Creating instance: GitHub.Runner.Worker.InternalPluginSetRepoPathCommandExtension, Runner.Worker
[2026-07-27 21:03:20Z INFO ExtensionManager] Creating instance: GitHub.Runner.Worker.SetEnvCommandExtension, Runner.Worker
[2026-07-27 21:03:20Z INFO ExtensionManager] Creating instance: GitHub.Runner.Worker.SetOutputCommandExtension, Runner.Worker
[2026-07-27 21:03:20Z INFO ExtensionManager] Creating instance: GitHub.Runner.Worker.SaveStateCommandExtension, Runner.Worker
[2026-07-27 21:03:20Z INFO ExtensionManager] Creating instance: GitHub.Runner.Worker.AddPathCommandExtension, Runner.Worker
[2026-07-27 21:03:20Z INFO ExtensionManager] Creating instance: GitHub.Runner.Worker.AddMaskCommandExtension, Runner.Worker
[2026-07-27 21:03:20Z INFO ExtensionManager] Creating instance: GitHub.Runner.Worker.AddMatcherCommandExtension, Runner.Worker
[2026-07-27 21:03:20Z INFO ExtensionManager] Creating instance: GitHub.Runner.Worker.RemoveMatcherCommandExtension, Runner.Worker
[2026-07-27 21:03:20Z INFO ExtensionManager] Creating instance: GitHub.Runner.Worker.WarningCommandExtension, Runner.Worker
[2026-07-27 21:03:20Z INFO ExtensionManager] Creating instance: GitHub.Runner.Worker.ErrorCommandExtension, Runner.Worker
[2026-07-27 21:03:20Z INFO ExtensionManager] Creating instance: GitHub.Runner.Worker.NoticeCommandExtension, Runner.Worker
[2026-07-27 21:03:20Z INFO ExtensionManager] Creating instance: GitHub.Runner.Worker.DebugCommandExtension, Runner.Worker
[2026-07-27 21:03:20Z INFO ExtensionManager] Creating instance: GitHub.Runner.Worker.GroupCommandExtension, Runner.Worker
[2026-07-27 21:03:20Z INFO ExtensionManager] Creating instance: GitHub.Runner.Worker.EndGroupCommandExtension, Runner.Worker
[2026-07-27 21:03:20Z INFO ExtensionManager] Creating instance: GitHub.Runner.Worker.EchoCommandExtension, Runner.Worker
[2026-07-27 21:03:20Z INFO ActionCommandManager] Register action command extension for command internal-set-repo-path
[2026-07-27 21:03:20Z INFO ActionCommandManager] Register action command extension for command set-env
[2026-07-27 21:03:20Z INFO ActionCommandManager] Register action command extension for command set-output
[2026-07-27 21:03:20Z INFO ActionCommandManager] Register action command extension for command save-state
[2026-07-27 21:03:20Z INFO ActionCommandManager] Register action command extension for command add-path
[2026-07-27 21:03:20Z INFO ActionCommandManager] Register action command extension for command add-mask
[2026-07-27 21:03:20Z INFO ActionCommandManager] Register action command extension for command add-matcher
[2026-07-27 21:03:20Z INFO ActionCommandManager] Register action command extension for command remove-matcher
[2026-07-27 21:03:20Z INFO ActionCommandManager] Register action command extension for command warning
[2026-07-27 21:03:20Z INFO ActionCommandManager] Register action command extension for command error
[2026-07-27 21:03:20Z INFO ActionCommandManager] Register action command extension for command notice
[2026-07-27 21:03:20Z INFO ActionCommandManager] Register action command extension for command debug
[2026-07-27 21:03:20Z INFO ActionCommandManager] Register action command extension for command group
[2026-07-27 21:03:20Z INFO ActionCommandManager] Register action command extension for command endgroup
[2026-07-27 21:03:20Z INFO ActionCommandManager] Register action command extension for command echo
[2026-07-27 21:03:20Z INFO HostContext] Well known directory 'Bin': 'C:\Users\siva9\appstars-gitops-demo\actions-runner\bin'
[2026-07-27 21:03:20Z INFO HostContext] Well known directory 'Root': 'C:\Users\siva9\appstars-gitops-demo\actions-runner'
[2026-07-27 21:03:20Z INFO HostContext] Well known directory 'Externals': 'C:\Users\siva9\appstars-gitops-demo\actions-runner\externals'
[2026-07-27 21:03:20Z INFO ProcessInvokerWrapper] Starting process:
[2026-07-27 21:03:20Z INFO ProcessInvokerWrapper]   File name: 'C:\Users\siva9\appstars-gitops-demo\actions-runner\externals\node24\bin\node.exe'
[2026-07-27 21:03:20Z INFO ProcessInvokerWrapper]   Arguments: '"C:\Users\siva9\appstars-gitops-demo\actions-runner\_work\_actions\actions\checkout\v4\dist/index.js"'
[2026-07-27 21:03:20Z INFO ProcessInvokerWrapper]   Working directory: 'C:\Users\siva9\appstars-gitops-demo\actions-runner\_work\appstars-gitops-demo\appstars-gitops-demo'
[2026-07-27 21:03:20Z INFO ProcessInvokerWrapper]   Require exit code zero: 'False'
[2026-07-27 21:03:20Z INFO ProcessInvokerWrapper]   Encoding web name: utf-8 ; code page: '65001'
[2026-07-27 21:03:20Z INFO ProcessInvokerWrapper]   Force kill process on cancellation: 'False'
[2026-07-27 21:03:20Z INFO ProcessInvokerWrapper]   Redirected STDIN: 'False'
[2026-07-27 21:03:20Z INFO ProcessInvokerWrapper]   Persist current code page: 'True'
[2026-07-27 21:03:20Z INFO ProcessInvokerWrapper]   Keep redirected STDIN open: 'False'
[2026-07-27 21:03:20Z INFO ProcessInvokerWrapper]   High priority process: 'False'
[2026-07-27 21:03:20Z INFO ProcessInvokerWrapper] Process started with process id 20304, waiting for process exit.
[2026-07-27 21:03:20Z INFO JobServerQueue] Try to append 1 batches web console lines for record '84af7215-b3d9-4ab7-84ae-f23c05ef90c4', success rate: 1/1.
[2026-07-27 21:03:20Z INFO JobServerQueue] Try to append 1 batches web console lines for record 'c4c36353-03fa-4bf3-9d95-5294b92b043f', success rate: 1/1.
[2026-07-27 21:03:20Z INFO JobServerQueue] Try to append 1 batches web console lines for record 'c4c36353-03fa-4bf3-9d95-5294b92b043f', success rate: 1/1.
[2026-07-27 21:03:20Z ERR  GitHubActionsService] POST request to https://results-receiver.actions.githubusercontent.com/twirp/github.actions.results.api.v1.WorkflowStepUpdateService/WorkflowStepsUpdate failed. HTTP Status: NotFound
[2026-07-27 21:03:20Z INFO JobServerQueue] Catch exception during update steps, skip update Results.
[2026-07-27 21:03:20Z ERR  JobServerQueue] System.Exception: Failed to mark StepsUpdateRequest upload as complete, status code: NotFound, ok: False, timestamp: 2026-07-27T21:03:20.526Z
   at GitHub.Services.Results.Client.ResultsHttpClient.SendRequest[R](Uri uri, CancellationToken cancellationToken, R request, String timestamp)
   at GitHub.Services.Results.Client.ResultsHttpClient.UpdateWorkflowStepsAsync(Guid planId, IEnumerable`1 records, CancellationToken cancellationToken)
   at GitHub.Runner.Common.JobServerQueue.ProcessTimelinesUpdateQueueAsync(Boolean runOnce)
[2026-07-27 21:03:21Z INFO JobServerQueue] Got a step log file to send to results service.
[2026-07-27 21:03:21Z INFO JobServerQueue] Starting upload of step log file to results service ResultsLog, C:\Users\siva9\appstars-gitops-demo\actions-runner\_diag\blocks\6a683816-7541-41d8-be90-fecc2602e915_84af7215-b3d9-4ab7-84ae-f23c05ef90c4.1
[2026-07-27 21:03:21Z INFO JobServerQueue] Try to upload 1 log files or attachments, success rate: 1/1.
[2026-07-27 21:03:21Z INFO JobServerQueue] Try to append 1 batches web console lines for record 'c4c36353-03fa-4bf3-9d95-5294b92b043f', success rate: 1/1.
[2026-07-27 21:03:22Z INFO ProcessInvokerWrapper] STDOUT/STDERR stream read finished.
[2026-07-27 21:03:22Z INFO ProcessInvokerWrapper] STDOUT/STDERR stream read finished.
[2026-07-27 21:03:22Z INFO ProcessInvokerWrapper] Finished process 20304 with exit code 0, and elapsed time 00:00:01.8917146.
[2026-07-27 21:03:22Z INFO CreateStepSummaryCommand] Step Summary file (C:\Users\siva9\appstars-gitops-demo\actions-runner\_work\_temp\_runner_file_commands\step_summary_81e11689-3e9b-4716-adb8-02219d4b0bfc) is empty; skipping attachment upload
[2026-07-27 21:03:22Z INFO StepsRunner] Step result: 
[2026-07-27 21:03:22Z INFO ExecutionContext] Publish step telemetry for current step {
  "action": "actions/checkout",
  "ref": "v4",
  "type": "node24",
  "stage": "Main",
  "stepId": "c4c36353-03fa-4bf3-9d95-5294b92b043f",
  "stepContextName": "__actions_checkout",
  "hasPreStep": false,
  "hasPostStep": true,
  "result": "succeeded",
  "errorMessages": [],
  "executionTimeInSeconds": 2,
  "startTime": "2026-07-27T21:03:20.1688091Z",
  "finishTime": "2026-07-27T21:03:22.1347477Z"
}.
[2026-07-27 21:03:22Z INFO StepsRunner] No need for updating job result with current step result 'Succeeded'.
[2026-07-27 21:03:22Z INFO StepsRunner] Current state: job state = ''
[2026-07-27 21:03:22Z INFO StepsRunner] Processing step: DisplayName='Synchronize Local Cluster Container Registry Space'
[2026-07-27 21:03:22Z INFO StepsRunner] Evaluating: success()
[2026-07-27 21:03:22Z INFO StepsRunner] Result: true
[2026-07-27 21:03:22Z INFO StepsRunner] Starting the step.
[2026-07-27 21:03:22Z INFO HostContext] Well known directory 'Bin': 'C:\Users\siva9\appstars-gitops-demo\actions-runner\bin'
[2026-07-27 21:03:22Z INFO HostContext] Well known directory 'Root': 'C:\Users\siva9\appstars-gitops-demo\actions-runner'
[2026-07-27 21:03:22Z INFO HostContext] Well known directory 'Work': 'C:\Users\siva9\appstars-gitops-demo\actions-runner\_work'
[2026-07-27 21:03:22Z INFO StepsRunner] Which2: 'chcp'
[2026-07-27 21:03:22Z INFO StepsRunner] Location: 'C:\WINDOWS\system32\chcp.COM'
[2026-07-27 21:03:22Z INFO ProcessInvokerWrapper] Starting process:
[2026-07-27 21:03:22Z INFO ProcessInvokerWrapper]   File name: 'C:\WINDOWS\system32\chcp.COM'
[2026-07-27 21:03:22Z INFO ProcessInvokerWrapper]   Arguments: '65001'
[2026-07-27 21:03:22Z INFO ProcessInvokerWrapper]   Working directory: 'C:\Users\siva9\appstars-gitops-demo\actions-runner\_work'
[2026-07-27 21:03:22Z INFO ProcessInvokerWrapper]   Require exit code zero: 'False'
[2026-07-27 21:03:22Z INFO ProcessInvokerWrapper]   Encoding web name:  ; code page: ''
[2026-07-27 21:03:22Z INFO ProcessInvokerWrapper]   Force kill process on cancellation: 'False'
[2026-07-27 21:03:22Z INFO ProcessInvokerWrapper]   Redirected STDIN: 'False'
[2026-07-27 21:03:22Z INFO ProcessInvokerWrapper]   Persist current code page: 'True'
[2026-07-27 21:03:22Z INFO ProcessInvokerWrapper]   Keep redirected STDIN open: 'False'
[2026-07-27 21:03:22Z INFO ProcessInvokerWrapper]   High priority process: 'False'
[2026-07-27 21:03:22Z INFO ProcessInvokerWrapper] Process started with process id 26900, waiting for process exit.
[2026-07-27 21:03:22Z INFO ProcessInvokerWrapper] STDOUT/STDERR stream read finished.
[2026-07-27 21:03:22Z INFO ProcessInvokerWrapper] STDOUT/STDERR stream read finished.
[2026-07-27 21:03:22Z INFO ProcessInvokerWrapper] Finished process 26900 with exit code 0, and elapsed time 00:00:00.0080849.
[2026-07-27 21:03:22Z INFO StepsRunner] Successfully returned to code page 65001 (UTF8)
[2026-07-27 21:03:22Z INFO HostContext] Well known directory 'Bin': 'C:\Users\siva9\appstars-gitops-demo\actions-runner\bin'
[2026-07-27 21:03:22Z INFO HostContext] Well known directory 'Root': 'C:\Users\siva9\appstars-gitops-demo\actions-runner'
[2026-07-27 21:03:22Z INFO HostContext] Well known directory 'Work': 'C:\Users\siva9\appstars-gitops-demo\actions-runner\_work'
[2026-07-27 21:03:22Z INFO HostContext] Well known directory 'Temp': 'C:\Users\siva9\appstars-gitops-demo\actions-runner\_work\_temp'
[2026-07-27 21:03:22Z INFO ExecutionContext] Write event payload to C:\Users\siva9\appstars-gitops-demo\actions-runner\_work\_temp\_github_workflow\event.json
[2026-07-27 21:03:22Z INFO HostContext] Well known directory 'Bin': 'C:\Users\siva9\appstars-gitops-demo\actions-runner\bin'
[2026-07-27 21:03:22Z INFO HostContext] Well known directory 'Root': 'C:\Users\siva9\appstars-gitops-demo\actions-runner'
[2026-07-27 21:03:22Z INFO HostContext] Well known directory 'Work': 'C:\Users\siva9\appstars-gitops-demo\actions-runner\_work'
[2026-07-27 21:03:22Z INFO HostContext] Well known directory 'Temp': 'C:\Users\siva9\appstars-gitops-demo\actions-runner\_work\_temp'
[2026-07-27 21:03:22Z INFO ExtensionManager] Getting extensions for interface: 'GitHub.Runner.Worker.IFileCommandExtension'
[2026-07-27 21:03:22Z INFO ExtensionManager] Getting extensions for interface: 'GitHub.Runner.Worker.IActionCommandExtension'
[2026-07-27 21:03:22Z INFO ActionCommandManager] Register action command extension for command internal-set-repo-path
[2026-07-27 21:03:22Z INFO ActionCommandManager] Register action command extension for command set-env
[2026-07-27 21:03:22Z INFO ActionCommandManager] Register action command extension for command set-output
[2026-07-27 21:03:22Z INFO ActionCommandManager] Register action command extension for command save-state
[2026-07-27 21:03:22Z INFO ActionCommandManager] Register action command extension for command add-path
[2026-07-27 21:03:22Z INFO ActionCommandManager] Register action command extension for command add-mask
[2026-07-27 21:03:22Z INFO ActionCommandManager] Register action command extension for command add-matcher
[2026-07-27 21:03:22Z INFO ActionCommandManager] Register action command extension for command remove-matcher
[2026-07-27 21:03:22Z INFO ActionCommandManager] Register action command extension for command warning
[2026-07-27 21:03:22Z INFO ActionCommandManager] Register action command extension for command error
[2026-07-27 21:03:22Z INFO ActionCommandManager] Register action command extension for command notice
[2026-07-27 21:03:22Z INFO ActionCommandManager] Register action command extension for command debug
[2026-07-27 21:03:22Z INFO ActionCommandManager] Register action command extension for command group
[2026-07-27 21:03:22Z INFO ActionCommandManager] Register action command extension for command endgroup
[2026-07-27 21:03:22Z INFO ActionCommandManager] Register action command extension for command echo
[2026-07-27 21:03:22Z INFO ScriptHandler] Which2: 'powershell'
[2026-07-27 21:03:22Z INFO ScriptHandler] Location: 'C:\WINDOWS\System32\WindowsPowerShell\v1.0\powershell.EXE'
[2026-07-27 21:03:22Z INFO HostContext] Well known directory 'Bin': 'C:\Users\siva9\appstars-gitops-demo\actions-runner\bin'
[2026-07-27 21:03:22Z INFO HostContext] Well known directory 'Root': 'C:\Users\siva9\appstars-gitops-demo\actions-runner'
[2026-07-27 21:03:22Z INFO HostContext] Well known directory 'Work': 'C:\Users\siva9\appstars-gitops-demo\actions-runner\_work'
[2026-07-27 21:03:22Z INFO HostContext] Well known directory 'Temp': 'C:\Users\siva9\appstars-gitops-demo\actions-runner\_work\_temp'
[2026-07-27 21:03:22Z INFO ScriptHandler] Which2: 'powershell'
[2026-07-27 21:03:22Z INFO ScriptHandler] Location: 'C:\WINDOWS\System32\WindowsPowerShell\v1.0\powershell.EXE'
[2026-07-27 21:03:22Z INFO ProcessInvokerWrapper] Starting process:
[2026-07-27 21:03:22Z INFO ProcessInvokerWrapper]   File name: 'C:\WINDOWS\System32\WindowsPowerShell\v1.0\powershell.EXE'
[2026-07-27 21:03:22Z INFO ProcessInvokerWrapper]   Arguments: '-command ". 'C:\Users\siva9\appstars-gitops-demo\actions-runner\_work\_temp\0715a8a0-a5fa-457e-ac47-c134f9e26162.ps1'"'
[2026-07-27 21:03:22Z INFO ProcessInvokerWrapper]   Working directory: 'C:\Users\siva9\appstars-gitops-demo\actions-runner\_work\appstars-gitops-demo\appstars-gitops-demo'
[2026-07-27 21:03:22Z INFO ProcessInvokerWrapper]   Require exit code zero: 'False'
[2026-07-27 21:03:22Z INFO ProcessInvokerWrapper]   Encoding web name:  ; code page: ''
[2026-07-27 21:03:22Z INFO ProcessInvokerWrapper]   Force kill process on cancellation: 'False'
[2026-07-27 21:03:22Z INFO ProcessInvokerWrapper]   Redirected STDIN: 'False'
[2026-07-27 21:03:22Z INFO ProcessInvokerWrapper]   Persist current code page: 'True'
[2026-07-27 21:03:22Z INFO ProcessInvokerWrapper]   Keep redirected STDIN open: 'False'
[2026-07-27 21:03:22Z INFO ProcessInvokerWrapper]   High priority process: 'False'
[2026-07-27 21:03:22Z INFO JobServerQueue] Try to append 1 batches web console lines for record 'c4c36353-03fa-4bf3-9d95-5294b92b043f', success rate: 1/1.
[2026-07-27 21:03:22Z INFO JobServerQueue] Try to append 1 batches web console lines for record '48d91475-f384-45ae-b4cf-543f310df056', success rate: 1/1.
[2026-07-27 21:03:22Z INFO ProcessInvokerWrapper] Process started with process id 6220, waiting for process exit.
[2026-07-27 21:03:22Z INFO JobServerQueue] Try to append 1 batches web console lines for record '48d91475-f384-45ae-b4cf-543f310df056', success rate: 1/1.
[2026-07-27 21:03:22Z INFO JobServerQueue] Tried to upload 1 file(s) to results, success rate: 1/1.
[2026-07-27 21:03:23Z INFO JobServerQueue] Try to upload 1 log files or attachments, success rate: 1/1.
[2026-07-27 21:03:23Z INFO JobServerQueue] Try to append 1 batches web console lines for record '48d91475-f384-45ae-b4cf-543f310df056', success rate: 1/1.
[2026-07-27 21:03:23Z INFO JobServerQueue] Got a step log file to send to results service.
[2026-07-27 21:03:23Z INFO JobServerQueue] Starting upload of step log file to results service ResultsLog, C:\Users\siva9\appstars-gitops-demo\actions-runner\_diag\blocks\6a683816-7541-41d8-be90-fecc2602e915_c4c36353-03fa-4bf3-9d95-5294b92b043f.1
[2026-07-27 21:03:24Z INFO JobServerQueue] Try to append 1 batches web console lines for record '48d91475-f384-45ae-b4cf-543f310df056', success rate: 1/1.
[2026-07-27 21:03:24Z INFO JobServerQueue] Tried to upload 1 file(s) to results, success rate: 1/1.
[2026-07-27 21:03:24Z INFO JobServerQueue] Try to append 1 batches web console lines for record '48d91475-f384-45ae-b4cf-543f310df056', success rate: 1/1.
[2026-07-27 21:03:24Z INFO JobServerQueue] Try to append 1 batches web console lines for record '48d91475-f384-45ae-b4cf-543f310df056', success rate: 1/1.
[2026-07-27 21:03:25Z INFO JobServerQueue] Try to append 1 batches web console lines for record '48d91475-f384-45ae-b4cf-543f310df056', success rate: 1/1.
[2026-07-27 21:03:25Z INFO ProcessInvokerWrapper] STDOUT/STDERR stream read finished.
[2026-07-27 21:03:25Z INFO ProcessInvokerWrapper] STDOUT/STDERR stream read finished.
[2026-07-27 21:03:25Z INFO ProcessInvokerWrapper] Finished process 6220 with exit code 0, and elapsed time 00:00:03.2163806.
[2026-07-27 21:03:25Z INFO CreateStepSummaryCommand] Step Summary file (C:\Users\siva9\appstars-gitops-demo\actions-runner\_work\_temp\_runner_file_commands\step_summary_63ff7bdd-d796-40d3-ad66-933dda26da14) is empty; skipping attachment upload
[2026-07-27 21:03:25Z INFO StepsRunner] Step result: 
[2026-07-27 21:03:25Z INFO ExecutionContext] Publish step telemetry for current step {
  "action": "powershell",
  "type": "run",
  "stage": "Main",
  "stepId": "48d91475-f384-45ae-b4cf-543f310df056",
  "stepContextName": "__run",
  "result": "succeeded",
  "errorMessages": [],
  "executionTimeInSeconds": 4,
  "startTime": "2026-07-27T21:03:22.1360192Z",
  "finishTime": "2026-07-27T21:03:25.387039Z"
}.
[2026-07-27 21:03:25Z INFO StepsRunner] No need for updating job result with current step result 'Succeeded'.
[2026-07-27 21:03:25Z INFO StepsRunner] Current state: job state = ''
[2026-07-27 21:03:25Z INFO StepsRunner] Processing step: DisplayName='Perform Package Optimization and GitOps Deployment'
[2026-07-27 21:03:25Z INFO StepsRunner] Evaluating: success()
[2026-07-27 21:03:25Z INFO StepsRunner] Result: true
[2026-07-27 21:03:25Z INFO StepsRunner] Starting the step.
[2026-07-27 21:03:25Z INFO HostContext] Well known directory 'Bin': 'C:\Users\siva9\appstars-gitops-demo\actions-runner\bin'
[2026-07-27 21:03:25Z INFO HostContext] Well known directory 'Root': 'C:\Users\siva9\appstars-gitops-demo\actions-runner'
[2026-07-27 21:03:25Z INFO HostContext] Well known directory 'Work': 'C:\Users\siva9\appstars-gitops-demo\actions-runner\_work'
[2026-07-27 21:03:25Z INFO StepsRunner] Which2: 'chcp'
[2026-07-27 21:03:25Z INFO StepsRunner] Location: 'C:\WINDOWS\system32\chcp.COM'
[2026-07-27 21:03:25Z INFO ProcessInvokerWrapper] Starting process:
[2026-07-27 21:03:25Z INFO ProcessInvokerWrapper]   File name: 'C:\WINDOWS\system32\chcp.COM'
[2026-07-27 21:03:25Z INFO ProcessInvokerWrapper]   Arguments: '65001'
[2026-07-27 21:03:25Z INFO ProcessInvokerWrapper]   Working directory: 'C:\Users\siva9\appstars-gitops-demo\actions-runner\_work'
[2026-07-27 21:03:25Z INFO ProcessInvokerWrapper]   Require exit code zero: 'False'
[2026-07-27 21:03:25Z INFO ProcessInvokerWrapper]   Encoding web name:  ; code page: ''
[2026-07-27 21:03:25Z INFO ProcessInvokerWrapper]   Force kill process on cancellation: 'False'
[2026-07-27 21:03:25Z INFO ProcessInvokerWrapper]   Redirected STDIN: 'False'
[2026-07-27 21:03:25Z INFO ProcessInvokerWrapper]   Persist current code page: 'True'
[2026-07-27 21:03:25Z INFO ProcessInvokerWrapper]   Keep redirected STDIN open: 'False'
[2026-07-27 21:03:25Z INFO ProcessInvokerWrapper]   High priority process: 'False'
[2026-07-27 21:03:25Z INFO ProcessInvokerWrapper] Process started with process id 1824, waiting for process exit.
[2026-07-27 21:03:25Z INFO ProcessInvokerWrapper] STDOUT/STDERR stream read finished.
[2026-07-27 21:03:25Z INFO ProcessInvokerWrapper] STDOUT/STDERR stream read finished.
[2026-07-27 21:03:25Z INFO ProcessInvokerWrapper] Finished process 1824 with exit code 0, and elapsed time 00:00:00.0069773.
[2026-07-27 21:03:25Z INFO StepsRunner] Successfully returned to code page 65001 (UTF8)
[2026-07-27 21:03:25Z INFO HostContext] Well known directory 'Bin': 'C:\Users\siva9\appstars-gitops-demo\actions-runner\bin'
[2026-07-27 21:03:25Z INFO HostContext] Well known directory 'Root': 'C:\Users\siva9\appstars-gitops-demo\actions-runner'
[2026-07-27 21:03:25Z INFO HostContext] Well known directory 'Work': 'C:\Users\siva9\appstars-gitops-demo\actions-runner\_work'
[2026-07-27 21:03:25Z INFO HostContext] Well known directory 'Temp': 'C:\Users\siva9\appstars-gitops-demo\actions-runner\_work\_temp'
[2026-07-27 21:03:25Z INFO ExecutionContext] Write event payload to C:\Users\siva9\appstars-gitops-demo\actions-runner\_work\_temp\_github_workflow\event.json
[2026-07-27 21:03:25Z INFO HostContext] Well known directory 'Bin': 'C:\Users\siva9\appstars-gitops-demo\actions-runner\bin'
[2026-07-27 21:03:25Z INFO HostContext] Well known directory 'Root': 'C:\Users\siva9\appstars-gitops-demo\actions-runner'
[2026-07-27 21:03:25Z INFO HostContext] Well known directory 'Work': 'C:\Users\siva9\appstars-gitops-demo\actions-runner\_work'
[2026-07-27 21:03:25Z INFO HostContext] Well known directory 'Temp': 'C:\Users\siva9\appstars-gitops-demo\actions-runner\_work\_temp'
[2026-07-27 21:03:25Z INFO ExtensionManager] Getting extensions for interface: 'GitHub.Runner.Worker.IFileCommandExtension'
[2026-07-27 21:03:25Z INFO ExtensionManager] Getting extensions for interface: 'GitHub.Runner.Worker.IActionCommandExtension'
[2026-07-27 21:03:25Z INFO ActionCommandManager] Register action command extension for command internal-set-repo-path
[2026-07-27 21:03:25Z INFO ActionCommandManager] Register action command extension for command set-env
[2026-07-27 21:03:25Z INFO ActionCommandManager] Register action command extension for command set-output
[2026-07-27 21:03:25Z INFO ActionCommandManager] Register action command extension for command save-state
[2026-07-27 21:03:25Z INFO ActionCommandManager] Register action command extension for command add-path
[2026-07-27 21:03:25Z INFO ActionCommandManager] Register action command extension for command add-mask
[2026-07-27 21:03:25Z INFO ActionCommandManager] Register action command extension for command add-matcher
[2026-07-27 21:03:25Z INFO ActionCommandManager] Register action command extension for command remove-matcher
[2026-07-27 21:03:25Z INFO ActionCommandManager] Register action command extension for command warning
[2026-07-27 21:03:25Z INFO ActionCommandManager] Register action command extension for command error
[2026-07-27 21:03:25Z INFO ActionCommandManager] Register action command extension for command notice
[2026-07-27 21:03:25Z INFO ActionCommandManager] Register action command extension for command debug
[2026-07-27 21:03:25Z INFO ActionCommandManager] Register action command extension for command group
[2026-07-27 21:03:25Z INFO ActionCommandManager] Register action command extension for command endgroup
[2026-07-27 21:03:25Z INFO ActionCommandManager] Register action command extension for command echo
[2026-07-27 21:03:25Z INFO ScriptHandler] Which2: 'powershell'
[2026-07-27 21:03:25Z INFO ScriptHandler] Location: 'C:\WINDOWS\System32\WindowsPowerShell\v1.0\powershell.EXE'
[2026-07-27 21:03:25Z INFO HostContext] Well known directory 'Bin': 'C:\Users\siva9\appstars-gitops-demo\actions-runner\bin'
[2026-07-27 21:03:25Z INFO HostContext] Well known directory 'Root': 'C:\Users\siva9\appstars-gitops-demo\actions-runner'
[2026-07-27 21:03:25Z INFO HostContext] Well known directory 'Work': 'C:\Users\siva9\appstars-gitops-demo\actions-runner\_work'
[2026-07-27 21:03:25Z INFO HostContext] Well known directory 'Temp': 'C:\Users\siva9\appstars-gitops-demo\actions-runner\_work\_temp'
[2026-07-27 21:03:25Z INFO ScriptHandler] Which2: 'powershell'
[2026-07-27 21:03:25Z INFO ScriptHandler] Location: 'C:\WINDOWS\System32\WindowsPowerShell\v1.0\powershell.EXE'
[2026-07-27 21:03:25Z INFO ProcessInvokerWrapper] Starting process:
[2026-07-27 21:03:25Z INFO ProcessInvokerWrapper]   File name: 'C:\WINDOWS\System32\WindowsPowerShell\v1.0\powershell.EXE'
[2026-07-27 21:03:25Z INFO ProcessInvokerWrapper]   Arguments: '-command ". 'C:\Users\siva9\appstars-gitops-demo\actions-runner\_work\_temp\501503e8-8c03-4b28-8639-152a7e5edba2.ps1'"'
[2026-07-27 21:03:25Z INFO ProcessInvokerWrapper]   Working directory: 'C:\Users\siva9\appstars-gitops-demo\actions-runner\_work\appstars-gitops-demo\appstars-gitops-demo'
[2026-07-27 21:03:25Z INFO ProcessInvokerWrapper]   Require exit code zero: 'False'
[2026-07-27 21:03:25Z INFO ProcessInvokerWrapper]   Encoding web name:  ; code page: ''
[2026-07-27 21:03:25Z INFO ProcessInvokerWrapper]   Force kill process on cancellation: 'False'
[2026-07-27 21:03:25Z INFO ProcessInvokerWrapper]   Redirected STDIN: 'False'
[2026-07-27 21:03:25Z INFO ProcessInvokerWrapper]   Persist current code page: 'True'
[2026-07-27 21:03:25Z INFO ProcessInvokerWrapper]   Keep redirected STDIN open: 'False'
[2026-07-27 21:03:25Z INFO ProcessInvokerWrapper]   High priority process: 'False'
[2026-07-27 21:03:25Z INFO ProcessInvokerWrapper] Process started with process id 27432, waiting for process exit.
[2026-07-27 21:03:25Z INFO JobServerQueue] Try to append 1 batches web console lines for record '48d91475-f384-45ae-b4cf-543f310df056', success rate: 1/1.
[2026-07-27 21:03:25Z INFO JobServerQueue] Try to append 1 batches web console lines for record '5e562e5b-7079-416f-93d9-158bdc7f951d', success rate: 1/1.
[2026-07-27 21:03:25Z INFO ProcessInvokerWrapper] STDOUT/STDERR stream read finished.
[2026-07-27 21:03:25Z INFO ProcessInvokerWrapper] STDOUT/STDERR stream read finished.
[2026-07-27 21:03:25Z INFO ProcessInvokerWrapper] Finished process 27432 with exit code 1, and elapsed time 00:00:00.3850328.
[2026-07-27 21:03:25Z INFO CreateStepSummaryCommand] Step Summary file (C:\Users\siva9\appstars-gitops-demo\actions-runner\_work\_temp\_runner_file_commands\step_summary_ec993d3f-9258-4921-900d-7722bb76bdbb) is empty; skipping attachment upload
[2026-07-27 21:03:25Z INFO StepsRunner] Step result: Failed
[2026-07-27 21:03:25Z INFO ExecutionContext] Publish step telemetry for current step {
  "action": "powershell",
  "type": "run",
  "stage": "Main",
  "stepId": "5e562e5b-7079-416f-93d9-158bdc7f951d",
  "stepContextName": "__run_2",
  "result": "failed",
  "errorMessages": [
    "Process completed with exit code 1."
  ],
  "executionTimeInSeconds": 1,
  "startTime": "2026-07-27T21:03:25.3879701Z",
  "finishTime": "2026-07-27T21:03:25.7923844Z"
}.
[2026-07-27 21:03:25Z INFO StepsRunner] Update job result with current step result 'Failed'.
[2026-07-27 21:03:25Z INFO StepsRunner] Current state: job state = 'Failed'
[2026-07-27 21:03:25Z INFO StepsRunner] Processing step: DisplayName='Post Checkout Source Code'
[2026-07-27 21:03:25Z INFO StepsRunner] Evaluating: always()
[2026-07-27 21:03:25Z INFO StepsRunner] Result: true
[2026-07-27 21:03:25Z INFO StepsRunner] Starting the step.
[2026-07-27 21:03:25Z INFO HostContext] Well known directory 'Bin': 'C:\Users\siva9\appstars-gitops-demo\actions-runner\bin'
[2026-07-27 21:03:25Z INFO HostContext] Well known directory 'Root': 'C:\Users\siva9\appstars-gitops-demo\actions-runner'
[2026-07-27 21:03:25Z INFO HostContext] Well known directory 'Work': 'C:\Users\siva9\appstars-gitops-demo\actions-runner\_work'
[2026-07-27 21:03:25Z INFO StepsRunner] Which2: 'chcp'
[2026-07-27 21:03:25Z INFO StepsRunner] Location: 'C:\WINDOWS\system32\chcp.COM'
[2026-07-27 21:03:25Z INFO ProcessInvokerWrapper] Starting process:
[2026-07-27 21:03:25Z INFO ProcessInvokerWrapper]   File name: 'C:\WINDOWS\system32\chcp.COM'
[2026-07-27 21:03:25Z INFO ProcessInvokerWrapper]   Arguments: '65001'
[2026-07-27 21:03:25Z INFO ProcessInvokerWrapper]   Working directory: 'C:\Users\siva9\appstars-gitops-demo\actions-runner\_work'
[2026-07-27 21:03:25Z INFO ProcessInvokerWrapper]   Require exit code zero: 'False'
[2026-07-27 21:03:25Z INFO ProcessInvokerWrapper]   Encoding web name:  ; code page: ''
[2026-07-27 21:03:25Z INFO ProcessInvokerWrapper]   Force kill process on cancellation: 'False'
[2026-07-27 21:03:25Z INFO ProcessInvokerWrapper]   Redirected STDIN: 'False'
[2026-07-27 21:03:25Z INFO ProcessInvokerWrapper]   Persist current code page: 'True'
[2026-07-27 21:03:25Z INFO ProcessInvokerWrapper]   Keep redirected STDIN open: 'False'
[2026-07-27 21:03:25Z INFO ProcessInvokerWrapper]   High priority process: 'False'
[2026-07-27 21:03:25Z INFO ProcessInvokerWrapper] Process started with process id 20876, waiting for process exit.
[2026-07-27 21:03:25Z INFO ProcessInvokerWrapper] STDOUT/STDERR stream read finished.
[2026-07-27 21:03:25Z INFO ProcessInvokerWrapper] STDOUT/STDERR stream read finished.
[2026-07-27 21:03:25Z INFO ProcessInvokerWrapper] Finished process 20876 with exit code 0, and elapsed time 00:00:00.0044264.
[2026-07-27 21:03:25Z INFO StepsRunner] Successfully returned to code page 65001 (UTF8)
[2026-07-27 21:03:25Z INFO HostContext] Well known directory 'Bin': 'C:\Users\siva9\appstars-gitops-demo\actions-runner\bin'
[2026-07-27 21:03:25Z INFO HostContext] Well known directory 'Root': 'C:\Users\siva9\appstars-gitops-demo\actions-runner'
[2026-07-27 21:03:25Z INFO HostContext] Well known directory 'Work': 'C:\Users\siva9\appstars-gitops-demo\actions-runner\_work'
[2026-07-27 21:03:25Z INFO HostContext] Well known directory 'Actions': 'C:\Users\siva9\appstars-gitops-demo\actions-runner\_work\_actions'
[2026-07-27 21:03:25Z INFO ActionManager] Load action that reference repository from 'C:\Users\siva9\appstars-gitops-demo\actions-runner\_work\_actions\actions\checkout\v4'
[2026-07-27 21:03:25Z INFO HostContext] Well known directory 'Bin': 'C:\Users\siva9\appstars-gitops-demo\actions-runner\bin'
[2026-07-27 21:03:25Z INFO HostContext] Well known directory 'Root': 'C:\Users\siva9\appstars-gitops-demo\actions-runner'
[2026-07-27 21:03:25Z INFO HostContext] Well known directory 'Work': 'C:\Users\siva9\appstars-gitops-demo\actions-runner\_work'
[2026-07-27 21:03:25Z INFO HostContext] Well known directory 'Actions': 'C:\Users\siva9\appstars-gitops-demo\actions-runner\_work\_actions'
[2026-07-27 21:03:25Z INFO ActionManifestManagerLegacy] Loaded action.yml file: {
  "name": "Checkout",
  "description": "Checkout a Git repository at a particular version",
  "inputs": {
    "type": 2,
    "map": [
      {
        "key": {
          "type": 0,
          "file": 2,
          "line": 4,
          "col": 3,
          "lit": "repository"
        },
        "value": {
          "type": 3,
          "file": 2,
          "line": 6,
          "col": 14,
          "expr": "github.repository"
        }
      },
      {
        "key": {
          "type": 0,
          "file": 2,
          "line": 7,
          "col": 3,
          "lit": "ref"
        },
        "value": ""
      },
      {
        "key": {
          "type": 0,
          "file": 2,
          "line": 12,
          "col": 3,
          "lit": "token"
        },
        "value": {
          "type": 3,
          "file": 2,
          "line": 24,
          "col": 14,
          "expr": "github.token"
        }
      },
      {
        "key": {
          "type": 0,
          "file": 2,
          "line": 25,
          "col": 3,
          "lit": "ssh-key"
        },
        "value": ""
      },
      {
        "key": {
          "type": 0,
          "file": 2,
          "line": 37,
          "col": 3,
          "lit": "ssh-known-hosts"
        },
        "value": ""
      },
      {
        "key": {
          "type": 0,
          "file": 2,
          "line": 42,
          "col": 3,
          "lit": "ssh-strict"
        },
        "value": {
          "type": 0,
          "file": 2,
          "line": 47,
          "col": 14,
          "lit": "true"
        }
      },
      {
        "key": {
          "type": 0,
          "file": 2,
          "line": 48,
          "col": 3,
          "lit": "ssh-user"
        },
        "value": {
          "type": 0,
          "file": 2,
          "line": 51,
          "col": 14,
          "lit": "git"
        }
      },
      {
        "key": {
          "type": 0,
          "file": 2,
          "line": 52,
          "col": 3,
          "lit": "persist-credentials"
        },
        "value": {
          "type": 0,
          "file": 2,
          "line": 54,
          "col": 14,
          "lit": "true"
        }
      },
      {
        "key": {
          "type": 0,
          "file": 2,
          "line": 55,
          "col": 3,
          "lit": "path"
        },
        "value": ""
      },
      {
        "key": {
          "type": 0,
          "file": 2,
          "line": 57,
          "col": 3,
          "lit": "clean"
        },
        "value": {
          "type": 0,
          "file": 2,
          "line": 59,
          "col": 14,
          "lit": "true"
        }
      },
      {
        "key": {
          "type": 0,
          "file": 2,
          "line": 60,
          "col": 3,
          "lit": "filter"
        },
        "value": {
          "type": 0,
          "file": 2,
          "line": 64,
          "col": 14,
          "lit": ""
        }
      },
      {
        "key": {
          "type": 0,
          "file": 2,
          "line": 65,
          "col": 3,
          "lit": "sparse-checkout"
        },
        "value": {
          "type": 0,
          "file": 2,
          "line": 69,
          "col": 14,
          "lit": ""
        }
      },
      {
        "key": {
          "type": 0,
          "file": 2,
          "line": 70,
          "col": 3,
          "lit": "sparse-checkout-cone-mode"
        },
        "value": {
          "type": 0,
          "file": 2,
          "line": 73,
          "col": 14,
          "lit": "true"
        }
      },
      {
        "key": {
          "type": 0,
          "file": 2,
          "line": 74,
          "col": 3,
          "lit": "fetch-depth"
        },
        "value": {
          "type": 0,
          "file": 2,
          "line": 76,
          "col": 14,
          "lit": "1"
        }
      },
      {
        "key": {
          "type": 0,
          "file": 2,
          "line": 77,
          "col": 3,
          "lit": "fetch-tags"
        },
        "value": {
          "type": 0,
          "file": 2,
          "line": 79,
          "col": 14,
          "lit": "false"
        }
      },
      {
        "key": {
          "type": 0,
          "file": 2,
          "line": 80,
          "col": 3,
          "lit": "show-progress"
        },
        "value": {
          "type": 0,
          "file": 2,
          "line": 82,
          "col": 14,
          "lit": "true"
        }
      },
      {
        "key": {
          "type": 0,
          "file": 2,
          "line": 83,
          "col": 3,
          "lit": "lfs"
        },
        "value": {
          "type": 0,
          "file": 2,
          "line": 85,
          "col": 14,
          "lit": "false"
        }
      },
      {
        "key": {
          "type": 0,
          "file": 2,
          "line": 86,
          "col": 3,
          "lit": "submodules"
        },
        "value": {
          "type": 0,
          "file": 2,
          "line": 94,
          "col": 14,
          "lit": "false"
        }
      },
      {
        "key": {
          "type": 0,
          "file": 2,
          "line": 95,
          "col": 3,
          "lit": "set-safe-directory"
        },
        "value": {
          "type": 0,
          "file": 2,
          "line": 97,
          "col": 14,
          "lit": "true"
        }
      },
      {
        "key": {
          "type": 0,
          "file": 2,
          "line": 98,
          "col": 3,
          "lit": "github-server-url"
        },
        "value": ""
      },
      {
        "key": {
          "type": 0,
          "file": 2,
          "line": 101,
          "col": 3,
          "lit": "allow-unsafe-pr-checkout"
        },
        "value": {
          "type": 0,
          "file": 2,
          "line": 109,
          "col": 14,
          "lit": "false"
        }
      }
    ]
  },
  "execution": {
    "executionType": "nodeJS",
    "hasPre": false,
    "hasPost": true,
    "script": "dist/index.js",
    "pre": null,
    "post": "dist/index.js",
    "nodeVersion": "node20",
    "cleanupCondition": "always()",
    "initCondition": "always()"
  },
  "deprecated": null
}
[2026-07-27 21:03:25Z INFO ActionManager] Action pre node.js file: N/A.
[2026-07-27 21:03:25Z INFO ActionManager] Action node.js file: dist/index.js.
[2026-07-27 21:03:25Z INFO ActionManager] Action post node.js file: dist/index.js.
[2026-07-27 21:03:25Z INFO HostContext] Well known directory 'Bin': 'C:\Users\siva9\appstars-gitops-demo\actions-runner\bin'
[2026-07-27 21:03:25Z INFO HostContext] Well known directory 'Root': 'C:\Users\siva9\appstars-gitops-demo\actions-runner'
[2026-07-27 21:03:25Z INFO HostContext] Well known directory 'Work': 'C:\Users\siva9\appstars-gitops-demo\actions-runner\_work'
[2026-07-27 21:03:25Z INFO HostContext] Well known directory 'Temp': 'C:\Users\siva9\appstars-gitops-demo\actions-runner\_work\_temp'
[2026-07-27 21:03:25Z INFO ExecutionContext] Write event payload to C:\Users\siva9\appstars-gitops-demo\actions-runner\_work\_temp\_github_workflow\event.json
[2026-07-27 21:03:25Z INFO HostContext] Well known directory 'Bin': 'C:\Users\siva9\appstars-gitops-demo\actions-runner\bin'
[2026-07-27 21:03:25Z INFO HostContext] Well known directory 'Root': 'C:\Users\siva9\appstars-gitops-demo\actions-runner'
[2026-07-27 21:03:25Z INFO HostContext] Well known directory 'Work': 'C:\Users\siva9\appstars-gitops-demo\actions-runner\_work'
[2026-07-27 21:03:25Z INFO HostContext] Well known directory 'Temp': 'C:\Users\siva9\appstars-gitops-demo\actions-runner\_work\_temp'
[2026-07-27 21:03:25Z INFO ExtensionManager] Getting extensions for interface: 'GitHub.Runner.Worker.IFileCommandExtension'
[2026-07-27 21:03:25Z INFO ActionManifestManagerLegacy] Input 'repository': default value evaluate result: {
  "type": 0,
  "file": 2,
  "line": 6,
  "col": 14,
  "lit": "SivaShankarRajendran16/appstars-gitops-demo"
}
[2026-07-27 21:03:25Z INFO ActionManifestManagerLegacy] Input 'ref': default value evaluate result: ""
[2026-07-27 21:03:25Z INFO ActionManifestManagerLegacy] Input 'token': default value evaluate result: {
  "type": 0,
  "file": 2,
  "line": 24,
  "col": 14,
  "lit": "***"
}
[2026-07-27 21:03:25Z INFO ActionManifestManagerLegacy] Input 'ssh-key': default value evaluate result: ""
[2026-07-27 21:03:25Z INFO ActionManifestManagerLegacy] Input 'ssh-known-hosts': default value evaluate result: ""
[2026-07-27 21:03:25Z INFO ActionManifestManagerLegacy] Input 'ssh-strict': default value evaluate result: {
  "type": 0,
  "file": 2,
  "line": 47,
  "col": 14,
  "lit": "true"
}
[2026-07-27 21:03:25Z INFO ActionManifestManagerLegacy] Input 'ssh-user': default value evaluate result: {
  "type": 0,
  "file": 2,
  "line": 51,
  "col": 14,
  "lit": "git"
}
[2026-07-27 21:03:25Z INFO ActionManifestManagerLegacy] Input 'persist-credentials': default value evaluate result: {
  "type": 0,
  "file": 2,
  "line": 54,
  "col": 14,
  "lit": "true"
}
[2026-07-27 21:03:25Z INFO ActionManifestManagerLegacy] Input 'path': default value evaluate result: ""
[2026-07-27 21:03:25Z INFO ActionManifestManagerLegacy] Input 'clean': default value evaluate result: {
  "type": 0,
  "file": 2,
  "line": 59,
  "col": 14,
  "lit": "true"
}
[2026-07-27 21:03:25Z INFO ActionManifestManagerLegacy] Input 'filter': default value evaluate result: {
  "type": 0,
  "file": 2,
  "line": 64,
  "col": 14,
  "lit": ""
}
[2026-07-27 21:03:25Z INFO ActionManifestManagerLegacy] Input 'sparse-checkout': default value evaluate result: {
  "type": 0,
  "file": 2,
  "line": 69,
  "col": 14,
  "lit": ""
}
[2026-07-27 21:03:25Z INFO ActionManifestManagerLegacy] Input 'sparse-checkout-cone-mode': default value evaluate result: {
  "type": 0,
  "file": 2,
  "line": 73,
  "col": 14,
  "lit": "true"
}
[2026-07-27 21:03:25Z INFO ActionManifestManagerLegacy] Input 'fetch-depth': default value evaluate result: {
  "type": 0,
  "file": 2,
  "line": 76,
  "col": 14,
  "lit": "1"
}
[2026-07-27 21:03:25Z INFO ActionManifestManagerLegacy] Input 'fetch-tags': default value evaluate result: {
  "type": 0,
  "file": 2,
  "line": 79,
  "col": 14,
  "lit": "false"
}
[2026-07-27 21:03:25Z INFO ActionManifestManagerLegacy] Input 'show-progress': default value evaluate result: {
  "type": 0,
  "file": 2,
  "line": 82,
  "col": 14,
  "lit": "true"
}
[2026-07-27 21:03:25Z INFO ActionManifestManagerLegacy] Input 'lfs': default value evaluate result: {
  "type": 0,
  "file": 2,
  "line": 85,
  "col": 14,
  "lit": "false"
}
[2026-07-27 21:03:25Z INFO ActionManifestManagerLegacy] Input 'submodules': default value evaluate result: {
  "type": 0,
  "file": 2,
  "line": 94,
  "col": 14,
  "lit": "false"
}
[2026-07-27 21:03:25Z INFO ActionManifestManagerLegacy] Input 'set-safe-directory': default value evaluate result: {
  "type": 0,
  "file": 2,
  "line": 97,
  "col": 14,
  "lit": "true"
}
[2026-07-27 21:03:25Z INFO ActionManifestManagerLegacy] Input 'github-server-url': default value evaluate result: ""
[2026-07-27 21:03:25Z INFO ActionManifestManagerLegacy] Input 'allow-unsafe-pr-checkout': default value evaluate result: {
  "type": 0,
  "file": 2,
  "line": 109,
  "col": 14,
  "lit": "false"
}
[2026-07-27 21:03:25Z INFO ExtensionManager] Getting extensions for interface: 'GitHub.Runner.Worker.IActionCommandExtension'
[2026-07-27 21:03:25Z INFO ActionCommandManager] Register action command extension for command internal-set-repo-path
[2026-07-27 21:03:25Z INFO ActionCommandManager] Register action command extension for command set-env
[2026-07-27 21:03:25Z INFO ActionCommandManager] Register action command extension for command set-output
[2026-07-27 21:03:25Z INFO ActionCommandManager] Register action command extension for command save-state
[2026-07-27 21:03:25Z INFO ActionCommandManager] Register action command extension for command add-path
[2026-07-27 21:03:25Z INFO ActionCommandManager] Register action command extension for command add-mask
[2026-07-27 21:03:25Z INFO ActionCommandManager] Register action command extension for command add-matcher
[2026-07-27 21:03:25Z INFO ActionCommandManager] Register action command extension for command remove-matcher
[2026-07-27 21:03:25Z INFO ActionCommandManager] Register action command extension for command warning
[2026-07-27 21:03:25Z INFO ActionCommandManager] Register action command extension for command error
[2026-07-27 21:03:25Z INFO ActionCommandManager] Register action command extension for command notice
[2026-07-27 21:03:25Z INFO ActionCommandManager] Register action command extension for command debug
[2026-07-27 21:03:25Z INFO ActionCommandManager] Register action command extension for command group
[2026-07-27 21:03:25Z INFO ActionCommandManager] Register action command extension for command endgroup
[2026-07-27 21:03:25Z INFO ActionCommandManager] Register action command extension for command echo
[2026-07-27 21:03:25Z INFO HostContext] Well known directory 'Bin': 'C:\Users\siva9\appstars-gitops-demo\actions-runner\bin'
[2026-07-27 21:03:25Z INFO HostContext] Well known directory 'Root': 'C:\Users\siva9\appstars-gitops-demo\actions-runner'
[2026-07-27 21:03:25Z INFO HostContext] Well known directory 'Externals': 'C:\Users\siva9\appstars-gitops-demo\actions-runner\externals'
[2026-07-27 21:03:25Z INFO ProcessInvokerWrapper] Starting process:
[2026-07-27 21:03:25Z INFO ProcessInvokerWrapper]   File name: 'C:\Users\siva9\appstars-gitops-demo\actions-runner\externals\node24\bin\node.exe'
[2026-07-27 21:03:25Z INFO ProcessInvokerWrapper]   Arguments: '"C:\Users\siva9\appstars-gitops-demo\actions-runner\_work\_actions\actions\checkout\v4\dist/index.js"'
[2026-07-27 21:03:25Z INFO ProcessInvokerWrapper]   Working directory: 'C:\Users\siva9\appstars-gitops-demo\actions-runner\_work\appstars-gitops-demo\appstars-gitops-demo'
[2026-07-27 21:03:25Z INFO ProcessInvokerWrapper]   Require exit code zero: 'False'
[2026-07-27 21:03:25Z INFO ProcessInvokerWrapper]   Encoding web name: utf-8 ; code page: '65001'
[2026-07-27 21:03:25Z INFO ProcessInvokerWrapper]   Force kill process on cancellation: 'False'
[2026-07-27 21:03:25Z INFO ProcessInvokerWrapper]   Redirected STDIN: 'False'
[2026-07-27 21:03:25Z INFO ProcessInvokerWrapper]   Persist current code page: 'True'
[2026-07-27 21:03:25Z INFO ProcessInvokerWrapper]   Keep redirected STDIN open: 'False'
[2026-07-27 21:03:25Z INFO ProcessInvokerWrapper]   High priority process: 'False'
[2026-07-27 21:03:25Z INFO ProcessInvokerWrapper] Process started with process id 7064, waiting for process exit.
[2026-07-27 21:03:25Z INFO JobServerQueue] Try to append 1 batches web console lines for record '5e562e5b-7079-416f-93d9-158bdc7f951d', success rate: 1/1.
[2026-07-27 21:03:25Z INFO JobServerQueue] Try to append 1 batches web console lines for record '394fb395-6163-4499-8d96-e918202a0167', success rate: 1/1.
[2026-07-27 21:03:25Z INFO ProcessInvokerWrapper] STDOUT/STDERR stream read finished.
[2026-07-27 21:03:25Z INFO ProcessInvokerWrapper] STDOUT/STDERR stream read finished.
[2026-07-27 21:03:25Z INFO ProcessInvokerWrapper] Finished process 7064 with exit code 0, and elapsed time 00:00:00.0801093.
[2026-07-27 21:03:25Z INFO CreateStepSummaryCommand] Step Summary file (C:\Users\siva9\appstars-gitops-demo\actions-runner\_work\_temp\_runner_file_commands\step_summary_61fc89b5-3ea5-41eb-a2e9-4d1d2d4f2e43) is empty; skipping attachment upload
[2026-07-27 21:03:25Z INFO StepsRunner] Step result: 
[2026-07-27 21:03:25Z INFO ExecutionContext] Publish step telemetry for current step {
  "action": "actions/checkout",
  "ref": "v4",
  "type": "node24",
  "stage": "Post",
  "stepId": "394fb395-6163-4499-8d96-e918202a0167",
  "result": "succeeded",
  "errorMessages": [],
  "executionTimeInSeconds": 1,
  "startTime": "2026-07-27T21:03:25.7953531Z",
  "finishTime": "2026-07-27T21:03:25.8973097Z"
}.
[2026-07-27 21:03:25Z INFO StepsRunner] No need for updating job result with current step result 'Succeeded'.
[2026-07-27 21:03:25Z INFO StepsRunner] Current state: job state = 'Failed'
[2026-07-27 21:03:25Z INFO JobRunner] Finalize job.
[2026-07-27 21:03:25Z INFO HostContext] Well known directory 'Bin': 'C:\Users\siva9\appstars-gitops-demo\actions-runner\bin'
[2026-07-27 21:03:25Z INFO HostContext] Well known directory 'Root': 'C:\Users\siva9\appstars-gitops-demo\actions-runner'
[2026-07-27 21:03:25Z INFO HostContext] Well known directory 'Diag': 'C:\Users\siva9\appstars-gitops-demo\actions-runner\_diag'
[2026-07-27 21:03:25Z INFO HostContext] Well known directory 'Bin': 'C:\Users\siva9\appstars-gitops-demo\actions-runner\bin'
[2026-07-27 21:03:25Z INFO HostContext] Well known directory 'Root': 'C:\Users\siva9\appstars-gitops-demo\actions-runner'
[2026-07-27 21:03:25Z INFO HostContext] Well known directory 'Diag': 'C:\Users\siva9\appstars-gitops-demo\actions-runner\_diag'
[2026-07-27 21:03:25Z INFO JobExtension] Initialize Env context
[2026-07-27 21:03:25Z INFO JobExtension] Initialize steps context
[2026-07-27 21:03:25Z INFO JobExtension] Total accessible running process: 291.
[2026-07-27 21:03:25Z INFO JobExtension] Inspecting process environment variables. PID: 26444 (SearchProtocolHost)
[2026-07-27 21:03:25Z WARN JobExtension] Ignore exception during read process environment variables: Access is denied.
[2026-07-27 21:03:25Z INFO JobExtension] Inspecting process environment variables. PID: 9944 (SearchFilterHost)
[2026-07-27 21:03:25Z WARN JobExtension] Ignore exception during read process environment variables: Access is denied.
[2026-07-27 21:03:25Z INFO JobExtension] Inspecting process environment variables. PID: 26172 (docker)
[2026-07-27 21:03:25Z INFO JobExtension] Inspecting process environment variables. PID: 27856 (conhost)
[2026-07-27 21:03:25Z INFO JobExtension] Wait for all connectivity checks to finish.
[2026-07-27 21:03:25Z INFO JobExtension] Connectivity check result: {
  "endpointUrl": "https://broker.actions.githubusercontent.com/health",
  "endpointIPs": null,
  "startTime": "2026-07-27T21:03:20.1569233Z",
  "statusCode": "http_OK",
  "requestId": "1444:1ABE22:712CE88:71CD4E8:6A67C799",
  "httpRequestDurationInMs": 892,
  "dnsResolutionDurationInMs": 0,
  "dnsError": null
}
[2026-07-27 21:03:25Z INFO JobExtension] Connectivity check result: {
  "endpointUrl": "https://token.actions.githubusercontent.com/ready",
  "endpointIPs": null,
  "startTime": "2026-07-27T21:03:20.1575443Z",
  "statusCode": "http_NoContent",
  "requestId": "1447:1C4486:682F075:71B11EF:6A67C799",
  "httpRequestDurationInMs": 985,
  "dnsResolutionDurationInMs": 0,
  "dnsError": null
}
[2026-07-27 21:03:25Z INFO JobExtension] Connectivity check result: {
  "endpointUrl": "https://run.actions.githubusercontent.com/health",
  "endpointIPs": null,
  "startTime": "2026-07-27T21:03:20.1576689Z",
  "statusCode": "http_OK",
  "requestId": "1445:176405:71CCE9E:726C9DF:6A67C799",
  "httpRequestDurationInMs": 934,
  "dnsResolutionDurationInMs": 0,
  "dnsError": null
}
[2026-07-27 21:03:25Z INFO JobExtension] Wait for all connectivity and DNS checks to finish.
[2026-07-27 21:03:25Z INFO JobExtension] Connectivity and DNS check result: {
  "endpointUrl": "https://github.com/_dns",
  "endpointIPs": [
    "20.207.73.82"
  ],
  "startTime": "2026-07-27T21:03:20.1578141Z",
  "statusCode": "http_OK",
  "requestId": null,
  "httpRequestDurationInMs": 82,
  "dnsResolutionDurationInMs": 4,
  "dnsError": null
}
[2026-07-27 21:03:25Z INFO JobExtension] Connectivity and DNS check result: {
  "endpointUrl": "https://api.github.com/_dns",
  "endpointIPs": [
    "20.207.73.85"
  ],
  "startTime": "2026-07-27T21:03:20.1579622Z",
  "statusCode": "http_OK",
  "requestId": null,
  "httpRequestDurationInMs": 73,
  "dnsResolutionDurationInMs": 7,
  "dnsError": null
}
[2026-07-27 21:03:25Z INFO JobExtension] Connectivity and DNS check result: {
  "endpointUrl": "https://codeload.github.com/_dns",
  "endpointIPs": [
    "20.207.73.88"
  ],
  "startTime": "2026-07-27T21:03:20.1580253Z",
  "statusCode": "http_OK",
  "requestId": "1443:13F2CE:3E0B2:2F98AA:6A67C798",
  "httpRequestDurationInMs": 749,
  "dnsResolutionDurationInMs": 0,
  "dnsError": null
}
[2026-07-27 21:03:25Z INFO JobExtension] Connectivity and DNS check result: {
  "endpointUrl": "https://pkg.github.com/_dns",
  "endpointIPs": [
    "20.207.73.86"
  ],
  "startTime": "2026-07-27T21:03:20.158087Z",
  "statusCode": "http_OK",
  "requestId": "1449:61F86:166A8C:40CCC8:6A67C798",
  "httpRequestDurationInMs": 268,
  "dnsResolutionDurationInMs": 8,
  "dnsError": null
}
[2026-07-27 21:03:25Z INFO JobExtension] Connectivity and DNS check result: {
  "endpointUrl": "https://copilot-proxy.githubusercontent.com/_dns",
  "endpointIPs": [
    "52.175.140.176"
  ],
  "startTime": "2026-07-27T21:03:20.1581368Z",
  "statusCode": "http_OK",
  "requestId": null,
  "httpRequestDurationInMs": 422,
  "dnsResolutionDurationInMs": 8,
  "dnsError": null
}
[2026-07-27 21:03:25Z INFO JobExtension] Connectivity and DNS check result: {
  "endpointUrl": "http://ssh.github.com/_dns",
  "endpointIPs": [
    "20.207.73.83"
  ],
  "startTime": "2026-07-27T21:03:20.1581875Z",
  "statusCode": "http_OK",
  "requestId": null,
  "httpRequestDurationInMs": 37,
  "dnsResolutionDurationInMs": 8,
  "dnsError": null
}
[2026-07-27 21:03:25Z INFO ExecutionContext] Publish step telemetry for current step {
  "action": "complete_job",
  "type": "runner",
  "stage": "Post",
  "stepId": "28be211b-0c5d-4500-9b86-fc99bf1f7863",
  "result": "succeeded",
  "errorMessages": [
    "Node.js 20 is deprecated. The following actions target Node.js 20 but are being forced to run on Node.js 24: actions/checkout@v4. For more information see: https://github.blog/changelog/2025-09-19-deprecation-of-node-20-on-github-actions-runners/"
  ],
  "executionTimeInSeconds": 1,
  "startTime": "2026-07-27T21:03:25.9014554Z",
  "finishTime": "2026-07-27T21:03:25.9344349Z"
}.
[2026-07-27 21:03:25Z INFO JobRunner] Job result after all job steps finish: Failed
[2026-07-27 21:03:25Z INFO JobRunner] Completing the job execution context.
[2026-07-27 21:03:25Z INFO JobRunner] Shutting down the job server queue.
[2026-07-27 21:03:25Z INFO JobServerQueue] Fire signal to shutdown all queues.
[2026-07-27 21:03:26Z INFO JobServerQueue] All queue process task stopped.
[2026-07-27 21:03:26Z INFO JobServerQueue] Try to append 1 batches web console lines for record '28be211b-0c5d-4500-9b86-fc99bf1f7863', success rate: 1/1.
[2026-07-27 21:03:26Z INFO JobServerQueue] Web console line queue drained.
[2026-07-27 21:03:26Z INFO JobServerQueue] Uploading 5 files in one shot.
[2026-07-27 21:03:26Z INFO JobServerQueue] Try to upload 5 log files or attachments, success rate: 5/5.
[2026-07-27 21:03:26Z INFO JobServerQueue] File upload queue drained.
[2026-07-27 21:03:26Z INFO JobServerQueue] Starting results-based upload queue...
[2026-07-27 21:03:26Z INFO JobServerQueue] Uploading 5 file(s) in one shot through results service.
[2026-07-27 21:03:26Z INFO JobServerQueue] Got a step log file to send to results service.
[2026-07-27 21:03:26Z INFO JobServerQueue] Starting upload of step log file to results service ResultsLog, C:\Users\siva9\appstars-gitops-demo\actions-runner\_diag\blocks\6a683816-7541-41d8-be90-fecc2602e915_48d91475-f384-45ae-b4cf-543f310df056.1
[2026-07-27 21:03:27Z INFO JobServerQueue] Got a step log file to send to results service.
[2026-07-27 21:03:27Z INFO JobServerQueue] Starting upload of step log file to results service ResultsLog, C:\Users\siva9\appstars-gitops-demo\actions-runner\_diag\blocks\6a683816-7541-41d8-be90-fecc2602e915_5e562e5b-7079-416f-93d9-158bdc7f951d.1
[2026-07-27 21:03:28Z INFO JobServerQueue] Got a step log file to send to results service.
[2026-07-27 21:03:28Z INFO JobServerQueue] Starting upload of step log file to results service ResultsLog, C:\Users\siva9\appstars-gitops-demo\actions-runner\_diag\blocks\6a683816-7541-41d8-be90-fecc2602e915_394fb395-6163-4499-8d96-e918202a0167.1
[2026-07-27 21:03:28Z INFO JobServerQueue] Got a step log file to send to results service.
[2026-07-27 21:03:28Z INFO JobServerQueue] Starting upload of step log file to results service ResultsLog, C:\Users\siva9\appstars-gitops-demo\actions-runner\_diag\blocks\6a683816-7541-41d8-be90-fecc2602e915_28be211b-0c5d-4500-9b86-fc99bf1f7863.1
[2026-07-27 21:03:29Z INFO JobServerQueue] Got a job log file to send to results service.
[2026-07-27 21:03:29Z INFO JobServerQueue] Starting upload of job log file to results service ResultsLog, C:\Users\siva9\appstars-gitops-demo\actions-runner\_diag\blocks\6a683816-7541-41d8-be90-fecc2602e915_23315a34-9f46-5326-827b-da40e230524d.1
[2026-07-27 21:03:30Z INFO JobServerQueue] Tried to upload 5 file(s) to results, success rate: 5/5.
[2026-07-27 21:03:30Z INFO JobServerQueue] Results upload queue drained.
[2026-07-27 21:03:30Z INFO JobServerQueue] Timeline update queue drained.
[2026-07-27 21:03:30Z INFO JobServerQueue] Disposing job server ...
[2026-07-27 21:03:30Z INFO JobServerQueue] Disposing results server ...
[2026-07-27 21:03:30Z INFO JobServerQueue] All queue process tasks have been stopped, and all queues are drained.
[2026-07-27 21:03:30Z INFO TempDirectoryManager] Cleaning runner temp folder: C:\Users\siva9\appstars-gitops-demo\actions-runner\_work\_temp
[2026-07-27 21:03:30Z INFO HostContext] Well known directory 'Bin': 'C:\Users\siva9\appstars-gitops-demo\actions-runner\bin'
[2026-07-27 21:03:30Z INFO HostContext] Well known directory 'Root': 'C:\Users\siva9\appstars-gitops-demo\actions-runner'
[2026-07-27 21:03:30Z INFO HostContext] Well known directory 'Diag': 'C:\Users\siva9\appstars-gitops-demo\actions-runner\_diag'
[2026-07-27 21:03:30Z INFO HostContext] Well known config file 'Telemetry': 'C:\Users\siva9\appstars-gitops-demo\actions-runner\_diag\.telemetry'
[2026-07-27 21:03:30Z INFO JobRunner] Raising job completed against run service
[2026-07-27 21:03:31Z INFO Worker] Job completed.
