[2026-07-27 21:04:59Z INFO HostContext] No proxy settings were found based on environmental variables (http_proxy/https_proxy/HTTP_PROXY/HTTPS_PROXY)
[2026-07-27 21:04:59Z INFO HostContext] Well known directory 'Bin': 'C:\Users\siva9\appstars-gitops-demo\actions-runner\bin'
[2026-07-27 21:04:59Z INFO HostContext] Well known directory 'Root': 'C:\Users\siva9\appstars-gitops-demo\actions-runner'
[2026-07-27 21:04:59Z INFO HostContext] Well known config file 'Credentials': 'C:\Users\siva9\appstars-gitops-demo\actions-runner\.credentials'
[2026-07-27 21:05:00Z INFO HostContext] Well known directory 'Bin': 'C:\Users\siva9\appstars-gitops-demo\actions-runner\bin'
[2026-07-27 21:05:00Z INFO HostContext] Well known directory 'Root': 'C:\Users\siva9\appstars-gitops-demo\actions-runner'
[2026-07-27 21:05:00Z INFO HostContext] Well known config file 'Runner': 'C:\Users\siva9\appstars-gitops-demo\actions-runner\.runner'
[2026-07-27 21:05:00Z INFO Worker] Version: 2.336.0
[2026-07-27 21:05:00Z INFO Worker] Commit: 98aabcd429c4e8402406c56ce2d26387fed3b9ce
[2026-07-27 21:05:00Z INFO Worker] Culture: en-IN
[2026-07-27 21:05:00Z INFO Worker] UI Culture: en-GB
[2026-07-27 21:05:00Z INFO Worker] Waiting to receive the job message from the channel.
[2026-07-27 21:05:00Z INFO ProcessChannel] Receiving message of length 25755, with hash '68aa6cb5b2ace2e9d7ffcc4f069de85ca2dcadd4b276f2439c553d4e1063e8cc'
[2026-07-27 21:05:00Z INFO Worker] Message received.
[2026-07-27 21:05:00Z INFO Worker] Job message:
 {
  "fileTable": [
    ".github/workflows/deploy.yml"
  ],
  "mask": [
    {
      "type": "regex",
      "value": "***"
    },
    {
      "type": "regex",
      "value": "***"
    },
    {
      "type": "regex",
      "value": "***"
    },
    {
      "type": "regex",
      "value": "***"
    },
    {
      "type": "regex",
      "value": "***"
    },
    {
      "type": "regex",
      "value": "***"
    },
    {
      "type": "regex",
      "value": "***"
    },
    {
      "type": "regex",
      "value": "***"
    },
    {
      "type": "regex",
      "value": "***"
    },
    {
      "type": "regex",
      "value": "***"
    },
    {
      "type": "regex",
      "value": "***"
    },
    {
      "type": "regex",
      "value": "***"
    },
    {
      "type": "regex",
      "value": "***"
    },
    {
      "type": "regex",
      "value": "***"
    },
    {
      "type": "regex",
      "value": "***"
    },
    {
      "type": "regex",
      "value": "***"
    },
    {
      "type": "regex",
      "value": "***"
    },
    {
      "type": "regex",
      "value": "***"
    },
    {
      "type": "regex",
      "value": "***"
    },
    {
      "type": "regex",
      "value": "***"
    },
    {
      "type": "regex",
      "value": "***"
    },
    {
      "type": "regex",
      "value": "***"
    },
    {
      "type": "regex",
      "value": "***"
    }
  ],
  "steps": [
    {
      "type": "action",
      "reference": {
        "type": "repository",
        "name": "actions/checkout",
        "ref": "v4",
        "repositoryType": "GitHub"
      },
      "displayNameToken": {
        "type": 0,
        "file": 1,
        "line": 11,
        "col": 13,
        "lit": "Checkout Source Code"
      },
      "contextName": "__actions_checkout",
      "condition": "success()",
      "id": "024c64be-c22f-42e1-a4ef-21518455aa85",
      "name": "__actions_checkout"
    },
    {
      "type": "action",
      "reference": {
        "type": "script"
      },
      "displayNameToken": {
        "type": 0,
        "file": 1,
        "line": 14,
        "col": 13,
        "lit": "Synchronize Local Cluster Container Registry Space"
      },
      "contextName": "__run",
      "inputs": {
        "type": 2,
        "map": [
          {
            "key": "script",
            "value": {
              "type": 3,
              "file": 1,
              "line": 16,
              "col": 12,
              "expr": "format('# 1. Use broad dynamic lookup patterns targeting your base project folders\n$BACKEND_DIR = (Get-ChildItem -Path . -Filter \"Dockerfile.backend\" -Recurse | Select-Object -First 1).Directory.FullName\n$FRONTEND_DIR = (Get-ChildItem -Path . -Filter \"Dockerfile.frontend\" -Recurse | Select-Object -First 1).Directory.FullName\n\nWrite-Output \"Target Backend Path: $BACKEND_DIR\"\nWrite-Output \"Target Frontend Path: $FRONTEND_DIR\"\n\n# 2. Bind active shell runner context to Minikube''s Docker engine space\n& minikube -p minikube docker-env | Invoke-Expression\n\n# 3. Compile clean images by targeting the authenticated paths directly\ndocker build -t localhost:5001/appstars-backend:{0} -f \"$BACKEND_DIR\\Dockerfile.backend\" \"$BACKEND_DIR\"\ndocker build -t localhost:5001/appstars-frontend:{1} -f \"$FRONTEND_DIR\\Dockerfile.frontend\" \"$FRONTEND_DIR\"\n', github.sha, github.sha)"
            }
          },
          {
            "key": "shell",
            "value": {
              "type": 0,
              "file": 1,
              "line": 15,
              "col": 14,
              "lit": "powershell"
            }
          }
        ]
      },
      "condition": "success()",
      "id": "e4af2066-5415-4ea0-aac7-349b3f230805",
      "name": "__run"
    },
    {
      "type": "action",
      "reference": {
        "type": "script"
      },
      "displayNameToken": {
        "type": 0,
        "file": 1,
        "line": 31,
        "col": 13,
        "lit": "Perform Package Optimization and GitOps Deployment"
      },
      "contextName": "__run_2",
      "inputs": {
        "type": 2,
        "map": [
          {
            "key": "script",
            "value": {
              "type": 3,
              "file": 1,
              "line": 33,
              "col": 12,
              "expr": "format('# 4. Use a robust, non-case-sensitive lookup filter to target the true Chart file destination\n$CHART_FILE = (Get-ChildItem -Path . -Filter \"Chart.yaml\" -Recurse | Select-Object -First 1)\nif ($null -eq $CHART_FILE) {{\n    # Fallback path if files are trapped under deep nested structures\n    $CHART_FILE = (Get-ChildItem -Path . -Filter \"chart.yaml\" -Recurse | Select-Object -First 1)\n}}\n\n$CHART_PATH = $CHART_FILE.Directory.FullName\nWrite-Output \"Verified Clean Helm Chart location at: $CHART_PATH\"\n\n# 5. Execute structural validations and trigger fresh rollout deployments with fixed force parameters\nhelm lint \"$CHART_PATH\"\nhelm upgrade --install appstars-release \"$CHART_PATH\" --set imageTag={0} --force\n', github.sha)"
            }
          },
          {
            "key": "shell",
            "value": {
              "type": 0,
              "file": 1,
              "line": 32,
              "col": 14,
              "lit": "powershell"
            }
          }
        ]
      },
      "condition": "success()",
      "id": "59cbd97f-d78c-43e1-a71c-a356df196ddc",
      "name": "__run_2"
    }
  ],
  "variables": {
    "Actions.EnableHttpRedirects": {
      "value": "true"
    },
    "DistributedTask.AddWarningToNode12Action": {
      "value": "true"
    },
    "DistributedTask.AddWarningToNode16Action": {
      "value": "true"
    },
    "DistributedTask.AllowRunnerContainerHooks": {
      "value": "true"
    },
    "DistributedTask.DeprecateStepOutputCommands": {
      "value": "true"
    },
    "DistributedTask.DetailUntarFailure": {
      "value": "true"
    },
    "DistributedTask.EnableCompositeActions": {
      "value": "true"
    },
    "DistributedTask.EnableJobServerQueueTelemetry": {
      "value": "true"
    },
    "DistributedTask.EnhancedAnnotations": {
      "value": "true"
    },
    "DistributedTask.ForceGithubJavascriptActionsToNode16": {
      "value": "true"
    },
    "DistributedTask.ForceGithubJavascriptActionsToNode20": {
      "value": "true"
    },
    "DistributedTask.LogTemplateErrorsAsDebugMessages": {
      "value": "true"
    },
    "DistributedTask.MarkJobAsFailedOnWorkerCrash": {
      "value": "true"
    },
    "DistributedTask.NewActionMetadata": {
      "value": "true"
    },
    "DistributedTask.UploadStepSummary": {
      "value": "true"
    },
    "DistributedTask.UseActionArchiveCache": {
      "value": "true"
    },
    "DistributedTask.UseWhich2": {
      "value": "true"
    },
    "RunService.FixEmbeddedIssues": {
      "value": "true"
    },
    "actions.runner.requirenode24": {
      "value": "false"
    },
    "actions.runner.usenode24bydefault": {
      "value": "true"
    },
    "actions.runner.warnonnode20": {
      "value": "true"
    },
    "actions_add_check_run_id_to_job_context": {
      "value": "true"
    },
    "actions_batch_action_resolution": {
      "value": "false"
    },
    "actions_container_action_runner_temp": {
      "value": "true"
    },
    "actions_display_helpful_actions_download_errors": {
      "value": "true"
    },
    "actions_runner_allow_artifacts_file": {
      "value": "false"
    },
    "actions_runner_compare_workflow_parser": {
      "value": "false"
    },
    "actions_runner_deprecate_linux_arm32": {
      "value": "true"
    },
    "actions_runner_emit_composite_markers": {
      "value": "false"
    },
    "actions_runner_kill_linux_arm32": {
      "value": "false"
    },
    "actions_runner_node20_removal_date": {
      "value": ""
    },
    "actions_runner_node24_default_date": {
      "value": "June 16th, 2026"
    },
    "actions_self_repository": {
      "value": "true"
    },
    "actions_service_container_command": {
      "value": "true"
    },
    "actions_set_orchestration_id_env_for_actions": {
      "value": "true"
    },
    "actions_skip_retry_complete_job_upon_known_errors": {
      "value": "true"
    },
    "actions_snapshot_preflight_hosted_runner_check": {
      "value": "false"
    },
    "actions_snapshot_preflight_image_gen_pool_check": {
      "value": "false"
    },
    "actions_use_bearer_token_for_codeload": {
      "value": "false"
    },
    "actions_uses_cache_service_v2": {
      "value": "true"
    },
    "github_token": {
      "value": "***",
      "isSecret": true
    },
    "system.from_run_service": {
      "value": "true"
    },
    "system.github.job": {
      "value": "build-and-ship"
    },
    "system.github.launch_endpoint": {
      "value": "https://launch.actions.githubusercontent.com"
    },
    "system.github.results_endpoint": {
      "value": "https://results-receiver.actions.githubusercontent.com/"
    },
    "system.github.results_upload_with_sdk": {
      "value": "true"
    },
    "system.github.token": {
      "value": "***",
      "isSecret": true
    },
    "system.github.token.permissions": {
      "value": "{\"Contents\":\"read\",\"Metadata\":\"read\",\"Packages\":\"read\"}"
    },
    "system.orchestrationId": {
      "value": "9e9d0711-2eda-43d8-8b9a-ab6eebdc4e5b.build-and-ship.__default"
    },
    "system.phaseDisplayName": {
      "value": "build-and-ship"
    },
    "system.runner.lowdiskspacethreshold": {
      "value": "100"
    },
    "system.runnerEnvironment": {
      "value": "self-hosted"
    },
    "system.runnerGroupName": {
      "value": "Default"
    }
  },
  "messageType": "RunnerJobRequest",
  "plan": {
    "scopeIdentifier": "00000000-0000-0000-0000-000000000000",
    "planType": "actions",
    "version": 0,
    "planId": "9e9d0711-2eda-43d8-8b9a-ab6eebdc4e5b",
    "planGroup": null,
    "artifactUri": null,
    "artifactLocation": null,
    "definition": null,
    "owner": null
  },
  "timeline": {
    "id": "9e9d0711-2eda-43d8-8b9a-ab6eebdc4e5b",
    "changeId": 0,
    "location": null
  },
  "jobId": "6771d7aa-3900-58da-b175-33883b413037",
  "jobDisplayName": "build-and-ship",
  "jobName": "__default",
  "requestId": 0,
  "lockedUntil": "0001-01-01T00:00:00",
  "resources": {
    "endpoints": [
      {
        "data": {
          "ServerId": "",
          "ServerName": "",
          "CacheServerUrl": "https://artifactcache.actions.githubusercontent.com/vCW1ur2HeIQqmuX8ek4kpHjuvt94Y9SHKFwGArIGB3SadhPXxp/",
          "FeedStreamUrl": "wss://results-receiver.actions.githubusercontent.com/_ws/ingest.sock",
          "ResultsServiceUrl": "https://results-receiver.actions.githubusercontent.com/",
          "PipelinesServiceUrl": "https://pipelinesghubeus26.actions.githubusercontent.com/vCW1ur2HeIQqmuX8ek4kpHjuvt94Y9SHKFwGArIGB3SadhPXxp/",
          "GenerateIdTokenUrl": "",
          "ConnectivityChecks": "[\"https://broker.actions.githubusercontent.com/health\",\"https://token.actions.githubusercontent.com/ready\",\"https://run.actions.githubusercontent.com/health\"]",
          "ConnectivityAndDNSChecks": "[\"https://github.com/_dns\",\"https://api.github.com/_dns\",\"https://codeload.github.com/_dns\",\"https://pkg.github.com/_dns\",\"https://copilot-proxy.githubusercontent.com/_dns\",\"http://ssh.github.com/_dns\"]"
        },
        "name": "SystemVssConnection",
        "url": "https://run-actions-3-azure-eastus.actions.githubusercontent.com/49/",
        "authorization": {
          "parameters": {
            "AccessToken": "***"
          },
          "scheme": "OAuth"
        },
        "isShared": false,
        "isReady": true
      }
    ]
  },
  "contextData": {
    "github": {
      "t": 2,
      "d": [
        {
          "k": "ref",
          "v": "refs/heads/main"
        },
        {
          "k": "sha",
          "v": "71c7ca94d288de984fcf5dd7b6ad9ef0ab35b70e"
        },
        {
          "k": "repository",
          "v": "SivaShankarRajendran16/appstars-gitops-demo"
        },
        {
          "k": "repository_owner",
          "v": "SivaShankarRajendran16"
        },
        {
          "k": "repository_owner_id",
          "v": "192618162"
        },
        {
          "k": "repositoryUrl",
          "v": "git://github.com/SivaShankarRajendran16/appstars-gitops-demo.git"
        },
        {
          "k": "run_id",
          "v": "30305332322"
        },
        {
          "k": "run_number",
          "v": "15"
        },
        {
          "k": "retention_days",
          "v": "90"
        },
        {
          "k": "run_attempt",
          "v": "1"
        },
        {
          "k": "artifact_cache_size_limit",
          "v": "10"
        },
        {
          "k": "repository_visibility",
          "v": "public"
        },
        {
          "k": "actor_id",
          "v": "192618162"
        },
        {
          "k": "actor",
          "v": "SivaShankarRajendran16"
        },
        {
          "k": "workflow",
          "v": "Continuous Integration & Deployment Loop"
        },
        {
          "k": "head_ref",
          "v": ""
        },
        {
          "k": "base_ref",
          "v": ""
        },
        {
          "k": "event_name",
          "v": "push"
        },
        {
          "k": "server_url",
          "v": "https://github.com"
        },
        {
          "k": "api_url",
          "v": "https://api.github.com"
        },
        {
          "k": "graphql_url",
          "v": "https://api.github.com/graphql"
        },
        {
          "k": "ref_name",
          "v": "main"
        },
        {
          "k": "ref_protected",
          "v": false
        },
        {
          "k": "ref_type",
          "v": "branch"
        },
        {
          "k": "secret_source",
          "v": "Actions"
        },
        {
          "k": "event",
          "v": {
            "t": 2,
            "d": [
              {
                "k": "after",
                "v": "71c7ca94d288de984fcf5dd7b6ad9ef0ab35b70e"
              },
              {
                "k": "base_ref",
                "v": null
              },
              {
                "k": "before",
                "v": "1e7a05fbfa025b2fe640d850398c94e5b4542285"
              },
              {
                "k": "commits",
                "v": {
                  "t": 1,
                  "a": [
                    {
                      "t": 2,
                      "d": [
                        {
                          "k": "author",
                          "v": {
                            "t": 2,
                            "d": [
                              {
                                "k": "email",
                                "v": "rajendransivashankar@gmail.com"
                              },
                              {
                                "k": "name",
                                "v": "SivaShankarRajendran16"
                              },
                              {
                                "k": "username",
                                "v": "SivaShankarRajendran16"
                              }
                            ]
                          }
                        },
                        {
                          "k": "committer",
                          "v": {
                            "t": 2,
                            "d": [
                              {
                                "k": "email",
                                "v": "noreply@github.com"
                              },
                              {
                                "k": "name",
                                "v": "GitHub"
                              },
                              {
                                "k": "username",
                                "v": "web-flow"
                              }
                            ]
                          }
                        },
                        {
                          "k": "distinct",
                          "v": true
                        },
                        {
                          "k": "id",
                          "v": "71c7ca94d288de984fcf5dd7b6ad9ef0ab35b70e"
                        },
                        {
                          "k": "message",
                          "v": "Update deploy.yml"
                        },
                        {
                          "k": "timestamp",
                          "v": "2026-07-28T02:34:52+05:30"
                        },
                        {
                          "k": "tree_id",
                          "v": "ff5172e2da5743a363572e2d3f9a09f3088ca2d0"
                        },
                        {
                          "k": "url",
                          "v": "https://github.com/SivaShankarRajendran16/appstars-gitops-demo/commit/71c7ca94d288de984fcf5dd7b6ad9ef0ab35b70e"
                        }
                      ]
                    }
                  ]
                }
              },
              {
                "k": "compare",
                "v": "https://github.com/SivaShankarRajendran16/appstars-gitops-demo/compare/1e7a05fbfa02...71c7ca94d288"
              },
              {
                "k": "created",
                "v": false
              },
              {
                "k": "deleted",
                "v": false
              },
              {
                "k": "forced",
                "v": false
              },
              {
                "k": "head_commit",
                "v": {
                  "t": 2,
                  "d": [
                    {
                      "k": "author",
                      "v": {
                        "t": 2,
                        "d": [
                          {
                            "k": "email",
                            "v": "rajendransivashankar@gmail.com"
                          },
                          {
                            "k": "name",
                            "v": "SivaShankarRajendran16"
                          },
                          {
                            "k": "username",
                            "v": "SivaShankarRajendran16"
                          }
                        ]
                      }
                    },
                    {
                      "k": "committer",
                      "v": {
                        "t": 2,
                        "d": [
                          {
                            "k": "email",
                            "v": "noreply@github.com"
                          },
                          {
                            "k": "name",
                            "v": "GitHub"
                          },
                          {
                            "k": "username",
                            "v": "web-flow"
                          }
                        ]
                      }
                    },
                    {
                      "k": "distinct",
                      "v": true
                    },
                    {
                      "k": "id",
                      "v": "71c7ca94d288de984fcf5dd7b6ad9ef0ab35b70e"
                    },
                    {
                      "k": "message",
                      "v": "Update deploy.yml"
                    },
                    {
                      "k": "timestamp",
                      "v": "2026-07-28T02:34:52+05:30"
                    },
                    {
                      "k": "tree_id",
                      "v": "ff5172e2da5743a363572e2d3f9a09f3088ca2d0"
                    },
                    {
                      "k": "url",
                      "v": "https://github.com/SivaShankarRajendran16/appstars-gitops-demo/commit/71c7ca94d288de984fcf5dd7b6ad9ef0ab35b70e"
                    }
                  ]
                }
              },
              {
                "k": "pusher",
                "v": {
                  "t": 2,
                  "d": [
                    {
                      "k": "email",
                      "v": "rajendransivashankar@gmail.com"
                    },
                    {
                      "k": "name",
                      "v": "SivaShankarRajendran16"
                    }
                  ]
                }
              },
              {
                "k": "ref",
                "v": "refs/heads/main"
              },
              {
                "k": "repository",
                "v": {
                  "t": 2,
                  "d": [
                    {
                      "k": "allow_forking",
                      "v": true
                    },
                    {
                      "k": "archive_url",
                      "v": "https://api.github.com/repos/SivaShankarRajendran16/appstars-gitops-demo/{archive_format}{/ref}"
                    },
                    {
                      "k": "archived",
                      "v": false
                    },
                    {
                      "k": "assignees_url",
                      "v": "https://api.github.com/repos/SivaShankarRajendran16/appstars-gitops-demo/assignees{/user}"
                    },
                    {
                      "k": "blobs_url",
                      "v": "https://api.github.com/repos/SivaShankarRajendran16/appstars-gitops-demo/git/blobs{/sha}"
                    },
                    {
                      "k": "branches_url",
                      "v": "https://api.github.com/repos/SivaShankarRajendran16/appstars-gitops-demo/branches{/branch}"
                    },
                    {
                      "k": "clone_url",
                      "v": "https://github.com/SivaShankarRajendran16/appstars-gitops-demo.git"
                    },
                    {
                      "k": "collaborators_url",
                      "v": "https://api.github.com/repos/SivaShankarRajendran16/appstars-gitops-demo/collaborators{/collaborator}"
                    },
                    {
                      "k": "comments_url",
                      "v": "https://api.github.com/repos/SivaShankarRajendran16/appstars-gitops-demo/comments{/number}"
                    },
                    {
                      "k": "commits_url",
                      "v": "https://api.github.com/repos/SivaShankarRajendran16/appstars-gitops-demo/commits{/sha}"
                    },
                    {
                      "k": "compare_url",
                      "v": "https://api.github.com/repos/SivaShankarRajendran16/appstars-gitops-demo/compare/{base}...{head}"
                    },
                    {
                      "k": "contents_url",
                      "v": "https://api.github.com/repos/SivaShankarRajendran16/appstars-gitops-demo/contents/{+path}"
                    },
                    {
                      "k": "contributors_url",
                      "v": "https://api.github.com/repos/SivaShankarRajendran16/appstars-gitops-demo/contributors"
                    },
                    {
                      "k": "created_at",
                      "v": 1785180896.0
                    },
                    {
                      "k": "default_branch",
                      "v": "main"
                    },
                    {
                      "k": "deployments_url",
                      "v": "https://api.github.com/repos/SivaShankarRajendran16/appstars-gitops-demo/deployments"
                    },
                    {
                      "k": "description",
                      "v": null
                    },
                    {
                      "k": "disabled",
                      "v": false
                    },
                    {
                      "k": "downloads_url",
                      "v": "https://api.github.com/repos/SivaShankarRajendran16/appstars-gitops-demo/downloads"
                    },
                    {
                      "k": "events_url",
                      "v": "https://api.github.com/repos/SivaShankarRajendran16/appstars-gitops-demo/events"
                    },
                    {
                      "k": "fork",
                      "v": false
                    },
                    {
                      "k": "forks",
                      "v": 0.0
                    },
                    {
                      "k": "forks_count",
                      "v": 0.0
                    },
                    {
                      "k": "forks_url",
                      "v": "https://api.github.com/repos/SivaShankarRajendran16/appstars-gitops-demo/forks"
                    },
                    {
                      "k": "full_name",
                      "v": "SivaShankarRajendran16/appstars-gitops-demo"
                    },
                    {
                      "k": "git_commits_url",
                      "v": "https://api.github.com/repos/SivaShankarRajendran16/appstars-gitops-demo/git/commits{/sha}"
                    },
                    {
                      "k": "git_refs_url",
                      "v": "https://api.github.com/repos/SivaShankarRajendran16/appstars-gitops-demo/git/refs{/sha}"
                    },
                    {
                      "k": "git_tags_url",
                      "v": "https://api.github.com/repos/SivaShankarRajendran16/appstars-gitops-demo/git/tags{/sha}"
                    },
                    {
                      "k": "git_url",
                      "v": "git://github.com/SivaShankarRajendran16/appstars-gitops-demo.git"
                    },
                    {
                      "k": "has_discussions",
                      "v": false
                    },
                    {
                      "k": "has_downloads",
                      "v": true
                    },
                    {
                      "k": "has_issues",
                      "v": true
                    },
                    {
                      "k": "has_pages",
                      "v": false
                    },
                    {
                      "k": "has_projects",
                      "v": true
                    },
                    {
                      "k": "has_pull_requests",
                      "v": true
                    },
                    {
                      "k": "has_wiki",
                      "v": true
                    },
                    {
                      "k": "homepage",
                      "v": null
                    },
                    {
                      "k": "hooks_url",
                      "v": "https://api.github.com/repos/SivaShankarRajendran16/appstars-gitops-demo/hooks"
                    },
                    {
                      "k": "html_url",
                      "v": "https://github.com/SivaShankarRajendran16/appstars-gitops-demo"
                    },
                    {
                      "k": "id",
                      "v": 1314211114.0
                    },
                    {
                      "k": "is_template",
                      "v": false
                    },
                    {
                      "k": "issue_comment_url",
                      "v": "https://api.github.com/repos/SivaShankarRajendran16/appstars-gitops-demo/issues/comments{/number}"
                    },
                    {
                      "k": "issue_events_url",
                      "v": "https://api.github.com/repos/SivaShankarRajendran16/appstars-gitops-demo/issues/events{/number}"
                    },
                    {
                      "k": "issues_url",
                      "v": "https://api.github.com/repos/SivaShankarRajendran16/appstars-gitops-demo/issues{/number}"
                    },
                    {
                      "k": "keys_url",
                      "v": "https://api.github.com/repos/SivaShankarRajendran16/appstars-gitops-demo/keys{/key_id}"
                    },
                    {
                      "k": "labels_url",
                      "v": "https://api.github.com/repos/SivaShankarRajendran16/appstars-gitops-demo/labels{/name}"
                    },
                    {
                      "k": "language",
                      "v": "CSS"
                    },
                    {
                      "k": "languages_url",
                      "v": "https://api.github.com/repos/SivaShankarRajendran16/appstars-gitops-demo/languages"
                    },
                    {
                      "k": "license",
                      "v": null
                    },
                    {
                      "k": "master_branch",
                      "v": "main"
                    },
                    {
                      "k": "merges_url",
                      "v": "https://api.github.com/repos/SivaShankarRajendran16/appstars-gitops-demo/merges"
                    },
                    {
                      "k": "milestones_url",
                      "v": "https://api.github.com/repos/SivaShankarRajendran16/appstars-gitops-demo/milestones{/number}"
                    },
                    {
                      "k": "mirror_url",
                      "v": null
                    },
                    {
                      "k": "name",
                      "v": "appstars-gitops-demo"
                    },
                    {
                      "k": "node_id",
                      "v": "R_kgDOTlVFKg"
                    },
                    {
                      "k": "notifications_url",
                      "v": "https://api.github.com/repos/SivaShankarRajendran16/appstars-gitops-demo/notifications{?since,all,participating}"
                    },
                    {
                      "k": "open_issues",
                      "v": 0.0
                    },
                    {
                      "k": "open_issues_count",
                      "v": 0.0
                    },
                    {
                      "k": "owner",
                      "v": {
                        "t": 2,
                        "d": [
                          {
                            "k": "avatar_url",
                            "v": "https://avatars.githubusercontent.com/u/192618162?v=4"
                          },
                          {
                            "k": "email",
                            "v": "rajendransivashankar@gmail.com"
                          },
                          {
                            "k": "events_url",
                            "v": "https://api.github.com/users/SivaShankarRajendran16/events{/privacy}"
                          },
                          {
                            "k": "followers_url",
                            "v": "https://api.github.com/users/SivaShankarRajendran16/followers"
                          },
                          {
                            "k": "following_url",
                            "v": "https://api.github.com/users/SivaShankarRajendran16/following{/other_user}"
                          },
                          {
                            "k": "gists_url",
                            "v": "https://api.github.com/users/SivaShankarRajendran16/gists{/gist_id}"
                          },
                          {
                            "k": "gravatar_id",
                            "v": ""
                          },
                          {
                            "k": "html_url",
                            "v": "https://github.com/SivaShankarRajendran16"
                          },
                          {
                            "k": "id",
                            "v": 192618162.0
                          },
                          {
                            "k": "login",
                            "v": "SivaShankarRajendran16"
                          },
                          {
                            "k": "name",
                            "v": "SivaShankarRajendran16"
                          },
                          {
                            "k": "node_id",
                            "v": "U_kgDOC3sesg"
                          },
                          {
                            "k": "organizations_url",
                            "v": "https://api.github.com/users/SivaShankarRajendran16/orgs"
                          },
                          {
                            "k": "received_events_url",
                            "v": "https://api.github.com/users/SivaShankarRajendran16/received_events"
                          },
                          {
                            "k": "repos_url",
                            "v": "https://api.github.com/users/SivaShankarRajendran16/repos"
                          },
                          {
                            "k": "site_admin",
                            "v": false
                          },
                          {
                            "k": "starred_url",
                            "v": "https://api.github.com/users/SivaShankarRajendran16/starred{/owner}{/repo}"
                          },
                          {
                            "k": "subscriptions_url",
                            "v": "https://api.github.com/users/SivaShankarRajendran16/subscriptions"
                          },
                          {
                            "k": "type",
                            "v": "User"
                          },
                          {
                            "k": "url",
                            "v": "https://api.github.com/users/SivaShankarRajendran16"
                          },
                          {
                            "k": "user_view_type",
                            "v": "public"
                          }
                        ]
                      }
                    },
                    {
                      "k": "private",
                      "v": false
                    },
                    {
                      "k": "pull_request_creation_policy",
                      "v": "all"
                    },
                    {
                      "k": "pulls_url",
                      "v": "https://api.github.com/repos/SivaShankarRajendran16/appstars-gitops-demo/pulls{/number}"
                    },
                    {
                      "k": "pushed_at",
                      "v": 1785186293.0
                    },
                    {
                      "k": "releases_url",
                      "v": "https://api.github.com/repos/SivaShankarRajendran16/appstars-gitops-demo/releases{/id}"
                    },
                    {
                      "k": "size",
                      "v": 183383.0
                    },
                    {
                      "k": "ssh_url",
                      "v": "git@github.com:SivaShankarRajendran16/appstars-gitops-demo.git"
                    },
                    {
                      "k": "stargazers",
                      "v": 0.0
                    },
                    {
                      "k": "stargazers_count",
                      "v": 0.0
                    },
                    {
                      "k": "stargazers_url",
                      "v": "https://api.github.com/repos/SivaShankarRajendran16/appstars-gitops-demo/stargazers"
                    },
                    {
                      "k": "statuses_url",
                      "v": "https://api.github.com/repos/SivaShankarRajendran16/appstars-gitops-demo/statuses/{sha}"
                    },
                    {
                      "k": "subscribers_url",
                      "v": "https://api.github.com/repos/SivaShankarRajendran16/appstars-gitops-demo/subscribers"
                    },
                    {
                      "k": "subscription_url",
                      "v": "https://api.github.com/repos/SivaShankarRajendran16/appstars-gitops-demo/subscription"
                    },
                    {
                      "k": "svn_url",
                      "v": "https://github.com/SivaShankarRajendran16/appstars-gitops-demo"
                    },
                    {
                      "k": "tags_url",
                      "v": "https://api.github.com/repos/SivaShankarRajendran16/appstars-gitops-demo/tags"
                    },
                    {
                      "k": "teams_url",
                      "v": "https://api.github.com/repos/SivaShankarRajendran16/appstars-gitops-demo/teams"
                    },
                    {
                      "k": "topics",
                      "v": {
                        "t": 1
                      }
                    },
                    {
                      "k": "trees_url",
                      "v": "https://api.github.com/repos/SivaShankarRajendran16/appstars-gitops-demo/git/trees{/sha}"
                    },
                    {
                      "k": "updated_at",
                      "v": "2026-07-27T21:03:22Z"
                    },
                    {
                      "k": "url",
                      "v": "https://api.github.com/repos/SivaShankarRajendran16/appstars-gitops-demo"
                    },
                    {
                      "k": "visibility",
                      "v": "public"
                    },
                    {
                      "k": "watchers",
                      "v": 0.0
                    },
                    {
                      "k": "watchers_count",
                      "v": 0.0
                    },
                    {
                      "k": "web_commit_signoff_required",
                      "v": false
                    }
                  ]
                }
              },
              {
                "k": "sender",
                "v": {
                  "t": 2,
                  "d": [
                    {
                      "k": "avatar_url",
                      "v": "https://avatars.githubusercontent.com/u/192618162?v=4"
                    },
                    {
                      "k": "events_url",
                      "v": "https://api.github.com/users/SivaShankarRajendran16/events{/privacy}"
                    },
                    {
                      "k": "followers_url",
                      "v": "https://api.github.com/users/SivaShankarRajendran16/followers"
                    },
                    {
                      "k": "following_url",
                      "v": "https://api.github.com/users/SivaShankarRajendran16/following{/other_user}"
                    },
                    {
                      "k": "gists_url",
                      "v": "https://api.github.com/users/SivaShankarRajendran16/gists{/gist_id}"
                    },
                    {
                      "k": "gravatar_id",
                      "v": ""
                    },
                    {
                      "k": "html_url",
                      "v": "https://github.com/SivaShankarRajendran16"
                    },
                    {
                      "k": "id",
                      "v": 192618162.0
                    },
                    {
                      "k": "login",
                      "v": "SivaShankarRajendran16"
                    },
                    {
                      "k": "node_id",
                      "v": "U_kgDOC3sesg"
                    },
                    {
                      "k": "organizations_url",
                      "v": "https://api.github.com/users/SivaShankarRajendran16/orgs"
                    },
                    {
                      "k": "received_events_url",
                      "v": "https://api.github.com/users/SivaShankarRajendran16/received_events"
                    },
                    {
                      "k": "repos_url",
                      "v": "https://api.github.com/users/SivaShankarRajendran16/repos"
                    },
                    {
                      "k": "site_admin",
                      "v": false
                    },
                    {
                      "k": "starred_url",
                      "v": "https://api.github.com/users/SivaShankarRajendran16/starred{/owner}{/repo}"
                    },
                    {
                      "k": "subscriptions_url",
                      "v": "https://api.github.com/users/SivaShankarRajendran16/subscriptions"
                    },
                    {
                      "k": "type",
                      "v": "User"
                    },
                    {
                      "k": "url",
                      "v": "https://api.github.com/users/SivaShankarRajendran16"
                    },
                    {
                      "k": "user_view_type",
                      "v": "public"
                    }
                  ]
                }
              }
            ]
          }
        },
        {
          "k": "workflow_ref",
          "v": "SivaShankarRajendran16/appstars-gitops-demo/.github/workflows/deploy.yml@refs/heads/main"
        },
        {
          "k": "workflow_sha",
          "v": "71c7ca94d288de984fcf5dd7b6ad9ef0ab35b70e"
        },
        {
          "k": "repository_id",
          "v": "1314211114"
        },
        {
          "k": "triggering_actor",
          "v": "SivaShankarRajendran16"
        }
      ]
    },
    "inputs": {
      "t": 2
    },
    "job": {
      "t": 2,
      "d": [
        {
          "k": "check_run_id",
          "v": 90108071260.0
        },
        {
          "k": "workflow_ref",
          "v": "SivaShankarRajendran16/appstars-gitops-demo/.github/workflows/deploy.yml@refs/heads/main"
        },
        {
          "k": "workflow_sha",
          "v": "71c7ca94d288de984fcf5dd7b6ad9ef0ab35b70e"
        },
        {
          "k": "workflow_repository",
          "v": "SivaShankarRajendran16/appstars-gitops-demo"
        },
        {
          "k": "workflow_file_path",
          "v": ".github/workflows/deploy.yml"
        }
      ]
    },
    "matrix": null,
    "needs": {
      "t": 2
    },
    "strategy": {
      "t": 2,
      "d": [
        {
          "k": "fail-fast",
          "v": true
        },
        {
          "k": "job-index",
          "v": 0.0
        },
        {
          "k": "job-total",
          "v": 1.0
        },
        {
          "k": "max-parallel",
          "v": 1.0
        }
      ]
    },
    "vars": {
      "t": 2
    }
  },
  "billingOwnerId": "U_kgDOC3sesg"
}
[2026-07-27 21:05:00Z INFO JobRunner] Job ID 6771d7aa-3900-58da-b175-33883b413037
[2026-07-27 21:05:00Z INFO ConfigurationStore] currentAssemblyLocation: C:\Users\siva9\appstars-gitops-demo\actions-runner\bin\Runner.Worker.dll
[2026-07-27 21:05:00Z INFO HostContext] Well known directory 'Bin': 'C:\Users\siva9\appstars-gitops-demo\actions-runner\bin'
[2026-07-27 21:05:00Z INFO ConfigurationStore] binPath: C:\Users\siva9\appstars-gitops-demo\actions-runner\bin
[2026-07-27 21:05:00Z INFO HostContext] Well known directory 'Bin': 'C:\Users\siva9\appstars-gitops-demo\actions-runner\bin'
[2026-07-27 21:05:00Z INFO HostContext] Well known directory 'Root': 'C:\Users\siva9\appstars-gitops-demo\actions-runner'
[2026-07-27 21:05:00Z INFO ConfigurationStore] RootFolder: C:\Users\siva9\appstars-gitops-demo\actions-runner
[2026-07-27 21:05:00Z INFO HostContext] Well known directory 'Bin': 'C:\Users\siva9\appstars-gitops-demo\actions-runner\bin'
[2026-07-27 21:05:00Z INFO HostContext] Well known directory 'Root': 'C:\Users\siva9\appstars-gitops-demo\actions-runner'
[2026-07-27 21:05:00Z INFO HostContext] Well known config file 'Runner': 'C:\Users\siva9\appstars-gitops-demo\actions-runner\.runner'
[2026-07-27 21:05:00Z INFO ConfigurationStore] ConfigFilePath: C:\Users\siva9\appstars-gitops-demo\actions-runner\.runner
[2026-07-27 21:05:00Z INFO HostContext] Well known directory 'Bin': 'C:\Users\siva9\appstars-gitops-demo\actions-runner\bin'
[2026-07-27 21:05:00Z INFO HostContext] Well known directory 'Root': 'C:\Users\siva9\appstars-gitops-demo\actions-runner'
[2026-07-27 21:05:00Z INFO HostContext] Well known config file 'MigratedRunner': 'C:\Users\siva9\appstars-gitops-demo\actions-runner\.runner_migrated'
[2026-07-27 21:05:00Z INFO ConfigurationStore] MigratedConfigFilePath: C:\Users\siva9\appstars-gitops-demo\actions-runner\.runner_migrated
[2026-07-27 21:05:00Z INFO HostContext] Well known directory 'Bin': 'C:\Users\siva9\appstars-gitops-demo\actions-runner\bin'
[2026-07-27 21:05:00Z INFO HostContext] Well known directory 'Root': 'C:\Users\siva9\appstars-gitops-demo\actions-runner'
[2026-07-27 21:05:00Z INFO HostContext] Well known config file 'Credentials': 'C:\Users\siva9\appstars-gitops-demo\actions-runner\.credentials'
[2026-07-27 21:05:00Z INFO ConfigurationStore] CredFilePath: C:\Users\siva9\appstars-gitops-demo\actions-runner\.credentials
[2026-07-27 21:05:00Z INFO HostContext] Well known directory 'Bin': 'C:\Users\siva9\appstars-gitops-demo\actions-runner\bin'
[2026-07-27 21:05:00Z INFO HostContext] Well known directory 'Root': 'C:\Users\siva9\appstars-gitops-demo\actions-runner'
[2026-07-27 21:05:00Z INFO HostContext] Well known config file 'MigratedCredentials': 'C:\Users\siva9\appstars-gitops-demo\actions-runner\.credentials_migrated'
[2026-07-27 21:05:00Z INFO ConfigurationStore] MigratedCredFilePath: C:\Users\siva9\appstars-gitops-demo\actions-runner\.credentials_migrated
[2026-07-27 21:05:00Z INFO HostContext] Well known directory 'Bin': 'C:\Users\siva9\appstars-gitops-demo\actions-runner\bin'
[2026-07-27 21:05:00Z INFO HostContext] Well known directory 'Root': 'C:\Users\siva9\appstars-gitops-demo\actions-runner'
[2026-07-27 21:05:00Z INFO HostContext] Well known config file 'Service': 'C:\Users\siva9\appstars-gitops-demo\actions-runner\.service'
[2026-07-27 21:05:00Z INFO ConfigurationStore] ServiceConfigFilePath: C:\Users\siva9\appstars-gitops-demo\actions-runner\.service
[2026-07-27 21:05:00Z INFO ConfigurationStore] Read setting file: 422 chars
[2026-07-27 21:05:00Z INFO JobRunner] Initializing launch client
[2026-07-27 21:05:00Z INFO JobServerQueue] Initializing results client
[2026-07-27 21:05:00Z INFO ResultServer] Creating websocket client ...wss://results-receiver.actions.githubusercontent.com/_ws/ingest.sock
[2026-07-27 21:05:00Z INFO ResultServer] Attempting to start websocket client with delay 00:00:00.
[2026-07-27 21:05:00Z INFO JobServerQueue] Start process web console line queue.
[2026-07-27 21:05:00Z INFO JobServerQueue] Start process file upload queue.
[2026-07-27 21:05:00Z INFO JobServerQueue] Start results file upload queue.
[2026-07-27 21:05:00Z INFO JobServerQueue] Starting results-based upload queue...
[2026-07-27 21:05:00Z INFO JobServerQueue] Start process timeline update queue.
[2026-07-27 21:05:00Z INFO ExecutionContext] Initializing Job context
[2026-07-27 21:05:00Z INFO ExecutionContext] Initialize GitHub context
[2026-07-27 21:05:00Z INFO ExecutionContext] Initialize Env context
[2026-07-27 21:05:00Z INFO HostContext] Well known directory 'Bin': 'C:\Users\siva9\appstars-gitops-demo\actions-runner\bin'
[2026-07-27 21:05:00Z INFO HostContext] Well known directory 'Root': 'C:\Users\siva9\appstars-gitops-demo\actions-runner'
[2026-07-27 21:05:00Z INFO HostContext] Well known directory 'Diag': 'C:\Users\siva9\appstars-gitops-demo\actions-runner\_diag'
[2026-07-27 21:05:00Z INFO HostContext] Well known directory 'Bin': 'C:\Users\siva9\appstars-gitops-demo\actions-runner\bin'
[2026-07-27 21:05:00Z INFO HostContext] Well known directory 'Root': 'C:\Users\siva9\appstars-gitops-demo\actions-runner'
[2026-07-27 21:05:00Z INFO HostContext] Well known directory 'Diag': 'C:\Users\siva9\appstars-gitops-demo\actions-runner\_diag'
[2026-07-27 21:05:00Z INFO JobRunner] Starting the job execution context.
[2026-07-27 21:05:00Z INFO HostContext] Well known directory 'Bin': 'C:\Users\siva9\appstars-gitops-demo\actions-runner\bin'
[2026-07-27 21:05:00Z INFO HostContext] Well known directory 'Root': 'C:\Users\siva9\appstars-gitops-demo\actions-runner'
[2026-07-27 21:05:00Z INFO HostContext] Well known directory 'Work': 'C:\Users\siva9\appstars-gitops-demo\actions-runner\_work'
[2026-07-27 21:05:00Z INFO JobRunner] Validating directory permissions for: 'C:\Users\siva9\appstars-gitops-demo\actions-runner\_work'
[2026-07-27 21:05:00Z INFO HostContext] Well known directory 'Bin': 'C:\Users\siva9\appstars-gitops-demo\actions-runner\bin'
[2026-07-27 21:05:00Z INFO HostContext] Well known directory 'Root': 'C:\Users\siva9\appstars-gitops-demo\actions-runner'
[2026-07-27 21:05:00Z INFO HostContext] Well known directory 'Work': 'C:\Users\siva9\appstars-gitops-demo\actions-runner\_work'
[2026-07-27 21:05:00Z INFO HostContext] Well known directory 'Tools': 'C:\Users\siva9\appstars-gitops-demo\actions-runner\_work\_tool'
[2026-07-27 21:05:00Z INFO HostContext] Well known directory 'Bin': 'C:\Users\siva9\appstars-gitops-demo\actions-runner\bin'
[2026-07-27 21:05:00Z INFO HostContext] Well known directory 'Root': 'C:\Users\siva9\appstars-gitops-demo\actions-runner'
[2026-07-27 21:05:00Z INFO HostContext] Well known directory 'Work': 'C:\Users\siva9\appstars-gitops-demo\actions-runner\_work'
[2026-07-27 21:05:00Z INFO HostContext] Well known directory 'Temp': 'C:\Users\siva9\appstars-gitops-demo\actions-runner\_work\_temp'
[2026-07-27 21:05:00Z INFO JobRunner] Getting job extension.
[2026-07-27 21:05:00Z INFO JobRunner] Initialize job. Getting all job steps.
[2026-07-27 21:05:00Z INFO HostContext] Well known directory 'Bin': 'C:\Users\siva9\appstars-gitops-demo\actions-runner\bin'
[2026-07-27 21:05:00Z INFO HostContext] Well known directory 'Root': 'C:\Users\siva9\appstars-gitops-demo\actions-runner'
[2026-07-27 21:05:00Z INFO HostContext] Well known directory 'Diag': 'C:\Users\siva9\appstars-gitops-demo\actions-runner\_diag'
[2026-07-27 21:05:00Z INFO HostContext] Well known directory 'Bin': 'C:\Users\siva9\appstars-gitops-demo\actions-runner\bin'
[2026-07-27 21:05:00Z INFO HostContext] Well known directory 'Root': 'C:\Users\siva9\appstars-gitops-demo\actions-runner'
[2026-07-27 21:05:00Z INFO HostContext] Well known directory 'Diag': 'C:\Users\siva9\appstars-gitops-demo\actions-runner\_diag'
[2026-07-27 21:05:00Z INFO HostContext] Well known directory 'Bin': 'C:\Users\siva9\appstars-gitops-demo\actions-runner\bin'
[2026-07-27 21:05:00Z INFO HostContext] Well known directory 'Root': 'C:\Users\siva9\appstars-gitops-demo\actions-runner'
[2026-07-27 21:05:00Z INFO HostContext] Well known config file 'Credentials': 'C:\Users\siva9\appstars-gitops-demo\actions-runner\.credentials'
[2026-07-27 21:05:00Z INFO HostContext] Well known directory 'Bin': 'C:\Users\siva9\appstars-gitops-demo\actions-runner\bin'
[2026-07-27 21:05:00Z INFO HostContext] Well known directory 'Root': 'C:\Users\siva9\appstars-gitops-demo\actions-runner'
[2026-07-27 21:05:00Z INFO HostContext] Well known config file 'SetupInfo': 'C:\Users\siva9\appstars-gitops-demo\actions-runner\.setup_info'
[2026-07-27 21:05:00Z INFO HostContext] Well known directory 'Bin': 'C:\Users\siva9\appstars-gitops-demo\actions-runner\bin'
[2026-07-27 21:05:00Z INFO HostContext] Well known directory 'Root': 'C:\Users\siva9\appstars-gitops-demo\actions-runner'
[2026-07-27 21:05:00Z INFO HostContext] Well known directory 'Work': 'C:\Users\siva9\appstars-gitops-demo\actions-runner\_work'
[2026-07-27 21:05:00Z INFO PipelineDirectoryManager] Loading tracking config if exists: C:\Users\siva9\appstars-gitops-demo\actions-runner\_work\_PipelineMapping\SivaShankarRajendran16/appstars-gitops-demo\PipelineFolder.json
[2026-07-27 21:05:00Z INFO PipelineDirectoryManager] Updating job run properties.
[2026-07-27 21:05:00Z INFO HostContext] Well known directory 'Bin': 'C:\Users\siva9\appstars-gitops-demo\actions-runner\bin'
[2026-07-27 21:05:00Z INFO HostContext] Well known directory 'Root': 'C:\Users\siva9\appstars-gitops-demo\actions-runner'
[2026-07-27 21:05:00Z INFO HostContext] Well known directory 'Work': 'C:\Users\siva9\appstars-gitops-demo\actions-runner\_work'
[2026-07-27 21:05:00Z INFO HostContext] Well known directory 'Bin': 'C:\Users\siva9\appstars-gitops-demo\actions-runner\bin'
[2026-07-27 21:05:00Z INFO HostContext] Well known directory 'Root': 'C:\Users\siva9\appstars-gitops-demo\actions-runner'
[2026-07-27 21:05:00Z INFO HostContext] Well known directory 'Work': 'C:\Users\siva9\appstars-gitops-demo\actions-runner\_work'
[2026-07-27 21:05:00Z INFO HostContext] Well known directory 'Bin': 'C:\Users\siva9\appstars-gitops-demo\actions-runner\bin'
[2026-07-27 21:05:00Z INFO HostContext] Well known directory 'Root': 'C:\Users\siva9\appstars-gitops-demo\actions-runner'
[2026-07-27 21:05:00Z INFO HostContext] Well known directory 'Work': 'C:\Users\siva9\appstars-gitops-demo\actions-runner\_work'
[2026-07-27 21:05:00Z INFO JobExtension] Downloading actions
[2026-07-27 21:05:00Z INFO HostContext] Well known directory 'Bin': 'C:\Users\siva9\appstars-gitops-demo\actions-runner\bin'
[2026-07-27 21:05:00Z INFO HostContext] Well known directory 'Root': 'C:\Users\siva9\appstars-gitops-demo\actions-runner'
[2026-07-27 21:05:00Z INFO HostContext] Well known directory 'Work': 'C:\Users\siva9\appstars-gitops-demo\actions-runner\_work'
[2026-07-27 21:05:00Z INFO HostContext] Well known directory 'Actions': 'C:\Users\siva9\appstars-gitops-demo\actions-runner\_work\_actions'
[2026-07-27 21:05:00Z INFO Worker] Listening for cancel message from the channel.
[2026-07-27 21:05:00Z INFO Worker] Waiting for the job to complete or for a cancel message from the channel.
[2026-07-27 21:05:01Z INFO ResultServer] Exception caught during websocket client connect, retry connection.
[2026-07-27 21:05:01Z ERR  ResultServer] System.Net.WebSockets.WebSocketException (0x80004005): The server returned status code '503' when status code '101' was expected.
   at System.Net.WebSockets.WebSocketHandle.ValidateResponse(HttpResponseMessage response, String secValue)
   at System.Net.WebSockets.WebSocketHandle.ConnectAsync(Uri uri, HttpMessageInvoker invoker, CancellationToken cancellationToken, ClientWebSocketOptions options)
   at System.Net.WebSockets.ClientWebSocket.ConnectAsyncCore(Uri uri, HttpMessageInvoker invoker, CancellationToken cancellationToken)
   at GitHub.Runner.Common.ResultServer.ConnectWebSocketClient(String feedStreamUrl, TimeSpan delay, Boolean retryConnection)
[2026-07-27 21:05:01Z INFO ResultServer] Attempting to start websocket client with delay 00:00:00.
[2026-07-27 21:05:01Z INFO ResultServer] Exception caught during websocket client connect, retry connection.
[2026-07-27 21:05:01Z ERR  ResultServer] System.NullReferenceException: Object reference not set to an instance of an object.
   at GitHub.Runner.Common.ResultServer.ConnectWebSocketClient(String feedStreamUrl, TimeSpan delay, Boolean retryConnection)
[2026-07-27 21:05:01Z INFO ResultServer] Attempting to start websocket client with delay 00:00:00.
[2026-07-27 21:05:01Z INFO ResultServer] Exception caught during websocket client connect, retry connection.
[2026-07-27 21:05:01Z ERR  ResultServer] System.NullReferenceException: Object reference not set to an instance of an object.
   at GitHub.Runner.Common.ResultServer.ConnectWebSocketClient(String feedStreamUrl, TimeSpan delay, Boolean retryConnection)
[2026-07-27 21:05:01Z INFO JobServerQueue] Try to append 1 batches web console lines for record '8f92cd33-8e2d-41f1-93fc-fe44beb53804', success rate: 1/1.
[2026-07-27 21:05:01Z INFO HostContext] Well known directory 'Bin': 'C:\Users\siva9\appstars-gitops-demo\actions-runner\bin'
[2026-07-27 21:05:01Z INFO HostContext] Well known directory 'Root': 'C:\Users\siva9\appstars-gitops-demo\actions-runner'
[2026-07-27 21:05:01Z INFO HostContext] Well known directory 'Work': 'C:\Users\siva9\appstars-gitops-demo\actions-runner\_work'
[2026-07-27 21:05:01Z INFO HostContext] Well known directory 'Actions': 'C:\Users\siva9\appstars-gitops-demo\actions-runner\_work\_actions'
[2026-07-27 21:05:01Z INFO HostContext] Well known directory 'Bin': 'C:\Users\siva9\appstars-gitops-demo\actions-runner\bin'
[2026-07-27 21:05:01Z INFO HostContext] Well known directory 'Root': 'C:\Users\siva9\appstars-gitops-demo\actions-runner'
[2026-07-27 21:05:01Z INFO HostContext] Well known directory 'Work': 'C:\Users\siva9\appstars-gitops-demo\actions-runner\_work'
[2026-07-27 21:05:01Z INFO HostContext] Well known directory 'Actions': 'C:\Users\siva9\appstars-gitops-demo\actions-runner\_work\_actions'
[2026-07-27 21:05:01Z INFO ActionManager] Save archive 'https://codeload.github.com/actions/checkout/zip/11d5960a326750d5838078e36cf38b85af677262' into C:\Users\siva9\appstars-gitops-demo\actions-runner\_work\_actions\_temp_69970c44-cd3c-4553-89d6-ce2d0d907c3f\df396f86-5677-41fa-8712-b095e217ed73.zip.
[2026-07-27 21:05:01Z INFO ActionManager] Using Basic token for action archive download.
[2026-07-27 21:05:01Z INFO JobServerQueue] Try to append 1 batches web console lines for record '8f92cd33-8e2d-41f1-93fc-fe44beb53804', success rate: 1/1.
[2026-07-27 21:05:01Z ERR  GitHubActionsService] POST request to https://results-receiver.actions.githubusercontent.com/twirp/github.actions.results.api.v1.WorkflowStepUpdateService/WorkflowStepsUpdate failed. HTTP Status: NotFound
[2026-07-27 21:05:01Z INFO JobServerQueue] Catch exception during update steps, skip update Results.
[2026-07-27 21:05:01Z ERR  JobServerQueue] System.Exception: Failed to mark StepsUpdateRequest upload as complete, status code: NotFound, ok: False, timestamp: 2026-07-27T21:05:00.700Z
   at GitHub.Services.Results.Client.ResultsHttpClient.SendRequest[R](Uri uri, CancellationToken cancellationToken, R request, String timestamp)
   at GitHub.Services.Results.Client.ResultsHttpClient.UpdateWorkflowStepsAsync(Guid planId, IEnumerable`1 records, CancellationToken cancellationToken)
   at GitHub.Runner.Common.JobServerQueue.ProcessTimelinesUpdateQueueAsync(Boolean runOnce)
[2026-07-27 21:05:01Z INFO JobServerQueue] Job timeline record has been updated for the first time.
[2026-07-27 21:05:01Z INFO ActionManager] Request URL: https://codeload.github.com/actions/checkout/zip/11d5960a326750d5838078e36cf38b85af677262 X-GitHub-Request-Id: 1493:3C3109:3E99F:2FA692:6A67C7FD Http Status: OK
[2026-07-27 21:05:01Z INFO ActionManager] Finished getting action repository.
[2026-07-27 21:05:02Z INFO HostContext] Well known directory 'Bin': 'C:\Users\siva9\appstars-gitops-demo\actions-runner\bin'
[2026-07-27 21:05:02Z INFO HostContext] Well known directory 'Root': 'C:\Users\siva9\appstars-gitops-demo\actions-runner'
[2026-07-27 21:05:02Z INFO HostContext] Well known directory 'Work': 'C:\Users\siva9\appstars-gitops-demo\actions-runner\_work'
[2026-07-27 21:05:02Z INFO HostContext] Well known directory 'Actions': 'C:\Users\siva9\appstars-gitops-demo\actions-runner\_work\_actions'
[2026-07-27 21:05:02Z INFO ActionManifestManagerLegacy] Load schema file with definitions: [
  "null",
  "boolean",
  "number",
  "string",
  "sequence",
  "mapping",
  "any",
  "action-root",
  "inputs",
  "input",
  "outputs",
  "output-definition",
  "runs",
  "container-runs",
  "container-runs-args",
  "container-runs-env",
  "node-runs",
  "plugin-runs",
  "composite-runs",
  "composite-steps",
  "composite-step",
  "run-step",
  "uses-step",
  "container-runs-context",
  "output-value",
  "input-default-context",
  "non-empty-string",
  "string-steps-context",
  "boolean-steps-context",
  "step-env",
  "step-if",
  "step-with"
]
[2026-07-27 21:05:02Z INFO ActionManifestManager] Load schema file with definitions: [
  "null",
  "boolean",
  "number",
  "string",
  "sequence",
  "mapping",
  "any",
  "action-root",
  "inputs",
  "input",
  "outputs",
  "output-definition",
  "runs",
  "container-runs",
  "container-runs-args",
  "container-runs-env",
  "node-runs",
  "plugin-runs",
  "composite-runs",
  "composite-steps",
  "composite-step",
  "run-step",
  "uses-step",
  "container-runs-context",
  "output-value",
  "input-default-context",
  "non-empty-string",
  "string-steps-context",
  "boolean-steps-context",
  "step-env",
  "step-if",
  "step-with"
]
[2026-07-27 21:05:02Z INFO HostContext] Well known directory 'Bin': 'C:\Users\siva9\appstars-gitops-demo\actions-runner\bin'
[2026-07-27 21:05:02Z INFO HostContext] Well known directory 'Root': 'C:\Users\siva9\appstars-gitops-demo\actions-runner'
[2026-07-27 21:05:02Z INFO HostContext] Well known directory 'Work': 'C:\Users\siva9\appstars-gitops-demo\actions-runner\_work'
[2026-07-27 21:05:02Z INFO HostContext] Well known directory 'Actions': 'C:\Users\siva9\appstars-gitops-demo\actions-runner\_work\_actions'
[2026-07-27 21:05:02Z INFO ActionManifestManagerLegacy] Loaded action.yml file: {
  "name": "Checkout",
  "description": "Checkout a Git repository at a particular version",
  "inputs": {
    "type": 2,
    "map": [
      {
        "key": {
          "type": 0,
          "file": 2,
          "line": 4,
          "col": 3,
          "lit": "repository"
        },
        "value": {
          "type": 3,
          "file": 2,
          "line": 6,
          "col": 14,
          "expr": "github.repository"
        }
      },
      {
        "key": {
          "type": 0,
          "file": 2,
          "line": 7,
          "col": 3,
          "lit": "ref"
        },
        "value": ""
      },
      {
        "key": {
          "type": 0,
          "file": 2,
          "line": 12,
          "col": 3,
          "lit": "token"
        },
        "value": {
          "type": 3,
          "file": 2,
          "line": 24,
          "col": 14,
          "expr": "github.token"
        }
      },
      {
        "key": {
          "type": 0,
          "file": 2,
          "line": 25,
          "col": 3,
          "lit": "ssh-key"
        },
        "value": ""
      },
      {
        "key": {
          "type": 0,
          "file": 2,
          "line": 37,
          "col": 3,
          "lit": "ssh-known-hosts"
        },
        "value": ""
      },
      {
        "key": {
          "type": 0,
          "file": 2,
          "line": 42,
          "col": 3,
          "lit": "ssh-strict"
        },
        "value": {
          "type": 0,
          "file": 2,
          "line": 47,
          "col": 14,
          "lit": "true"
        }
      },
      {
        "key": {
          "type": 0,
          "file": 2,
          "line": 48,
          "col": 3,
          "lit": "ssh-user"
        },
        "value": {
          "type": 0,
          "file": 2,
          "line": 51,
          "col": 14,
          "lit": "git"
        }
      },
      {
        "key": {
          "type": 0,
          "file": 2,
          "line": 52,
          "col": 3,
          "lit": "persist-credentials"
        },
        "value": {
          "type": 0,
          "file": 2,
          "line": 54,
          "col": 14,
          "lit": "true"
        }
      },
      {
        "key": {
          "type": 0,
          "file": 2,
          "line": 55,
          "col": 3,
          "lit": "path"
        },
        "value": ""
      },
      {
        "key": {
          "type": 0,
          "file": 2,
          "line": 57,
          "col": 3,
          "lit": "clean"
        },
        "value": {
          "type": 0,
          "file": 2,
          "line": 59,
          "col": 14,
          "lit": "true"
        }
      },
      {
        "key": {
          "type": 0,
          "file": 2,
          "line": 60,
          "col": 3,
          "lit": "filter"
        },
        "value": {
          "type": 0,
          "file": 2,
          "line": 64,
          "col": 14,
          "lit": ""
        }
      },
      {
        "key": {
          "type": 0,
          "file": 2,
          "line": 65,
          "col": 3,
          "lit": "sparse-checkout"
        },
        "value": {
          "type": 0,
          "file": 2,
          "line": 69,
          "col": 14,
          "lit": ""
        }
      },
      {
        "key": {
          "type": 0,
          "file": 2,
          "line": 70,
          "col": 3,
          "lit": "sparse-checkout-cone-mode"
        },
        "value": {
          "type": 0,
          "file": 2,
          "line": 73,
          "col": 14,
          "lit": "true"
        }
      },
      {
        "key": {
          "type": 0,
          "file": 2,
          "line": 74,
          "col": 3,
          "lit": "fetch-depth"
        },
        "value": {
          "type": 0,
          "file": 2,
          "line": 76,
          "col": 14,
          "lit": "1"
        }
      },
      {
        "key": {
          "type": 0,
          "file": 2,
          "line": 77,
          "col": 3,
          "lit": "fetch-tags"
        },
        "value": {
          "type": 0,
          "file": 2,
          "line": 79,
          "col": 14,
          "lit": "false"
        }
      },
      {
        "key": {
          "type": 0,
          "file": 2,
          "line": 80,
          "col": 3,
          "lit": "show-progress"
        },
        "value": {
          "type": 0,
          "file": 2,
          "line": 82,
          "col": 14,
          "lit": "true"
        }
      },
      {
        "key": {
          "type": 0,
          "file": 2,
          "line": 83,
          "col": 3,
          "lit": "lfs"
        },
        "value": {
          "type": 0,
          "file": 2,
          "line": 85,
          "col": 14,
          "lit": "false"
        }
      },
      {
        "key": {
          "type": 0,
          "file": 2,
          "line": 86,
          "col": 3,
          "lit": "submodules"
        },
        "value": {
          "type": 0,
          "file": 2,
          "line": 94,
          "col": 14,
          "lit": "false"
        }
      },
      {
        "key": {
          "type": 0,
          "file": 2,
          "line": 95,
          "col": 3,
          "lit": "set-safe-directory"
        },
        "value": {
          "type": 0,
          "file": 2,
          "line": 97,
          "col": 14,
          "lit": "true"
        }
      },
      {
        "key": {
          "type": 0,
          "file": 2,
          "line": 98,
          "col": 3,
          "lit": "github-server-url"
        },
        "value": ""
      },
      {
        "key": {
          "type": 0,
          "file": 2,
          "line": 101,
          "col": 3,
          "lit": "allow-unsafe-pr-checkout"
        },
        "value": {
          "type": 0,
          "file": 2,
          "line": 109,
          "col": 14,
          "lit": "false"
        }
      }
    ]
  },
  "execution": {
    "executionType": "nodeJS",
    "hasPre": false,
    "hasPost": true,
    "script": "dist/index.js",
    "pre": null,
    "post": "dist/index.js",
    "nodeVersion": "node20",
    "cleanupCondition": "always()",
    "initCondition": "always()"
  },
  "deprecated": null
}
[2026-07-27 21:05:02Z INFO ActionManager] Action node.js file: dist/index.js, no more preparation.
[2026-07-27 21:05:02Z INFO HostContext] Well known directory 'Bin': 'C:\Users\siva9\appstars-gitops-demo\actions-runner\bin'
[2026-07-27 21:05:02Z INFO HostContext] Well known directory 'Root': 'C:\Users\siva9\appstars-gitops-demo\actions-runner'
[2026-07-27 21:05:02Z INFO HostContext] Well known directory 'Work': 'C:\Users\siva9\appstars-gitops-demo\actions-runner\_work'
[2026-07-27 21:05:02Z INFO HostContext] Well known directory 'Actions': 'C:\Users\siva9\appstars-gitops-demo\actions-runner\_work\_actions'
[2026-07-27 21:05:02Z INFO ActionManager] Load action that reference repository from 'C:\Users\siva9\appstars-gitops-demo\actions-runner\_work\_actions\actions\checkout\v4'
[2026-07-27 21:05:02Z INFO HostContext] Well known directory 'Bin': 'C:\Users\siva9\appstars-gitops-demo\actions-runner\bin'
[2026-07-27 21:05:02Z INFO HostContext] Well known directory 'Root': 'C:\Users\siva9\appstars-gitops-demo\actions-runner'
[2026-07-27 21:05:02Z INFO HostContext] Well known directory 'Work': 'C:\Users\siva9\appstars-gitops-demo\actions-runner\_work'
[2026-07-27 21:05:02Z INFO HostContext] Well known directory 'Actions': 'C:\Users\siva9\appstars-gitops-demo\actions-runner\_work\_actions'
[2026-07-27 21:05:02Z INFO ActionManifestManagerLegacy] Loaded action.yml file: {
  "name": "Checkout",
  "description": "Checkout a Git repository at a particular version",
  "inputs": {
    "type": 2,
    "map": [
      {
        "key": {
          "type": 0,
          "file": 2,
          "line": 4,
          "col": 3,
          "lit": "repository"
        },
        "value": {
          "type": 3,
          "file": 2,
          "line": 6,
          "col": 14,
          "expr": "github.repository"
        }
      },
      {
        "key": {
          "type": 0,
          "file": 2,
          "line": 7,
          "col": 3,
          "lit": "ref"
        },
        "value": ""
      },
      {
        "key": {
          "type": 0,
          "file": 2,
          "line": 12,
          "col": 3,
          "lit": "token"
        },
        "value": {
          "type": 3,
          "file": 2,
          "line": 24,
          "col": 14,
          "expr": "github.token"
        }
      },
      {
        "key": {
          "type": 0,
          "file": 2,
          "line": 25,
          "col": 3,
          "lit": "ssh-key"
        },
        "value": ""
      },
      {
        "key": {
          "type": 0,
          "file": 2,
          "line": 37,
          "col": 3,
          "lit": "ssh-known-hosts"
        },
        "value": ""
      },
      {
        "key": {
          "type": 0,
          "file": 2,
          "line": 42,
          "col": 3,
          "lit": "ssh-strict"
        },
        "value": {
          "type": 0,
          "file": 2,
          "line": 47,
          "col": 14,
          "lit": "true"
        }
      },
      {
        "key": {
          "type": 0,
          "file": 2,
          "line": 48,
          "col": 3,
          "lit": "ssh-user"
        },
        "value": {
          "type": 0,
          "file": 2,
          "line": 51,
          "col": 14,
          "lit": "git"
        }
      },
      {
        "key": {
          "type": 0,
          "file": 2,
          "line": 52,
          "col": 3,
          "lit": "persist-credentials"
        },
        "value": {
          "type": 0,
          "file": 2,
          "line": 54,
          "col": 14,
          "lit": "true"
        }
      },
      {
        "key": {
          "type": 0,
          "file": 2,
          "line": 55,
          "col": 3,
          "lit": "path"
        },
        "value": ""
      },
      {
        "key": {
          "type": 0,
          "file": 2,
          "line": 57,
          "col": 3,
          "lit": "clean"
        },
        "value": {
          "type": 0,
          "file": 2,
          "line": 59,
          "col": 14,
          "lit": "true"
        }
      },
      {
        "key": {
          "type": 0,
          "file": 2,
          "line": 60,
          "col": 3,
          "lit": "filter"
        },
        "value": {
          "type": 0,
          "file": 2,
          "line": 64,
          "col": 14,
          "lit": ""
        }
      },
      {
        "key": {
          "type": 0,
          "file": 2,
          "line": 65,
          "col": 3,
          "lit": "sparse-checkout"
        },
        "value": {
          "type": 0,
          "file": 2,
          "line": 69,
          "col": 14,
          "lit": ""
        }
      },
      {
        "key": {
          "type": 0,
          "file": 2,
          "line": 70,
          "col": 3,
          "lit": "sparse-checkout-cone-mode"
        },
        "value": {
          "type": 0,
          "file": 2,
          "line": 73,
          "col": 14,
          "lit": "true"
        }
      },
      {
        "key": {
          "type": 0,
          "file": 2,
          "line": 74,
          "col": 3,
          "lit": "fetch-depth"
        },
        "value": {
          "type": 0,
          "file": 2,
          "line": 76,
          "col": 14,
          "lit": "1"
        }
      },
      {
        "key": {
          "type": 0,
          "file": 2,
          "line": 77,
          "col": 3,
          "lit": "fetch-tags"
        },
        "value": {
          "type": 0,
          "file": 2,
          "line": 79,
          "col": 14,
          "lit": "false"
        }
      },
      {
        "key": {
          "type": 0,
          "file": 2,
          "line": 80,
          "col": 3,
          "lit": "show-progress"
        },
        "value": {
          "type": 0,
          "file": 2,
          "line": 82,
          "col": 14,
          "lit": "true"
        }
      },
      {
        "key": {
          "type": 0,
          "file": 2,
          "line": 83,
          "col": 3,
          "lit": "lfs"
        },
        "value": {
          "type": 0,
          "file": 2,
          "line": 85,
          "col": 14,
          "lit": "false"
        }
      },
      {
        "key": {
          "type": 0,
          "file": 2,
          "line": 86,
          "col": 3,
          "lit": "submodules"
        },
        "value": {
          "type": 0,
          "file": 2,
          "line": 94,
          "col": 14,
          "lit": "false"
        }
      },
      {
        "key": {
          "type": 0,
          "file": 2,
          "line": 95,
          "col": 3,
          "lit": "set-safe-directory"
        },
        "value": {
          "type": 0,
          "file": 2,
          "line": 97,
          "col": 14,
          "lit": "true"
        }
      },
      {
        "key": {
          "type": 0,
          "file": 2,
          "line": 98,
          "col": 3,
          "lit": "github-server-url"
        },
        "value": ""
      },
      {
        "key": {
          "type": 0,
          "file": 2,
          "line": 101,
          "col": 3,
          "lit": "allow-unsafe-pr-checkout"
        },
        "value": {
          "type": 0,
          "file": 2,
          "line": 109,
          "col": 14,
          "lit": "false"
        }
      }
    ]
  },
  "execution": {
    "executionType": "nodeJS",
    "hasPre": false,
    "hasPost": true,
    "script": "dist/index.js",
    "pre": null,
    "post": "dist/index.js",
    "nodeVersion": "node20",
    "cleanupCondition": "always()",
    "initCondition": "always()"
  },
  "deprecated": null
}
[2026-07-27 21:05:02Z INFO ActionManager] Action pre node.js file: N/A.
[2026-07-27 21:05:02Z INFO ActionManager] Action node.js file: dist/index.js.
[2026-07-27 21:05:02Z INFO ActionManager] Action post node.js file: dist/index.js.
[2026-07-27 21:05:02Z INFO JobExtension] Adding .
[2026-07-27 21:05:02Z INFO JobExtension] Adding .
[2026-07-27 21:05:02Z INFO JobExtension] Adding .
[2026-07-27 21:05:02Z INFO HostContext] Well known directory 'Bin': 'C:\Users\siva9\appstars-gitops-demo\actions-runner\bin'
[2026-07-27 21:05:02Z INFO HostContext] Well known directory 'Root': 'C:\Users\siva9\appstars-gitops-demo\actions-runner'
[2026-07-27 21:05:02Z INFO HostContext] Well known directory 'Diag': 'C:\Users\siva9\appstars-gitops-demo\actions-runner\_diag'
[2026-07-27 21:05:02Z INFO HostContext] Well known directory 'Bin': 'C:\Users\siva9\appstars-gitops-demo\actions-runner\bin'
[2026-07-27 21:05:02Z INFO HostContext] Well known directory 'Root': 'C:\Users\siva9\appstars-gitops-demo\actions-runner'
[2026-07-27 21:05:02Z INFO HostContext] Well known directory 'Diag': 'C:\Users\siva9\appstars-gitops-demo\actions-runner\_diag'
[2026-07-27 21:05:02Z INFO HostContext] Well known directory 'Bin': 'C:\Users\siva9\appstars-gitops-demo\actions-runner\bin'
[2026-07-27 21:05:02Z INFO HostContext] Well known directory 'Root': 'C:\Users\siva9\appstars-gitops-demo\actions-runner'
[2026-07-27 21:05:02Z INFO HostContext] Well known directory 'Diag': 'C:\Users\siva9\appstars-gitops-demo\actions-runner\_diag'
[2026-07-27 21:05:02Z INFO HostContext] Well known directory 'Bin': 'C:\Users\siva9\appstars-gitops-demo\actions-runner\bin'
[2026-07-27 21:05:02Z INFO HostContext] Well known directory 'Root': 'C:\Users\siva9\appstars-gitops-demo\actions-runner'
[2026-07-27 21:05:02Z INFO HostContext] Well known directory 'Diag': 'C:\Users\siva9\appstars-gitops-demo\actions-runner\_diag'
[2026-07-27 21:05:02Z INFO HostContext] Well known directory 'Bin': 'C:\Users\siva9\appstars-gitops-demo\actions-runner\bin'
[2026-07-27 21:05:02Z INFO HostContext] Well known directory 'Root': 'C:\Users\siva9\appstars-gitops-demo\actions-runner'
[2026-07-27 21:05:02Z INFO HostContext] Well known directory 'Diag': 'C:\Users\siva9\appstars-gitops-demo\actions-runner\_diag'
[2026-07-27 21:05:02Z INFO HostContext] Well known directory 'Bin': 'C:\Users\siva9\appstars-gitops-demo\actions-runner\bin'
[2026-07-27 21:05:02Z INFO HostContext] Well known directory 'Root': 'C:\Users\siva9\appstars-gitops-demo\actions-runner'
[2026-07-27 21:05:02Z INFO HostContext] Well known directory 'Diag': 'C:\Users\siva9\appstars-gitops-demo\actions-runner\_diag'
[2026-07-27 21:05:02Z INFO JobExtension] Total accessible running process: 284.
[2026-07-27 21:05:02Z INFO HostContext] Well known directory 'Bin': 'C:\Users\siva9\appstars-gitops-demo\actions-runner\bin'
[2026-07-27 21:05:02Z INFO HostContext] Well known directory 'Root': 'C:\Users\siva9\appstars-gitops-demo\actions-runner'
[2026-07-27 21:05:02Z INFO HostContext] Well known directory 'Work': 'C:\Users\siva9\appstars-gitops-demo\actions-runner\_work'
[2026-07-27 21:05:02Z INFO JobExtension] Start checking server connectivity.
[2026-07-27 21:05:02Z INFO JobExtension] Check server connectivity for https://broker.actions.githubusercontent.com/health.
[2026-07-27 21:05:02Z INFO JobExtension] Check server connectivity for https://token.actions.githubusercontent.com/ready.
[2026-07-27 21:05:02Z INFO JobExtension] Check server connectivity for https://run.actions.githubusercontent.com/health.
[2026-07-27 21:05:02Z INFO JobExtension] Start checking server connectivity and DNS.
[2026-07-27 21:05:02Z INFO JobExtension] Check server connectivity for https://github.com/_dns.
[2026-07-27 21:05:02Z INFO JobExtension] Check server connectivity for https://api.github.com/_dns.
[2026-07-27 21:05:02Z INFO JobExtension] Check server connectivity for https://codeload.github.com/_dns.
[2026-07-27 21:05:02Z INFO JobExtension] Check server connectivity for https://pkg.github.com/_dns.
[2026-07-27 21:05:02Z INFO JobExtension] Check server connectivity for https://copilot-proxy.githubusercontent.com/_dns.
[2026-07-27 21:05:02Z INFO JobExtension] Check server connectivity for http://ssh.github.com/_dns.
[2026-07-27 21:05:02Z INFO JobExtension] Start checking service connectivity in background.
[2026-07-27 21:05:02Z INFO ExecutionContext] Publish step telemetry for current step {
  "action": "setup_job",
  "type": "runner",
  "stage": "Pre",
  "stepId": "8f92cd33-8e2d-41f1-93fc-fe44beb53804",
  "result": "succeeded",
  "errorMessages": [],
  "executionTimeInSeconds": 2,
  "startTime": "2026-07-27T21:05:00.2188341Z",
  "finishTime": "2026-07-27T21:05:02.0891053Z"
}.
[2026-07-27 21:05:02Z INFO JobRunner] Total job steps: 3.
[2026-07-27 21:05:02Z INFO JobRunner] Run all job steps.
[2026-07-27 21:05:02Z INFO DapDebugger] DapDebugger initialized
[2026-07-27 21:05:02Z INFO StepsRunner] Processing step: DisplayName='Checkout Source Code'
[2026-07-27 21:05:02Z INFO StepsRunner] Evaluating: success()
[2026-07-27 21:05:02Z INFO StepsRunner] Result: true
[2026-07-27 21:05:02Z INFO StepsRunner] Starting the step.
[2026-07-27 21:05:02Z INFO HostContext] Well known directory 'Bin': 'C:\Users\siva9\appstars-gitops-demo\actions-runner\bin'
[2026-07-27 21:05:02Z INFO HostContext] Well known directory 'Root': 'C:\Users\siva9\appstars-gitops-demo\actions-runner'
[2026-07-27 21:05:02Z INFO HostContext] Well known directory 'Work': 'C:\Users\siva9\appstars-gitops-demo\actions-runner\_work'
[2026-07-27 21:05:02Z INFO StepsRunner] Which2: 'chcp'
[2026-07-27 21:05:02Z INFO StepsRunner] Location: 'C:\WINDOWS\system32\chcp.COM'
[2026-07-27 21:05:02Z INFO ProcessInvokerWrapper] Starting process:
[2026-07-27 21:05:02Z INFO ProcessInvokerWrapper]   File name: 'C:\WINDOWS\system32\chcp.COM'
[2026-07-27 21:05:02Z INFO ProcessInvokerWrapper]   Arguments: '65001'
[2026-07-27 21:05:02Z INFO ProcessInvokerWrapper]   Working directory: 'C:\Users\siva9\appstars-gitops-demo\actions-runner\_work'
[2026-07-27 21:05:02Z INFO ProcessInvokerWrapper]   Require exit code zero: 'False'
[2026-07-27 21:05:02Z INFO ProcessInvokerWrapper]   Encoding web name:  ; code page: ''
[2026-07-27 21:05:02Z INFO ProcessInvokerWrapper]   Force kill process on cancellation: 'False'
[2026-07-27 21:05:02Z INFO ProcessInvokerWrapper]   Redirected STDIN: 'False'
[2026-07-27 21:05:02Z INFO ProcessInvokerWrapper]   Persist current code page: 'True'
[2026-07-27 21:05:02Z INFO ProcessInvokerWrapper]   Keep redirected STDIN open: 'False'
[2026-07-27 21:05:02Z INFO ProcessInvokerWrapper]   High priority process: 'False'
[2026-07-27 21:05:02Z INFO ProcessInvokerWrapper] Process started with process id 13184, waiting for process exit.
[2026-07-27 21:05:02Z INFO ProcessInvokerWrapper] STDOUT/STDERR stream read finished.
[2026-07-27 21:05:02Z INFO ProcessInvokerWrapper] STDOUT/STDERR stream read finished.
[2026-07-27 21:05:02Z INFO ProcessInvokerWrapper] Finished process 13184 with exit code 0, and elapsed time 00:00:00.0110011.
[2026-07-27 21:05:02Z INFO StepsRunner] Successfully returned to code page 65001 (UTF8)
[2026-07-27 21:05:02Z INFO HostContext] Well known directory 'Bin': 'C:\Users\siva9\appstars-gitops-demo\actions-runner\bin'
[2026-07-27 21:05:02Z INFO HostContext] Well known directory 'Root': 'C:\Users\siva9\appstars-gitops-demo\actions-runner'
[2026-07-27 21:05:02Z INFO HostContext] Well known directory 'Work': 'C:\Users\siva9\appstars-gitops-demo\actions-runner\_work'
[2026-07-27 21:05:02Z INFO HostContext] Well known directory 'Actions': 'C:\Users\siva9\appstars-gitops-demo\actions-runner\_work\_actions'
[2026-07-27 21:05:02Z INFO ActionManager] Load action that reference repository from 'C:\Users\siva9\appstars-gitops-demo\actions-runner\_work\_actions\actions\checkout\v4'
[2026-07-27 21:05:02Z INFO HostContext] Well known directory 'Bin': 'C:\Users\siva9\appstars-gitops-demo\actions-runner\bin'
[2026-07-27 21:05:02Z INFO HostContext] Well known directory 'Root': 'C:\Users\siva9\appstars-gitops-demo\actions-runner'
[2026-07-27 21:05:02Z INFO HostContext] Well known directory 'Work': 'C:\Users\siva9\appstars-gitops-demo\actions-runner\_work'
[2026-07-27 21:05:02Z INFO HostContext] Well known directory 'Actions': 'C:\Users\siva9\appstars-gitops-demo\actions-runner\_work\_actions'
[2026-07-27 21:05:02Z INFO ActionManifestManagerLegacy] Loaded action.yml file: {
  "name": "Checkout",
  "description": "Checkout a Git repository at a particular version",
  "inputs": {
    "type": 2,
    "map": [
      {
        "key": {
          "type": 0,
          "file": 2,
          "line": 4,
          "col": 3,
          "lit": "repository"
        },
        "value": {
          "type": 3,
          "file": 2,
          "line": 6,
          "col": 14,
          "expr": "github.repository"
        }
      },
      {
        "key": {
          "type": 0,
          "file": 2,
          "line": 7,
          "col": 3,
          "lit": "ref"
        },
        "value": ""
      },
      {
        "key": {
          "type": 0,
          "file": 2,
          "line": 12,
          "col": 3,
          "lit": "token"
        },
        "value": {
          "type": 3,
          "file": 2,
          "line": 24,
          "col": 14,
          "expr": "github.token"
        }
      },
      {
        "key": {
          "type": 0,
          "file": 2,
          "line": 25,
          "col": 3,
          "lit": "ssh-key"
        },
        "value": ""
      },
      {
        "key": {
          "type": 0,
          "file": 2,
          "line": 37,
          "col": 3,
          "lit": "ssh-known-hosts"
        },
        "value": ""
      },
      {
        "key": {
          "type": 0,
          "file": 2,
          "line": 42,
          "col": 3,
          "lit": "ssh-strict"
        },
        "value": {
          "type": 0,
          "file": 2,
          "line": 47,
          "col": 14,
          "lit": "true"
        }
      },
      {
        "key": {
          "type": 0,
          "file": 2,
          "line": 48,
          "col": 3,
          "lit": "ssh-user"
        },
        "value": {
          "type": 0,
          "file": 2,
          "line": 51,
          "col": 14,
          "lit": "git"
        }
      },
      {
        "key": {
          "type": 0,
          "file": 2,
          "line": 52,
          "col": 3,
          "lit": "persist-credentials"
        },
        "value": {
          "type": 0,
          "file": 2,
          "line": 54,
          "col": 14,
          "lit": "true"
        }
      },
      {
        "key": {
          "type": 0,
          "file": 2,
          "line": 55,
          "col": 3,
          "lit": "path"
        },
        "value": ""
      },
      {
        "key": {
          "type": 0,
          "file": 2,
          "line": 57,
          "col": 3,
          "lit": "clean"
        },
        "value": {
          "type": 0,
          "file": 2,
          "line": 59,
          "col": 14,
          "lit": "true"
        }
      },
      {
        "key": {
          "type": 0,
          "file": 2,
          "line": 60,
          "col": 3,
          "lit": "filter"
        },
        "value": {
          "type": 0,
          "file": 2,
          "line": 64,
          "col": 14,
          "lit": ""
        }
      },
      {
        "key": {
          "type": 0,
          "file": 2,
          "line": 65,
          "col": 3,
          "lit": "sparse-checkout"
        },
        "value": {
          "type": 0,
          "file": 2,
          "line": 69,
          "col": 14,
          "lit": ""
        }
      },
      {
        "key": {
          "type": 0,
          "file": 2,
          "line": 70,
          "col": 3,
          "lit": "sparse-checkout-cone-mode"
        },
        "value": {
          "type": 0,
          "file": 2,
          "line": 73,
          "col": 14,
          "lit": "true"
        }
      },
      {
        "key": {
          "type": 0,
          "file": 2,
          "line": 74,
          "col": 3,
          "lit": "fetch-depth"
        },
        "value": {
          "type": 0,
          "file": 2,
          "line": 76,
          "col": 14,
          "lit": "1"
        }
      },
      {
        "key": {
          "type": 0,
          "file": 2,
          "line": 77,
          "col": 3,
          "lit": "fetch-tags"
        },
        "value": {
          "type": 0,
          "file": 2,
          "line": 79,
          "col": 14,
          "lit": "false"
        }
      },
      {
        "key": {
          "type": 0,
          "file": 2,
          "line": 80,
          "col": 3,
          "lit": "show-progress"
        },
        "value": {
          "type": 0,
          "file": 2,
          "line": 82,
          "col": 14,
          "lit": "true"
        }
      },
      {
        "key": {
          "type": 0,
          "file": 2,
          "line": 83,
          "col": 3,
          "lit": "lfs"
        },
        "value": {
          "type": 0,
          "file": 2,
          "line": 85,
          "col": 14,
          "lit": "false"
        }
      },
      {
        "key": {
          "type": 0,
          "file": 2,
          "line": 86,
          "col": 3,
          "lit": "submodules"
        },
        "value": {
          "type": 0,
          "file": 2,
          "line": 94,
          "col": 14,
          "lit": "false"
        }
      },
      {
        "key": {
          "type": 0,
          "file": 2,
          "line": 95,
          "col": 3,
          "lit": "set-safe-directory"
        },
        "value": {
          "type": 0,
          "file": 2,
          "line": 97,
          "col": 14,
          "lit": "true"
        }
      },
      {
        "key": {
          "type": 0,
          "file": 2,
          "line": 98,
          "col": 3,
          "lit": "github-server-url"
        },
        "value": ""
      },
      {
        "key": {
          "type": 0,
          "file": 2,
          "line": 101,
          "col": 3,
          "lit": "allow-unsafe-pr-checkout"
        },
        "value": {
          "type": 0,
          "file": 2,
          "line": 109,
          "col": 14,
          "lit": "false"
        }
      }
    ]
  },
  "execution": {
    "executionType": "nodeJS",
    "hasPre": false,
    "hasPost": true,
    "script": "dist/index.js",
    "pre": null,
    "post": "dist/index.js",
    "nodeVersion": "node20",
    "cleanupCondition": "always()",
    "initCondition": "always()"
  },
  "deprecated": null
}
[2026-07-27 21:05:02Z INFO ActionManager] Action pre node.js file: N/A.
[2026-07-27 21:05:02Z INFO ActionManager] Action node.js file: dist/index.js.
[2026-07-27 21:05:02Z INFO ActionManager] Action post node.js file: dist/index.js.
[2026-07-27 21:05:02Z INFO ExecutionContext] Reserve record order 5 to 8 for post job actions.
[2026-07-27 21:05:02Z INFO HostContext] Well known directory 'Bin': 'C:\Users\siva9\appstars-gitops-demo\actions-runner\bin'
[2026-07-27 21:05:02Z INFO HostContext] Well known directory 'Root': 'C:\Users\siva9\appstars-gitops-demo\actions-runner'
[2026-07-27 21:05:02Z INFO HostContext] Well known directory 'Diag': 'C:\Users\siva9\appstars-gitops-demo\actions-runner\_diag'
[2026-07-27 21:05:02Z INFO HostContext] Well known directory 'Bin': 'C:\Users\siva9\appstars-gitops-demo\actions-runner\bin'
[2026-07-27 21:05:02Z INFO HostContext] Well known directory 'Root': 'C:\Users\siva9\appstars-gitops-demo\actions-runner'
[2026-07-27 21:05:02Z INFO HostContext] Well known directory 'Diag': 'C:\Users\siva9\appstars-gitops-demo\actions-runner\_diag'
[2026-07-27 21:05:02Z INFO HostContext] Well known directory 'Bin': 'C:\Users\siva9\appstars-gitops-demo\actions-runner\bin'
[2026-07-27 21:05:02Z INFO HostContext] Well known directory 'Root': 'C:\Users\siva9\appstars-gitops-demo\actions-runner'
[2026-07-27 21:05:02Z INFO HostContext] Well known directory 'Work': 'C:\Users\siva9\appstars-gitops-demo\actions-runner\_work'
[2026-07-27 21:05:02Z INFO HostContext] Well known directory 'Temp': 'C:\Users\siva9\appstars-gitops-demo\actions-runner\_work\_temp'
[2026-07-27 21:05:02Z INFO ExecutionContext] Write event payload to C:\Users\siva9\appstars-gitops-demo\actions-runner\_work\_temp\_github_workflow\event.json
[2026-07-27 21:05:02Z INFO HostContext] Well known directory 'Bin': 'C:\Users\siva9\appstars-gitops-demo\actions-runner\bin'
[2026-07-27 21:05:02Z INFO HostContext] Well known directory 'Root': 'C:\Users\siva9\appstars-gitops-demo\actions-runner'
[2026-07-27 21:05:02Z INFO HostContext] Well known directory 'Work': 'C:\Users\siva9\appstars-gitops-demo\actions-runner\_work'
[2026-07-27 21:05:02Z INFO HostContext] Well known directory 'Temp': 'C:\Users\siva9\appstars-gitops-demo\actions-runner\_work\_temp'
[2026-07-27 21:05:02Z INFO ExtensionManager] Getting extensions for interface: 'GitHub.Runner.Worker.IFileCommandExtension'
[2026-07-27 21:05:02Z INFO ExtensionManager] Creating instance: GitHub.Runner.Worker.AddPathFileCommand, Runner.Worker
[2026-07-27 21:05:02Z INFO ExtensionManager] Creating instance: GitHub.Runner.Worker.SetEnvFileCommand, Runner.Worker
[2026-07-27 21:05:02Z INFO ExtensionManager] Creating instance: GitHub.Runner.Worker.CreateStepSummaryCommand, Runner.Worker
[2026-07-27 21:05:02Z INFO ExtensionManager] Creating instance: GitHub.Runner.Worker.SaveStateFileCommand, Runner.Worker
[2026-07-27 21:05:02Z INFO ExtensionManager] Creating instance: GitHub.Runner.Worker.SetOutputFileCommand, Runner.Worker
[2026-07-27 21:05:02Z INFO ExtensionManager] Creating instance: GitHub.Runner.Worker.CreateArtifactsFileCommand, Runner.Worker
[2026-07-27 21:05:02Z INFO ExtensionManager] Creating instance: GitHub.Runner.Worker.ArtifactsListFileCommand, Runner.Worker
[2026-07-27 21:05:02Z INFO ActionManifestManagerLegacy] Input 'repository': default value evaluate result: {
  "type": 0,
  "file": 2,
  "line": 6,
  "col": 14,
  "lit": "SivaShankarRajendran16/appstars-gitops-demo"
}
[2026-07-27 21:05:02Z INFO ActionManifestManagerLegacy] Input 'ref': default value evaluate result: ""
[2026-07-27 21:05:02Z INFO ActionManifestManagerLegacy] Input 'token': default value evaluate result: {
  "type": 0,
  "file": 2,
  "line": 24,
  "col": 14,
  "lit": "***"
}
[2026-07-27 21:05:02Z INFO ActionManifestManagerLegacy] Input 'ssh-key': default value evaluate result: ""
[2026-07-27 21:05:02Z INFO ActionManifestManagerLegacy] Input 'ssh-known-hosts': default value evaluate result: ""
[2026-07-27 21:05:02Z INFO ActionManifestManagerLegacy] Input 'ssh-strict': default value evaluate result: {
  "type": 0,
  "file": 2,
  "line": 47,
  "col": 14,
  "lit": "true"
}
[2026-07-27 21:05:02Z INFO ActionManifestManagerLegacy] Input 'ssh-user': default value evaluate result: {
  "type": 0,
  "file": 2,
  "line": 51,
  "col": 14,
  "lit": "git"
}
[2026-07-27 21:05:02Z INFO ActionManifestManagerLegacy] Input 'persist-credentials': default value evaluate result: {
  "type": 0,
  "file": 2,
  "line": 54,
  "col": 14,
  "lit": "true"
}
[2026-07-27 21:05:02Z INFO ActionManifestManagerLegacy] Input 'path': default value evaluate result: ""
[2026-07-27 21:05:02Z INFO ActionManifestManagerLegacy] Input 'clean': default value evaluate result: {
  "type": 0,
  "file": 2,
  "line": 59,
  "col": 14,
  "lit": "true"
}
[2026-07-27 21:05:02Z INFO ActionManifestManagerLegacy] Input 'filter': default value evaluate result: {
  "type": 0,
  "file": 2,
  "line": 64,
  "col": 14,
  "lit": ""
}
[2026-07-27 21:05:02Z INFO ActionManifestManagerLegacy] Input 'sparse-checkout': default value evaluate result: {
  "type": 0,
  "file": 2,
  "line": 69,
  "col": 14,
  "lit": ""
}
[2026-07-27 21:05:02Z INFO ActionManifestManagerLegacy] Input 'sparse-checkout-cone-mode': default value evaluate result: {
  "type": 0,
  "file": 2,
  "line": 73,
  "col": 14,
  "lit": "true"
}
[2026-07-27 21:05:02Z INFO ActionManifestManagerLegacy] Input 'fetch-depth': default value evaluate result: {
  "type": 0,
  "file": 2,
  "line": 76,
  "col": 14,
  "lit": "1"
}
[2026-07-27 21:05:02Z INFO ActionManifestManagerLegacy] Input 'fetch-tags': default value evaluate result: {
  "type": 0,
  "file": 2,
  "line": 79,
  "col": 14,
  "lit": "false"
}
[2026-07-27 21:05:02Z INFO ActionManifestManagerLegacy] Input 'show-progress': default value evaluate result: {
  "type": 0,
  "file": 2,
  "line": 82,
  "col": 14,
  "lit": "true"
}
[2026-07-27 21:05:02Z INFO ActionManifestManagerLegacy] Input 'lfs': default value evaluate result: {
  "type": 0,
  "file": 2,
  "line": 85,
  "col": 14,
  "lit": "false"
}
[2026-07-27 21:05:02Z INFO ActionManifestManagerLegacy] Input 'submodules': default value evaluate result: {
  "type": 0,
  "file": 2,
  "line": 94,
  "col": 14,
  "lit": "false"
}
[2026-07-27 21:05:02Z INFO ActionManifestManagerLegacy] Input 'set-safe-directory': default value evaluate result: {
  "type": 0,
  "file": 2,
  "line": 97,
  "col": 14,
  "lit": "true"
}
[2026-07-27 21:05:02Z INFO ActionManifestManagerLegacy] Input 'github-server-url': default value evaluate result: ""
[2026-07-27 21:05:02Z INFO ActionManifestManagerLegacy] Input 'allow-unsafe-pr-checkout': default value evaluate result: {
  "type": 0,
  "file": 2,
  "line": 109,
  "col": 14,
  "lit": "false"
}
[2026-07-27 21:05:02Z INFO ExtensionManager] Getting extensions for interface: 'GitHub.Runner.Worker.IActionCommandExtension'
[2026-07-27 21:05:02Z INFO ExtensionManager] Creating instance: GitHub.Runner.Worker.InternalPluginSetRepoPathCommandExtension, Runner.Worker
[2026-07-27 21:05:02Z INFO ExtensionManager] Creating instance: GitHub.Runner.Worker.SetEnvCommandExtension, Runner.Worker
[2026-07-27 21:05:02Z INFO ExtensionManager] Creating instance: GitHub.Runner.Worker.SetOutputCommandExtension, Runner.Worker
[2026-07-27 21:05:02Z INFO ExtensionManager] Creating instance: GitHub.Runner.Worker.SaveStateCommandExtension, Runner.Worker
[2026-07-27 21:05:02Z INFO ExtensionManager] Creating instance: GitHub.Runner.Worker.AddPathCommandExtension, Runner.Worker
[2026-07-27 21:05:02Z INFO ExtensionManager] Creating instance: GitHub.Runner.Worker.AddMaskCommandExtension, Runner.Worker
[2026-07-27 21:05:02Z INFO ExtensionManager] Creating instance: GitHub.Runner.Worker.AddMatcherCommandExtension, Runner.Worker
[2026-07-27 21:05:02Z INFO ExtensionManager] Creating instance: GitHub.Runner.Worker.RemoveMatcherCommandExtension, Runner.Worker
[2026-07-27 21:05:02Z INFO ExtensionManager] Creating instance: GitHub.Runner.Worker.WarningCommandExtension, Runner.Worker
[2026-07-27 21:05:02Z INFO ExtensionManager] Creating instance: GitHub.Runner.Worker.ErrorCommandExtension, Runner.Worker
[2026-07-27 21:05:02Z INFO ExtensionManager] Creating instance: GitHub.Runner.Worker.NoticeCommandExtension, Runner.Worker
[2026-07-27 21:05:02Z INFO ExtensionManager] Creating instance: GitHub.Runner.Worker.DebugCommandExtension, Runner.Worker
[2026-07-27 21:05:02Z INFO ExtensionManager] Creating instance: GitHub.Runner.Worker.GroupCommandExtension, Runner.Worker
[2026-07-27 21:05:02Z INFO ExtensionManager] Creating instance: GitHub.Runner.Worker.EndGroupCommandExtension, Runner.Worker
[2026-07-27 21:05:02Z INFO ExtensionManager] Creating instance: GitHub.Runner.Worker.EchoCommandExtension, Runner.Worker
[2026-07-27 21:05:02Z INFO ActionCommandManager] Register action command extension for command internal-set-repo-path
[2026-07-27 21:05:02Z INFO ActionCommandManager] Register action command extension for command set-env
[2026-07-27 21:05:02Z INFO ActionCommandManager] Register action command extension for command set-output
[2026-07-27 21:05:02Z INFO ActionCommandManager] Register action command extension for command save-state
[2026-07-27 21:05:02Z INFO ActionCommandManager] Register action command extension for command add-path
[2026-07-27 21:05:02Z INFO ActionCommandManager] Register action command extension for command add-mask
[2026-07-27 21:05:02Z INFO ActionCommandManager] Register action command extension for command add-matcher
[2026-07-27 21:05:02Z INFO ActionCommandManager] Register action command extension for command remove-matcher
[2026-07-27 21:05:02Z INFO ActionCommandManager] Register action command extension for command warning
[2026-07-27 21:05:02Z INFO ActionCommandManager] Register action command extension for command error
[2026-07-27 21:05:02Z INFO ActionCommandManager] Register action command extension for command notice
[2026-07-27 21:05:02Z INFO ActionCommandManager] Register action command extension for command debug
[2026-07-27 21:05:02Z INFO ActionCommandManager] Register action command extension for command group
[2026-07-27 21:05:02Z INFO ActionCommandManager] Register action command extension for command endgroup
[2026-07-27 21:05:02Z INFO ActionCommandManager] Register action command extension for command echo
[2026-07-27 21:05:02Z INFO HostContext] Well known directory 'Bin': 'C:\Users\siva9\appstars-gitops-demo\actions-runner\bin'
[2026-07-27 21:05:02Z INFO HostContext] Well known directory 'Root': 'C:\Users\siva9\appstars-gitops-demo\actions-runner'
[2026-07-27 21:05:02Z INFO HostContext] Well known directory 'Externals': 'C:\Users\siva9\appstars-gitops-demo\actions-runner\externals'
[2026-07-27 21:05:02Z INFO ProcessInvokerWrapper] Starting process:
[2026-07-27 21:05:02Z INFO ProcessInvokerWrapper]   File name: 'C:\Users\siva9\appstars-gitops-demo\actions-runner\externals\node24\bin\node.exe'
[2026-07-27 21:05:02Z INFO ProcessInvokerWrapper]   Arguments: '"C:\Users\siva9\appstars-gitops-demo\actions-runner\_work\_actions\actions\checkout\v4\dist/index.js"'
[2026-07-27 21:05:02Z INFO ProcessInvokerWrapper]   Working directory: 'C:\Users\siva9\appstars-gitops-demo\actions-runner\_work\appstars-gitops-demo\appstars-gitops-demo'
[2026-07-27 21:05:02Z INFO ProcessInvokerWrapper]   Require exit code zero: 'False'
[2026-07-27 21:05:02Z INFO ProcessInvokerWrapper]   Encoding web name: utf-8 ; code page: '65001'
[2026-07-27 21:05:02Z INFO ProcessInvokerWrapper]   Force kill process on cancellation: 'False'
[2026-07-27 21:05:02Z INFO ProcessInvokerWrapper]   Redirected STDIN: 'False'
[2026-07-27 21:05:02Z INFO ProcessInvokerWrapper]   Persist current code page: 'True'
[2026-07-27 21:05:02Z INFO ProcessInvokerWrapper]   Keep redirected STDIN open: 'False'
[2026-07-27 21:05:02Z INFO ProcessInvokerWrapper]   High priority process: 'False'
[2026-07-27 21:05:02Z INFO ProcessInvokerWrapper] Process started with process id 532, waiting for process exit.
[2026-07-27 21:05:02Z INFO JobServerQueue] Got a step log file to send to results service.
[2026-07-27 21:05:02Z INFO JobServerQueue] Starting upload of step log file to results service ResultsLog, C:\Users\siva9\appstars-gitops-demo\actions-runner\_diag\blocks\9e9d0711-2eda-43d8-8b9a-ab6eebdc4e5b_8f92cd33-8e2d-41f1-93fc-fe44beb53804.1
[2026-07-27 21:05:02Z INFO JobServerQueue] Try to upload 1 log files or attachments, success rate: 1/1.
[2026-07-27 21:05:02Z INFO JobServerQueue] Try to append 1 batches web console lines for record '8f92cd33-8e2d-41f1-93fc-fe44beb53804', success rate: 1/1.
[2026-07-27 21:05:02Z INFO JobServerQueue] Try to append 1 batches web console lines for record '024c64be-c22f-42e1-a4ef-21518455aa85', success rate: 1/1.
[2026-07-27 21:05:02Z INFO JobServerQueue] Try to append 1 batches web console lines for record '024c64be-c22f-42e1-a4ef-21518455aa85', success rate: 1/1.
[2026-07-27 21:05:03Z INFO JobServerQueue] Try to append 1 batches web console lines for record '024c64be-c22f-42e1-a4ef-21518455aa85', success rate: 1/1.
[2026-07-27 21:05:03Z INFO JobServerQueue] Tried to upload 1 file(s) to results, success rate: 1/1.
[2026-07-27 21:05:04Z INFO ProcessInvokerWrapper] STDOUT/STDERR stream read finished.
[2026-07-27 21:05:04Z INFO ProcessInvokerWrapper] STDOUT/STDERR stream read finished.
[2026-07-27 21:05:04Z INFO ProcessInvokerWrapper] Finished process 532 with exit code 0, and elapsed time 00:00:02.6700473.
[2026-07-27 21:05:04Z INFO CreateStepSummaryCommand] Step Summary file (C:\Users\siva9\appstars-gitops-demo\actions-runner\_work\_temp\_runner_file_commands\step_summary_08d7f505-bf2a-4881-9540-a76b2ac24d4c) is empty; skipping attachment upload
[2026-07-27 21:05:04Z INFO StepsRunner] Step result: 
[2026-07-27 21:05:04Z INFO ExecutionContext] Publish step telemetry for current step {
  "action": "actions/checkout",
  "ref": "v4",
  "type": "node24",
  "stage": "Main",
  "stepId": "024c64be-c22f-42e1-a4ef-21518455aa85",
  "stepContextName": "__actions_checkout",
  "hasPreStep": false,
  "hasPostStep": true,
  "result": "succeeded",
  "errorMessages": [],
  "executionTimeInSeconds": 3,
  "startTime": "2026-07-27T21:05:02.0992232Z",
  "finishTime": "2026-07-27T21:05:04.84512Z"
}.
[2026-07-27 21:05:04Z INFO StepsRunner] No need for updating job result with current step result 'Succeeded'.
[2026-07-27 21:05:04Z INFO StepsRunner] Current state: job state = ''
[2026-07-27 21:05:04Z INFO StepsRunner] Processing step: DisplayName='Synchronize Local Cluster Container Registry Space'
[2026-07-27 21:05:04Z INFO StepsRunner] Evaluating: success()
[2026-07-27 21:05:04Z INFO StepsRunner] Result: true
[2026-07-27 21:05:04Z INFO StepsRunner] Starting the step.
[2026-07-27 21:05:04Z INFO HostContext] Well known directory 'Bin': 'C:\Users\siva9\appstars-gitops-demo\actions-runner\bin'
[2026-07-27 21:05:04Z INFO HostContext] Well known directory 'Root': 'C:\Users\siva9\appstars-gitops-demo\actions-runner'
[2026-07-27 21:05:04Z INFO HostContext] Well known directory 'Work': 'C:\Users\siva9\appstars-gitops-demo\actions-runner\_work'
[2026-07-27 21:05:04Z INFO StepsRunner] Which2: 'chcp'
[2026-07-27 21:05:04Z INFO StepsRunner] Location: 'C:\WINDOWS\system32\chcp.COM'
[2026-07-27 21:05:04Z INFO ProcessInvokerWrapper] Starting process:
[2026-07-27 21:05:04Z INFO ProcessInvokerWrapper]   File name: 'C:\WINDOWS\system32\chcp.COM'
[2026-07-27 21:05:04Z INFO ProcessInvokerWrapper]   Arguments: '65001'
[2026-07-27 21:05:04Z INFO ProcessInvokerWrapper]   Working directory: 'C:\Users\siva9\appstars-gitops-demo\actions-runner\_work'
[2026-07-27 21:05:04Z INFO ProcessInvokerWrapper]   Require exit code zero: 'False'
[2026-07-27 21:05:04Z INFO ProcessInvokerWrapper]   Encoding web name:  ; code page: ''
[2026-07-27 21:05:04Z INFO ProcessInvokerWrapper]   Force kill process on cancellation: 'False'
[2026-07-27 21:05:04Z INFO ProcessInvokerWrapper]   Redirected STDIN: 'False'
[2026-07-27 21:05:04Z INFO ProcessInvokerWrapper]   Persist current code page: 'True'
[2026-07-27 21:05:04Z INFO ProcessInvokerWrapper]   Keep redirected STDIN open: 'False'
[2026-07-27 21:05:04Z INFO ProcessInvokerWrapper]   High priority process: 'False'
[2026-07-27 21:05:04Z INFO ProcessInvokerWrapper] Process started with process id 27264, waiting for process exit.
[2026-07-27 21:05:04Z INFO ProcessInvokerWrapper] STDOUT/STDERR stream read finished.
[2026-07-27 21:05:04Z INFO ProcessInvokerWrapper] STDOUT/STDERR stream read finished.
[2026-07-27 21:05:04Z INFO ProcessInvokerWrapper] Finished process 27264 with exit code 0, and elapsed time 00:00:00.0054977.
[2026-07-27 21:05:04Z INFO StepsRunner] Successfully returned to code page 65001 (UTF8)
[2026-07-27 21:05:04Z INFO HostContext] Well known directory 'Bin': 'C:\Users\siva9\appstars-gitops-demo\actions-runner\bin'
[2026-07-27 21:05:04Z INFO HostContext] Well known directory 'Root': 'C:\Users\siva9\appstars-gitops-demo\actions-runner'
[2026-07-27 21:05:04Z INFO HostContext] Well known directory 'Work': 'C:\Users\siva9\appstars-gitops-demo\actions-runner\_work'
[2026-07-27 21:05:04Z INFO HostContext] Well known directory 'Temp': 'C:\Users\siva9\appstars-gitops-demo\actions-runner\_work\_temp'
[2026-07-27 21:05:04Z INFO ExecutionContext] Write event payload to C:\Users\siva9\appstars-gitops-demo\actions-runner\_work\_temp\_github_workflow\event.json
[2026-07-27 21:05:04Z INFO HostContext] Well known directory 'Bin': 'C:\Users\siva9\appstars-gitops-demo\actions-runner\bin'
[2026-07-27 21:05:04Z INFO HostContext] Well known directory 'Root': 'C:\Users\siva9\appstars-gitops-demo\actions-runner'
[2026-07-27 21:05:04Z INFO HostContext] Well known directory 'Work': 'C:\Users\siva9\appstars-gitops-demo\actions-runner\_work'
[2026-07-27 21:05:04Z INFO HostContext] Well known directory 'Temp': 'C:\Users\siva9\appstars-gitops-demo\actions-runner\_work\_temp'
[2026-07-27 21:05:04Z INFO ExtensionManager] Getting extensions for interface: 'GitHub.Runner.Worker.IFileCommandExtension'
[2026-07-27 21:05:04Z INFO ExtensionManager] Getting extensions for interface: 'GitHub.Runner.Worker.IActionCommandExtension'
[2026-07-27 21:05:04Z INFO ActionCommandManager] Register action command extension for command internal-set-repo-path
[2026-07-27 21:05:04Z INFO ActionCommandManager] Register action command extension for command set-env
[2026-07-27 21:05:04Z INFO ActionCommandManager] Register action command extension for command set-output
[2026-07-27 21:05:04Z INFO ActionCommandManager] Register action command extension for command save-state
[2026-07-27 21:05:04Z INFO ActionCommandManager] Register action command extension for command add-path
[2026-07-27 21:05:04Z INFO ActionCommandManager] Register action command extension for command add-mask
[2026-07-27 21:05:04Z INFO ActionCommandManager] Register action command extension for command add-matcher
[2026-07-27 21:05:04Z INFO ActionCommandManager] Register action command extension for command remove-matcher
[2026-07-27 21:05:04Z INFO ActionCommandManager] Register action command extension for command warning
[2026-07-27 21:05:04Z INFO ActionCommandManager] Register action command extension for command error
[2026-07-27 21:05:04Z INFO ActionCommandManager] Register action command extension for command notice
[2026-07-27 21:05:04Z INFO ActionCommandManager] Register action command extension for command debug
[2026-07-27 21:05:04Z INFO ActionCommandManager] Register action command extension for command group
[2026-07-27 21:05:04Z INFO ActionCommandManager] Register action command extension for command endgroup
[2026-07-27 21:05:04Z INFO ActionCommandManager] Register action command extension for command echo
[2026-07-27 21:05:04Z INFO ScriptHandler] Which2: 'powershell'
[2026-07-27 21:05:04Z INFO ScriptHandler] Location: 'C:\WINDOWS\System32\WindowsPowerShell\v1.0\powershell.EXE'
[2026-07-27 21:05:04Z INFO HostContext] Well known directory 'Bin': 'C:\Users\siva9\appstars-gitops-demo\actions-runner\bin'
[2026-07-27 21:05:04Z INFO HostContext] Well known directory 'Root': 'C:\Users\siva9\appstars-gitops-demo\actions-runner'
[2026-07-27 21:05:04Z INFO HostContext] Well known directory 'Work': 'C:\Users\siva9\appstars-gitops-demo\actions-runner\_work'
[2026-07-27 21:05:04Z INFO HostContext] Well known directory 'Temp': 'C:\Users\siva9\appstars-gitops-demo\actions-runner\_work\_temp'
[2026-07-27 21:05:04Z INFO ScriptHandler] Which2: 'powershell'
[2026-07-27 21:05:04Z INFO ScriptHandler] Location: 'C:\WINDOWS\System32\WindowsPowerShell\v1.0\powershell.EXE'
[2026-07-27 21:05:04Z INFO ProcessInvokerWrapper] Starting process:
[2026-07-27 21:05:04Z INFO ProcessInvokerWrapper]   File name: 'C:\WINDOWS\System32\WindowsPowerShell\v1.0\powershell.EXE'
[2026-07-27 21:05:04Z INFO ProcessInvokerWrapper]   Arguments: '-command ". 'C:\Users\siva9\appstars-gitops-demo\actions-runner\_work\_temp\59bc8e05-2953-4cd2-a76f-1ff004b8a4b9.ps1'"'
[2026-07-27 21:05:04Z INFO ProcessInvokerWrapper]   Working directory: 'C:\Users\siva9\appstars-gitops-demo\actions-runner\_work\appstars-gitops-demo\appstars-gitops-demo'
[2026-07-27 21:05:04Z INFO ProcessInvokerWrapper]   Require exit code zero: 'False'
[2026-07-27 21:05:04Z INFO ProcessInvokerWrapper]   Encoding web name:  ; code page: ''
[2026-07-27 21:05:04Z INFO ProcessInvokerWrapper]   Force kill process on cancellation: 'False'
[2026-07-27 21:05:04Z INFO ProcessInvokerWrapper]   Redirected STDIN: 'False'
[2026-07-27 21:05:04Z INFO ProcessInvokerWrapper]   Persist current code page: 'True'
[2026-07-27 21:05:04Z INFO ProcessInvokerWrapper]   Keep redirected STDIN open: 'False'
[2026-07-27 21:05:04Z INFO ProcessInvokerWrapper]   High priority process: 'False'
[2026-07-27 21:05:04Z INFO JobServerQueue] Try to append 1 batches web console lines for record '024c64be-c22f-42e1-a4ef-21518455aa85', success rate: 1/1.
[2026-07-27 21:05:04Z INFO JobServerQueue] Try to append 1 batches web console lines for record 'e4af2066-5415-4ea0-aac7-349b3f230805', success rate: 1/1.
[2026-07-27 21:05:04Z INFO ProcessInvokerWrapper] Process started with process id 2172, waiting for process exit.
[2026-07-27 21:05:05Z INFO JobServerQueue] Try to append 1 batches web console lines for record 'e4af2066-5415-4ea0-aac7-349b3f230805', success rate: 1/1.
[2026-07-27 21:05:05Z INFO JobServerQueue] Try to upload 1 log files or attachments, success rate: 1/1.
[2026-07-27 21:05:05Z INFO JobServerQueue] Got a step log file to send to results service.
[2026-07-27 21:05:05Z INFO JobServerQueue] Starting upload of step log file to results service ResultsLog, C:\Users\siva9\appstars-gitops-demo\actions-runner\_diag\blocks\9e9d0711-2eda-43d8-8b9a-ab6eebdc4e5b_024c64be-c22f-42e1-a4ef-21518455aa85.1
[2026-07-27 21:05:06Z INFO JobServerQueue] Try to append 1 batches web console lines for record 'e4af2066-5415-4ea0-aac7-349b3f230805', success rate: 1/1.
[2026-07-27 21:05:06Z INFO JobServerQueue] Tried to upload 1 file(s) to results, success rate: 1/1.
[2026-07-27 21:05:06Z INFO JobServerQueue] Try to append 1 batches web console lines for record 'e4af2066-5415-4ea0-aac7-349b3f230805', success rate: 1/1.
[2026-07-27 21:05:07Z INFO JobServerQueue] Try to append 1 batches web console lines for record 'e4af2066-5415-4ea0-aac7-349b3f230805', success rate: 1/1.
[2026-07-27 21:05:08Z INFO JobServerQueue] Try to append 1 batches web console lines for record 'e4af2066-5415-4ea0-aac7-349b3f230805', success rate: 1/1.
[2026-07-27 21:05:08Z INFO ProcessInvokerWrapper] STDOUT/STDERR stream read finished.
[2026-07-27 21:05:08Z INFO ProcessInvokerWrapper] STDOUT/STDERR stream read finished.
[2026-07-27 21:05:08Z INFO ProcessInvokerWrapper] Finished process 2172 with exit code 0, and elapsed time 00:00:03.2384130.
[2026-07-27 21:05:08Z INFO CreateStepSummaryCommand] Step Summary file (C:\Users\siva9\appstars-gitops-demo\actions-runner\_work\_temp\_runner_file_commands\step_summary_e6d9c76a-754a-4b6e-9b00-73c0fe2d1457) is empty; skipping attachment upload
[2026-07-27 21:05:08Z INFO StepsRunner] Step result: 
[2026-07-27 21:05:08Z INFO ExecutionContext] Publish step telemetry for current step {
  "action": "powershell",
  "type": "run",
  "stage": "Main",
  "stepId": "e4af2066-5415-4ea0-aac7-349b3f230805",
  "stepContextName": "__run",
  "result": "succeeded",
  "errorMessages": [],
  "executionTimeInSeconds": 4,
  "startTime": "2026-07-27T21:05:04.8462976Z",
  "finishTime": "2026-07-27T21:05:08.1119482Z"
}.
[2026-07-27 21:05:08Z INFO StepsRunner] No need for updating job result with current step result 'Succeeded'.
[2026-07-27 21:05:08Z INFO StepsRunner] Current state: job state = ''
[2026-07-27 21:05:08Z INFO StepsRunner] Processing step: DisplayName='Perform Package Optimization and GitOps Deployment'
[2026-07-27 21:05:08Z INFO StepsRunner] Evaluating: success()
[2026-07-27 21:05:08Z INFO StepsRunner] Result: true
[2026-07-27 21:05:08Z INFO StepsRunner] Starting the step.
[2026-07-27 21:05:08Z INFO HostContext] Well known directory 'Bin': 'C:\Users\siva9\appstars-gitops-demo\actions-runner\bin'
[2026-07-27 21:05:08Z INFO HostContext] Well known directory 'Root': 'C:\Users\siva9\appstars-gitops-demo\actions-runner'
[2026-07-27 21:05:08Z INFO HostContext] Well known directory 'Work': 'C:\Users\siva9\appstars-gitops-demo\actions-runner\_work'
[2026-07-27 21:05:08Z INFO StepsRunner] Which2: 'chcp'
[2026-07-27 21:05:08Z INFO StepsRunner] Location: 'C:\WINDOWS\system32\chcp.COM'
[2026-07-27 21:05:08Z INFO ProcessInvokerWrapper] Starting process:
[2026-07-27 21:05:08Z INFO ProcessInvokerWrapper]   File name: 'C:\WINDOWS\system32\chcp.COM'
[2026-07-27 21:05:08Z INFO ProcessInvokerWrapper]   Arguments: '65001'
[2026-07-27 21:05:08Z INFO ProcessInvokerWrapper]   Working directory: 'C:\Users\siva9\appstars-gitops-demo\actions-runner\_work'
[2026-07-27 21:05:08Z INFO ProcessInvokerWrapper]   Require exit code zero: 'False'
[2026-07-27 21:05:08Z INFO ProcessInvokerWrapper]   Encoding web name:  ; code page: ''
[2026-07-27 21:05:08Z INFO ProcessInvokerWrapper]   Force kill process on cancellation: 'False'
[2026-07-27 21:05:08Z INFO ProcessInvokerWrapper]   Redirected STDIN: 'False'
[2026-07-27 21:05:08Z INFO ProcessInvokerWrapper]   Persist current code page: 'True'
[2026-07-27 21:05:08Z INFO ProcessInvokerWrapper]   Keep redirected STDIN open: 'False'
[2026-07-27 21:05:08Z INFO ProcessInvokerWrapper]   High priority process: 'False'
[2026-07-27 21:05:08Z INFO ProcessInvokerWrapper] Process started with process id 22244, waiting for process exit.
[2026-07-27 21:05:08Z INFO ProcessInvokerWrapper] STDOUT/STDERR stream read finished.
[2026-07-27 21:05:08Z INFO ProcessInvokerWrapper] STDOUT/STDERR stream read finished.
[2026-07-27 21:05:08Z INFO ProcessInvokerWrapper] Finished process 22244 with exit code 0, and elapsed time 00:00:00.0049982.
[2026-07-27 21:05:08Z INFO StepsRunner] Successfully returned to code page 65001 (UTF8)
[2026-07-27 21:05:08Z INFO HostContext] Well known directory 'Bin': 'C:\Users\siva9\appstars-gitops-demo\actions-runner\bin'
[2026-07-27 21:05:08Z INFO HostContext] Well known directory 'Root': 'C:\Users\siva9\appstars-gitops-demo\actions-runner'
[2026-07-27 21:05:08Z INFO HostContext] Well known directory 'Work': 'C:\Users\siva9\appstars-gitops-demo\actions-runner\_work'
[2026-07-27 21:05:08Z INFO HostContext] Well known directory 'Temp': 'C:\Users\siva9\appstars-gitops-demo\actions-runner\_work\_temp'
[2026-07-27 21:05:08Z INFO ExecutionContext] Write event payload to C:\Users\siva9\appstars-gitops-demo\actions-runner\_work\_temp\_github_workflow\event.json
[2026-07-27 21:05:08Z INFO HostContext] Well known directory 'Bin': 'C:\Users\siva9\appstars-gitops-demo\actions-runner\bin'
[2026-07-27 21:05:08Z INFO HostContext] Well known directory 'Root': 'C:\Users\siva9\appstars-gitops-demo\actions-runner'
[2026-07-27 21:05:08Z INFO HostContext] Well known directory 'Work': 'C:\Users\siva9\appstars-gitops-demo\actions-runner\_work'
[2026-07-27 21:05:08Z INFO HostContext] Well known directory 'Temp': 'C:\Users\siva9\appstars-gitops-demo\actions-runner\_work\_temp'
[2026-07-27 21:05:08Z INFO ExtensionManager] Getting extensions for interface: 'GitHub.Runner.Worker.IFileCommandExtension'
[2026-07-27 21:05:08Z INFO ExtensionManager] Getting extensions for interface: 'GitHub.Runner.Worker.IActionCommandExtension'
[2026-07-27 21:05:08Z INFO ActionCommandManager] Register action command extension for command internal-set-repo-path
[2026-07-27 21:05:08Z INFO ActionCommandManager] Register action command extension for command set-env
[2026-07-27 21:05:08Z INFO ActionCommandManager] Register action command extension for command set-output
[2026-07-27 21:05:08Z INFO ActionCommandManager] Register action command extension for command save-state
[2026-07-27 21:05:08Z INFO ActionCommandManager] Register action command extension for command add-path
[2026-07-27 21:05:08Z INFO ActionCommandManager] Register action command extension for command add-mask
[2026-07-27 21:05:08Z INFO ActionCommandManager] Register action command extension for command add-matcher
[2026-07-27 21:05:08Z INFO ActionCommandManager] Register action command extension for command remove-matcher
[2026-07-27 21:05:08Z INFO ActionCommandManager] Register action command extension for command warning
[2026-07-27 21:05:08Z INFO ActionCommandManager] Register action command extension for command error
[2026-07-27 21:05:08Z INFO ActionCommandManager] Register action command extension for command notice
[2026-07-27 21:05:08Z INFO ActionCommandManager] Register action command extension for command debug
[2026-07-27 21:05:08Z INFO ActionCommandManager] Register action command extension for command group
[2026-07-27 21:05:08Z INFO ActionCommandManager] Register action command extension for command endgroup
[2026-07-27 21:05:08Z INFO ActionCommandManager] Register action command extension for command echo
[2026-07-27 21:05:08Z INFO ScriptHandler] Which2: 'powershell'
[2026-07-27 21:05:08Z INFO ScriptHandler] Location: 'C:\WINDOWS\System32\WindowsPowerShell\v1.0\powershell.EXE'
[2026-07-27 21:05:08Z INFO HostContext] Well known directory 'Bin': 'C:\Users\siva9\appstars-gitops-demo\actions-runner\bin'
[2026-07-27 21:05:08Z INFO HostContext] Well known directory 'Root': 'C:\Users\siva9\appstars-gitops-demo\actions-runner'
[2026-07-27 21:05:08Z INFO HostContext] Well known directory 'Work': 'C:\Users\siva9\appstars-gitops-demo\actions-runner\_work'
[2026-07-27 21:05:08Z INFO HostContext] Well known directory 'Temp': 'C:\Users\siva9\appstars-gitops-demo\actions-runner\_work\_temp'
[2026-07-27 21:05:08Z INFO ScriptHandler] Which2: 'powershell'
[2026-07-27 21:05:08Z INFO ScriptHandler] Location: 'C:\WINDOWS\System32\WindowsPowerShell\v1.0\powershell.EXE'
[2026-07-27 21:05:08Z INFO ProcessInvokerWrapper] Starting process:
[2026-07-27 21:05:08Z INFO ProcessInvokerWrapper]   File name: 'C:\WINDOWS\System32\WindowsPowerShell\v1.0\powershell.EXE'
[2026-07-27 21:05:08Z INFO ProcessInvokerWrapper]   Arguments: '-command ". 'C:\Users\siva9\appstars-gitops-demo\actions-runner\_work\_temp\d07db299-0334-484f-9067-3f2ca670fe11.ps1'"'
[2026-07-27 21:05:08Z INFO ProcessInvokerWrapper]   Working directory: 'C:\Users\siva9\appstars-gitops-demo\actions-runner\_work\appstars-gitops-demo\appstars-gitops-demo'
[2026-07-27 21:05:08Z INFO ProcessInvokerWrapper]   Require exit code zero: 'False'
[2026-07-27 21:05:08Z INFO ProcessInvokerWrapper]   Encoding web name:  ; code page: ''
[2026-07-27 21:05:08Z INFO ProcessInvokerWrapper]   Force kill process on cancellation: 'False'
[2026-07-27 21:05:08Z INFO ProcessInvokerWrapper]   Redirected STDIN: 'False'
[2026-07-27 21:05:08Z INFO ProcessInvokerWrapper]   Persist current code page: 'True'
[2026-07-27 21:05:08Z INFO ProcessInvokerWrapper]   Keep redirected STDIN open: 'False'
[2026-07-27 21:05:08Z INFO ProcessInvokerWrapper]   High priority process: 'False'
[2026-07-27 21:05:08Z INFO ProcessInvokerWrapper] Process started with process id 3868, waiting for process exit.
[2026-07-27 21:05:08Z INFO JobServerQueue] Try to append 1 batches web console lines for record 'e4af2066-5415-4ea0-aac7-349b3f230805', success rate: 1/1.
[2026-07-27 21:05:08Z INFO JobServerQueue] Try to append 1 batches web console lines for record '59cbd97f-d78c-43e1-a71c-a356df196ddc', success rate: 1/1.
[2026-07-27 21:05:08Z INFO JobServerQueue] Try to upload 1 log files or attachments, success rate: 1/1.
[2026-07-27 21:05:08Z INFO JobServerQueue] Got a step log file to send to results service.
[2026-07-27 21:05:08Z INFO JobServerQueue] Starting upload of step log file to results service ResultsLog, C:\Users\siva9\appstars-gitops-demo\actions-runner\_diag\blocks\9e9d0711-2eda-43d8-8b9a-ab6eebdc4e5b_e4af2066-5415-4ea0-aac7-349b3f230805.1
[2026-07-27 21:05:08Z INFO JobServerQueue] Try to append 1 batches web console lines for record '59cbd97f-d78c-43e1-a71c-a356df196ddc', success rate: 1/1.
[2026-07-27 21:05:08Z INFO ProcessInvokerWrapper] STDOUT/STDERR stream read finished.
[2026-07-27 21:05:08Z INFO ProcessInvokerWrapper] STDOUT/STDERR stream read finished.
[2026-07-27 21:05:08Z INFO ProcessInvokerWrapper] Finished process 3868 with exit code 1, and elapsed time 00:00:00.4365264.
[2026-07-27 21:05:08Z INFO CreateStepSummaryCommand] Step Summary file (C:\Users\siva9\appstars-gitops-demo\actions-runner\_work\_temp\_runner_file_commands\step_summary_45551fbb-2f80-4af9-b613-4d4efd4562d2) is empty; skipping attachment upload
[2026-07-27 21:05:08Z INFO StepsRunner] Step result: Failed
[2026-07-27 21:05:08Z INFO ExecutionContext] Publish step telemetry for current step {
  "action": "powershell",
  "type": "run",
  "stage": "Main",
  "stepId": "59cbd97f-d78c-43e1-a71c-a356df196ddc",
  "stepContextName": "__run_2",
  "result": "failed",
  "errorMessages": [
    "Process completed with exit code 1."
  ],
  "executionTimeInSeconds": 1,
  "startTime": "2026-07-27T21:05:08.1128651Z",
  "finishTime": "2026-07-27T21:05:08.5686546Z"
}.
[2026-07-27 21:05:08Z INFO StepsRunner] Update job result with current step result 'Failed'.
[2026-07-27 21:05:08Z INFO StepsRunner] Current state: job state = 'Failed'
[2026-07-27 21:05:08Z INFO StepsRunner] Processing step: DisplayName='Post Checkout Source Code'
[2026-07-27 21:05:08Z INFO StepsRunner] Evaluating: always()
[2026-07-27 21:05:08Z INFO StepsRunner] Result: true
[2026-07-27 21:05:08Z INFO StepsRunner] Starting the step.
[2026-07-27 21:05:08Z INFO HostContext] Well known directory 'Bin': 'C:\Users\siva9\appstars-gitops-demo\actions-runner\bin'
[2026-07-27 21:05:08Z INFO HostContext] Well known directory 'Root': 'C:\Users\siva9\appstars-gitops-demo\actions-runner'
[2026-07-27 21:05:08Z INFO HostContext] Well known directory 'Work': 'C:\Users\siva9\appstars-gitops-demo\actions-runner\_work'
[2026-07-27 21:05:08Z INFO StepsRunner] Which2: 'chcp'
[2026-07-27 21:05:08Z INFO StepsRunner] Location: 'C:\WINDOWS\system32\chcp.COM'
[2026-07-27 21:05:08Z INFO ProcessInvokerWrapper] Starting process:
[2026-07-27 21:05:08Z INFO ProcessInvokerWrapper]   File name: 'C:\WINDOWS\system32\chcp.COM'
[2026-07-27 21:05:08Z INFO ProcessInvokerWrapper]   Arguments: '65001'
[2026-07-27 21:05:08Z INFO ProcessInvokerWrapper]   Working directory: 'C:\Users\siva9\appstars-gitops-demo\actions-runner\_work'
[2026-07-27 21:05:08Z INFO ProcessInvokerWrapper]   Require exit code zero: 'False'
[2026-07-27 21:05:08Z INFO ProcessInvokerWrapper]   Encoding web name:  ; code page: ''
[2026-07-27 21:05:08Z INFO ProcessInvokerWrapper]   Force kill process on cancellation: 'False'
[2026-07-27 21:05:08Z INFO ProcessInvokerWrapper]   Redirected STDIN: 'False'
[2026-07-27 21:05:08Z INFO ProcessInvokerWrapper]   Persist current code page: 'True'
[2026-07-27 21:05:08Z INFO ProcessInvokerWrapper]   Keep redirected STDIN open: 'False'
[2026-07-27 21:05:08Z INFO ProcessInvokerWrapper]   High priority process: 'False'
[2026-07-27 21:05:08Z INFO ProcessInvokerWrapper] Process started with process id 1824, waiting for process exit.
[2026-07-27 21:05:08Z INFO ProcessInvokerWrapper] STDOUT/STDERR stream read finished.
[2026-07-27 21:05:08Z INFO ProcessInvokerWrapper] STDOUT/STDERR stream read finished.
[2026-07-27 21:05:08Z INFO ProcessInvokerWrapper] Finished process 1824 with exit code 0, and elapsed time 00:00:00.0059409.
[2026-07-27 21:05:08Z INFO StepsRunner] Successfully returned to code page 65001 (UTF8)
[2026-07-27 21:05:08Z INFO HostContext] Well known directory 'Bin': 'C:\Users\siva9\appstars-gitops-demo\actions-runner\bin'
[2026-07-27 21:05:08Z INFO HostContext] Well known directory 'Root': 'C:\Users\siva9\appstars-gitops-demo\actions-runner'
[2026-07-27 21:05:08Z INFO HostContext] Well known directory 'Work': 'C:\Users\siva9\appstars-gitops-demo\actions-runner\_work'
[2026-07-27 21:05:08Z INFO HostContext] Well known directory 'Actions': 'C:\Users\siva9\appstars-gitops-demo\actions-runner\_work\_actions'
[2026-07-27 21:05:08Z INFO ActionManager] Load action that reference repository from 'C:\Users\siva9\appstars-gitops-demo\actions-runner\_work\_actions\actions\checkout\v4'
[2026-07-27 21:05:08Z INFO HostContext] Well known directory 'Bin': 'C:\Users\siva9\appstars-gitops-demo\actions-runner\bin'
[2026-07-27 21:05:08Z INFO HostContext] Well known directory 'Root': 'C:\Users\siva9\appstars-gitops-demo\actions-runner'
[2026-07-27 21:05:08Z INFO HostContext] Well known directory 'Work': 'C:\Users\siva9\appstars-gitops-demo\actions-runner\_work'
[2026-07-27 21:05:08Z INFO HostContext] Well known directory 'Actions': 'C:\Users\siva9\appstars-gitops-demo\actions-runner\_work\_actions'
[2026-07-27 21:05:08Z INFO ActionManifestManagerLegacy] Loaded action.yml file: {
  "name": "Checkout",
  "description": "Checkout a Git repository at a particular version",
  "inputs": {
    "type": 2,
    "map": [
      {
        "key": {
          "type": 0,
          "file": 2,
          "line": 4,
          "col": 3,
          "lit": "repository"
        },
        "value": {
          "type": 3,
          "file": 2,
          "line": 6,
          "col": 14,
          "expr": "github.repository"
        }
      },
      {
        "key": {
          "type": 0,
          "file": 2,
          "line": 7,
          "col": 3,
          "lit": "ref"
        },
        "value": ""
      },
      {
        "key": {
          "type": 0,
          "file": 2,
          "line": 12,
          "col": 3,
          "lit": "token"
        },
        "value": {
          "type": 3,
          "file": 2,
          "line": 24,
          "col": 14,
          "expr": "github.token"
        }
      },
      {
        "key": {
          "type": 0,
          "file": 2,
          "line": 25,
          "col": 3,
          "lit": "ssh-key"
        },
        "value": ""
      },
      {
        "key": {
          "type": 0,
          "file": 2,
          "line": 37,
          "col": 3,
          "lit": "ssh-known-hosts"
        },
        "value": ""
      },
      {
        "key": {
          "type": 0,
          "file": 2,
          "line": 42,
          "col": 3,
          "lit": "ssh-strict"
        },
        "value": {
          "type": 0,
          "file": 2,
          "line": 47,
          "col": 14,
          "lit": "true"
        }
      },
      {
        "key": {
          "type": 0,
          "file": 2,
          "line": 48,
          "col": 3,
          "lit": "ssh-user"
        },
        "value": {
          "type": 0,
          "file": 2,
          "line": 51,
          "col": 14,
          "lit": "git"
        }
      },
      {
        "key": {
          "type": 0,
          "file": 2,
          "line": 52,
          "col": 3,
          "lit": "persist-credentials"
        },
        "value": {
          "type": 0,
          "file": 2,
          "line": 54,
          "col": 14,
          "lit": "true"
        }
      },
      {
        "key": {
          "type": 0,
          "file": 2,
          "line": 55,
          "col": 3,
          "lit": "path"
        },
        "value": ""
      },
      {
        "key": {
          "type": 0,
          "file": 2,
          "line": 57,
          "col": 3,
          "lit": "clean"
        },
        "value": {
          "type": 0,
          "file": 2,
          "line": 59,
          "col": 14,
          "lit": "true"
        }
      },
      {
        "key": {
          "type": 0,
          "file": 2,
          "line": 60,
          "col": 3,
          "lit": "filter"
        },
        "value": {
          "type": 0,
          "file": 2,
          "line": 64,
          "col": 14,
          "lit": ""
        }
      },
      {
        "key": {
          "type": 0,
          "file": 2,
          "line": 65,
          "col": 3,
          "lit": "sparse-checkout"
        },
        "value": {
          "type": 0,
          "file": 2,
          "line": 69,
          "col": 14,
          "lit": ""
        }
      },
      {
        "key": {
          "type": 0,
          "file": 2,
          "line": 70,
          "col": 3,
          "lit": "sparse-checkout-cone-mode"
        },
        "value": {
          "type": 0,
          "file": 2,
          "line": 73,
          "col": 14,
          "lit": "true"
        }
      },
      {
        "key": {
          "type": 0,
          "file": 2,
          "line": 74,
          "col": 3,
          "lit": "fetch-depth"
        },
        "value": {
          "type": 0,
          "file": 2,
          "line": 76,
          "col": 14,
          "lit": "1"
        }
      },
      {
        "key": {
          "type": 0,
          "file": 2,
          "line": 77,
          "col": 3,
          "lit": "fetch-tags"
        },
        "value": {
          "type": 0,
          "file": 2,
          "line": 79,
          "col": 14,
          "lit": "false"
        }
      },
      {
        "key": {
          "type": 0,
          "file": 2,
          "line": 80,
          "col": 3,
          "lit": "show-progress"
        },
        "value": {
          "type": 0,
          "file": 2,
          "line": 82,
          "col": 14,
          "lit": "true"
        }
      },
      {
        "key": {
          "type": 0,
          "file": 2,
          "line": 83,
          "col": 3,
          "lit": "lfs"
        },
        "value": {
          "type": 0,
          "file": 2,
          "line": 85,
          "col": 14,
          "lit": "false"
        }
      },
      {
        "key": {
          "type": 0,
          "file": 2,
          "line": 86,
          "col": 3,
          "lit": "submodules"
        },
        "value": {
          "type": 0,
          "file": 2,
          "line": 94,
          "col": 14,
          "lit": "false"
        }
      },
      {
        "key": {
          "type": 0,
          "file": 2,
          "line": 95,
          "col": 3,
          "lit": "set-safe-directory"
        },
        "value": {
          "type": 0,
          "file": 2,
          "line": 97,
          "col": 14,
          "lit": "true"
        }
      },
      {
        "key": {
          "type": 0,
          "file": 2,
          "line": 98,
          "col": 3,
          "lit": "github-server-url"
        },
        "value": ""
      },
      {
        "key": {
          "type": 0,
          "file": 2,
          "line": 101,
          "col": 3,
          "lit": "allow-unsafe-pr-checkout"
        },
        "value": {
          "type": 0,
          "file": 2,
          "line": 109,
          "col": 14,
          "lit": "false"
        }
      }
    ]
  },
  "execution": {
    "executionType": "nodeJS",
    "hasPre": false,
    "hasPost": true,
    "script": "dist/index.js",
    "pre": null,
    "post": "dist/index.js",
    "nodeVersion": "node20",
    "cleanupCondition": "always()",
    "initCondition": "always()"
  },
  "deprecated": null
}
[2026-07-27 21:05:08Z INFO ActionManager] Action pre node.js file: N/A.
[2026-07-27 21:05:08Z INFO ActionManager] Action node.js file: dist/index.js.
[2026-07-27 21:05:08Z INFO ActionManager] Action post node.js file: dist/index.js.
[2026-07-27 21:05:08Z INFO HostContext] Well known directory 'Bin': 'C:\Users\siva9\appstars-gitops-demo\actions-runner\bin'
[2026-07-27 21:05:08Z INFO HostContext] Well known directory 'Root': 'C:\Users\siva9\appstars-gitops-demo\actions-runner'
[2026-07-27 21:05:08Z INFO HostContext] Well known directory 'Work': 'C:\Users\siva9\appstars-gitops-demo\actions-runner\_work'
[2026-07-27 21:05:08Z INFO HostContext] Well known directory 'Temp': 'C:\Users\siva9\appstars-gitops-demo\actions-runner\_work\_temp'
[2026-07-27 21:05:08Z INFO ExecutionContext] Write event payload to C:\Users\siva9\appstars-gitops-demo\actions-runner\_work\_temp\_github_workflow\event.json
[2026-07-27 21:05:08Z INFO HostContext] Well known directory 'Bin': 'C:\Users\siva9\appstars-gitops-demo\actions-runner\bin'
[2026-07-27 21:05:08Z INFO HostContext] Well known directory 'Root': 'C:\Users\siva9\appstars-gitops-demo\actions-runner'
[2026-07-27 21:05:08Z INFO HostContext] Well known directory 'Work': 'C:\Users\siva9\appstars-gitops-demo\actions-runner\_work'
[2026-07-27 21:05:08Z INFO HostContext] Well known directory 'Temp': 'C:\Users\siva9\appstars-gitops-demo\actions-runner\_work\_temp'
[2026-07-27 21:05:08Z INFO ExtensionManager] Getting extensions for interface: 'GitHub.Runner.Worker.IFileCommandExtension'
[2026-07-27 21:05:08Z INFO ActionManifestManagerLegacy] Input 'repository': default value evaluate result: {
  "type": 0,
  "file": 2,
  "line": 6,
  "col": 14,
  "lit": "SivaShankarRajendran16/appstars-gitops-demo"
}
[2026-07-27 21:05:08Z INFO ActionManifestManagerLegacy] Input 'ref': default value evaluate result: ""
[2026-07-27 21:05:08Z INFO ActionManifestManagerLegacy] Input 'token': default value evaluate result: {
  "type": 0,
  "file": 2,
  "line": 24,
  "col": 14,
  "lit": "***"
}
[2026-07-27 21:05:08Z INFO ActionManifestManagerLegacy] Input 'ssh-key': default value evaluate result: ""
[2026-07-27 21:05:08Z INFO ActionManifestManagerLegacy] Input 'ssh-known-hosts': default value evaluate result: ""
[2026-07-27 21:05:08Z INFO ActionManifestManagerLegacy] Input 'ssh-strict': default value evaluate result: {
  "type": 0,
  "file": 2,
  "line": 47,
  "col": 14,
  "lit": "true"
}
[2026-07-27 21:05:08Z INFO ActionManifestManagerLegacy] Input 'ssh-user': default value evaluate result: {
  "type": 0,
  "file": 2,
  "line": 51,
  "col": 14,
  "lit": "git"
}
[2026-07-27 21:05:08Z INFO ActionManifestManagerLegacy] Input 'persist-credentials': default value evaluate result: {
  "type": 0,
  "file": 2,
  "line": 54,
  "col": 14,
  "lit": "true"
}
[2026-07-27 21:05:08Z INFO ActionManifestManagerLegacy] Input 'path': default value evaluate result: ""
[2026-07-27 21:05:08Z INFO ActionManifestManagerLegacy] Input 'clean': default value evaluate result: {
  "type": 0,
  "file": 2,
  "line": 59,
  "col": 14,
  "lit": "true"
}
[2026-07-27 21:05:08Z INFO ActionManifestManagerLegacy] Input 'filter': default value evaluate result: {
  "type": 0,
  "file": 2,
  "line": 64,
  "col": 14,
  "lit": ""
}
[2026-07-27 21:05:08Z INFO ActionManifestManagerLegacy] Input 'sparse-checkout': default value evaluate result: {
  "type": 0,
  "file": 2,
  "line": 69,
  "col": 14,
  "lit": ""
}
[2026-07-27 21:05:08Z INFO ActionManifestManagerLegacy] Input 'sparse-checkout-cone-mode': default value evaluate result: {
  "type": 0,
  "file": 2,
  "line": 73,
  "col": 14,
  "lit": "true"
}
[2026-07-27 21:05:08Z INFO ActionManifestManagerLegacy] Input 'fetch-depth': default value evaluate result: {
  "type": 0,
  "file": 2,
  "line": 76,
  "col": 14,
  "lit": "1"
}
[2026-07-27 21:05:08Z INFO ActionManifestManagerLegacy] Input 'fetch-tags': default value evaluate result: {
  "type": 0,
  "file": 2,
  "line": 79,
  "col": 14,
  "lit": "false"
}
[2026-07-27 21:05:08Z INFO ActionManifestManagerLegacy] Input 'show-progress': default value evaluate result: {
  "type": 0,
  "file": 2,
  "line": 82,
  "col": 14,
  "lit": "true"
}
[2026-07-27 21:05:08Z INFO ActionManifestManagerLegacy] Input 'lfs': default value evaluate result: {
  "type": 0,
  "file": 2,
  "line": 85,
  "col": 14,
  "lit": "false"
}
[2026-07-27 21:05:08Z INFO ActionManifestManagerLegacy] Input 'submodules': default value evaluate result: {
  "type": 0,
  "file": 2,
  "line": 94,
  "col": 14,
  "lit": "false"
}
[2026-07-27 21:05:08Z INFO ActionManifestManagerLegacy] Input 'set-safe-directory': default value evaluate result: {
  "type": 0,
  "file": 2,
  "line": 97,
  "col": 14,
  "lit": "true"
}
[2026-07-27 21:05:08Z INFO ActionManifestManagerLegacy] Input 'github-server-url': default value evaluate result: ""
[2026-07-27 21:05:08Z INFO ActionManifestManagerLegacy] Input 'allow-unsafe-pr-checkout': default value evaluate result: {
  "type": 0,
  "file": 2,
  "line": 109,
  "col": 14,
  "lit": "false"
}
[2026-07-27 21:05:08Z INFO ExtensionManager] Getting extensions for interface: 'GitHub.Runner.Worker.IActionCommandExtension'
[2026-07-27 21:05:08Z INFO ActionCommandManager] Register action command extension for command internal-set-repo-path
[2026-07-27 21:05:08Z INFO ActionCommandManager] Register action command extension for command set-env
[2026-07-27 21:05:08Z INFO ActionCommandManager] Register action command extension for command set-output
[2026-07-27 21:05:08Z INFO ActionCommandManager] Register action command extension for command save-state
[2026-07-27 21:05:08Z INFO ActionCommandManager] Register action command extension for command add-path
[2026-07-27 21:05:08Z INFO ActionCommandManager] Register action command extension for command add-mask
[2026-07-27 21:05:08Z INFO ActionCommandManager] Register action command extension for command add-matcher
[2026-07-27 21:05:08Z INFO ActionCommandManager] Register action command extension for command remove-matcher
[2026-07-27 21:05:08Z INFO ActionCommandManager] Register action command extension for command warning
[2026-07-27 21:05:08Z INFO ActionCommandManager] Register action command extension for command error
[2026-07-27 21:05:08Z INFO ActionCommandManager] Register action command extension for command notice
[2026-07-27 21:05:08Z INFO ActionCommandManager] Register action command extension for command debug
[2026-07-27 21:05:08Z INFO ActionCommandManager] Register action command extension for command group
[2026-07-27 21:05:08Z INFO ActionCommandManager] Register action command extension for command endgroup
[2026-07-27 21:05:08Z INFO ActionCommandManager] Register action command extension for command echo
[2026-07-27 21:05:08Z INFO HostContext] Well known directory 'Bin': 'C:\Users\siva9\appstars-gitops-demo\actions-runner\bin'
[2026-07-27 21:05:08Z INFO HostContext] Well known directory 'Root': 'C:\Users\siva9\appstars-gitops-demo\actions-runner'
[2026-07-27 21:05:08Z INFO HostContext] Well known directory 'Externals': 'C:\Users\siva9\appstars-gitops-demo\actions-runner\externals'
[2026-07-27 21:05:08Z INFO ProcessInvokerWrapper] Starting process:
[2026-07-27 21:05:08Z INFO ProcessInvokerWrapper]   File name: 'C:\Users\siva9\appstars-gitops-demo\actions-runner\externals\node24\bin\node.exe'
[2026-07-27 21:05:08Z INFO ProcessInvokerWrapper]   Arguments: '"C:\Users\siva9\appstars-gitops-demo\actions-runner\_work\_actions\actions\checkout\v4\dist/index.js"'
[2026-07-27 21:05:08Z INFO ProcessInvokerWrapper]   Working directory: 'C:\Users\siva9\appstars-gitops-demo\actions-runner\_work\appstars-gitops-demo\appstars-gitops-demo'
[2026-07-27 21:05:08Z INFO ProcessInvokerWrapper]   Require exit code zero: 'False'
[2026-07-27 21:05:08Z INFO ProcessInvokerWrapper]   Encoding web name: utf-8 ; code page: '65001'
[2026-07-27 21:05:08Z INFO ProcessInvokerWrapper]   Force kill process on cancellation: 'False'
[2026-07-27 21:05:08Z INFO ProcessInvokerWrapper]   Redirected STDIN: 'False'
[2026-07-27 21:05:08Z INFO ProcessInvokerWrapper]   Persist current code page: 'True'
[2026-07-27 21:05:08Z INFO ProcessInvokerWrapper]   Keep redirected STDIN open: 'False'
[2026-07-27 21:05:08Z INFO ProcessInvokerWrapper]   High priority process: 'False'
[2026-07-27 21:05:08Z INFO ProcessInvokerWrapper] Process started with process id 26692, waiting for process exit.
[2026-07-27 21:05:08Z INFO ProcessInvokerWrapper] STDOUT/STDERR stream read finished.
[2026-07-27 21:05:08Z INFO ProcessInvokerWrapper] STDOUT/STDERR stream read finished.
[2026-07-27 21:05:08Z INFO ProcessInvokerWrapper] Finished process 26692 with exit code 0, and elapsed time 00:00:00.0944114.
[2026-07-27 21:05:08Z INFO CreateStepSummaryCommand] Step Summary file (C:\Users\siva9\appstars-gitops-demo\actions-runner\_work\_temp\_runner_file_commands\step_summary_0d30616e-828b-43d6-88f2-762ccee22182) is empty; skipping attachment upload
[2026-07-27 21:05:08Z INFO StepsRunner] Step result: 
[2026-07-27 21:05:08Z INFO ExecutionContext] Publish step telemetry for current step {
  "action": "actions/checkout",
  "ref": "v4",
  "type": "node24",
  "stage": "Post",
  "stepId": "0195b400-15cc-4828-8713-c0465f6639de",
  "result": "succeeded",
  "errorMessages": [],
  "executionTimeInSeconds": 1,
  "startTime": "2026-07-27T21:05:08.5716585Z",
  "finishTime": "2026-07-27T21:05:08.6902291Z"
}.
[2026-07-27 21:05:08Z INFO StepsRunner] No need for updating job result with current step result 'Succeeded'.
[2026-07-27 21:05:08Z INFO StepsRunner] Current state: job state = 'Failed'
[2026-07-27 21:05:08Z INFO JobRunner] Finalize job.
[2026-07-27 21:05:08Z INFO HostContext] Well known directory 'Bin': 'C:\Users\siva9\appstars-gitops-demo\actions-runner\bin'
[2026-07-27 21:05:08Z INFO HostContext] Well known directory 'Root': 'C:\Users\siva9\appstars-gitops-demo\actions-runner'
[2026-07-27 21:05:08Z INFO HostContext] Well known directory 'Diag': 'C:\Users\siva9\appstars-gitops-demo\actions-runner\_diag'
[2026-07-27 21:05:08Z INFO HostContext] Well known directory 'Bin': 'C:\Users\siva9\appstars-gitops-demo\actions-runner\bin'
[2026-07-27 21:05:08Z INFO HostContext] Well known directory 'Root': 'C:\Users\siva9\appstars-gitops-demo\actions-runner'
[2026-07-27 21:05:08Z INFO HostContext] Well known directory 'Diag': 'C:\Users\siva9\appstars-gitops-demo\actions-runner\_diag'
[2026-07-27 21:05:08Z INFO JobExtension] Initialize Env context
[2026-07-27 21:05:08Z INFO JobExtension] Initialize steps context
[2026-07-27 21:05:08Z INFO JobExtension] Total accessible running process: 285.
[2026-07-27 21:05:08Z INFO JobExtension] Inspecting process environment variables. PID: 1868 (SearchProtocolHost)
[2026-07-27 21:05:08Z WARN JobExtension] Ignore exception during read process environment variables: Access is denied.
[2026-07-27 21:05:08Z INFO JobExtension] Inspecting process environment variables. PID: 27624 (SearchFilterHost)
[2026-07-27 21:05:08Z WARN JobExtension] Ignore exception during read process environment variables: Access is denied.
[2026-07-27 21:05:08Z INFO JobExtension] Wait for all connectivity checks to finish.
[2026-07-27 21:05:08Z INFO JobExtension] Connectivity check result: {
  "endpointUrl": "https://broker.actions.githubusercontent.com/health",
  "endpointIPs": null,
  "startTime": "2026-07-27T21:05:02.0861705Z",
  "statusCode": "http_OK",
  "requestId": "1495:187DE1:7193C79:723401C:6A67C7FE",
  "httpRequestDurationInMs": 873,
  "dnsResolutionDurationInMs": 0,
  "dnsError": null
}
[2026-07-27 21:05:08Z INFO JobExtension] Connectivity check result: {
  "endpointUrl": "https://token.actions.githubusercontent.com/ready",
  "endpointIPs": null,
  "startTime": "2026-07-27T21:05:02.0868262Z",
  "statusCode": "http_NoContent",
  "requestId": "1496:343AE8:3FE930F:46EC143:6A67C7FE",
  "httpRequestDurationInMs": 975,
  "dnsResolutionDurationInMs": 0,
  "dnsError": null
}
[2026-07-27 21:05:08Z INFO JobExtension] Connectivity check result: {
  "endpointUrl": "https://run.actions.githubusercontent.com/health",
  "endpointIPs": null,
  "startTime": "2026-07-27T21:05:02.0869416Z",
  "statusCode": "http_OK",
  "requestId": "1497:1AC495:72263D2:72C6B3E:6A67C7FE",
  "httpRequestDurationInMs": 931,
  "dnsResolutionDurationInMs": 0,
  "dnsError": null
}
[2026-07-27 21:05:08Z INFO JobExtension] Wait for all connectivity and DNS checks to finish.
[2026-07-27 21:05:08Z INFO JobExtension] Connectivity and DNS check result: {
  "endpointUrl": "https://github.com/_dns",
  "endpointIPs": [
    "20.207.73.82"
  ],
  "startTime": "2026-07-27T21:05:02.0870962Z",
  "statusCode": "http_OK",
  "requestId": null,
  "httpRequestDurationInMs": 76,
  "dnsResolutionDurationInMs": 3,
  "dnsError": null
}
[2026-07-27 21:05:08Z INFO JobExtension] Connectivity and DNS check result: {
  "endpointUrl": "https://api.github.com/_dns",
  "endpointIPs": [
    "20.207.73.85"
  ],
  "startTime": "2026-07-27T21:05:02.0871923Z",
  "statusCode": "http_OK",
  "requestId": null,
  "httpRequestDurationInMs": 76,
  "dnsResolutionDurationInMs": 6,
  "dnsError": null
}
[2026-07-27 21:05:08Z INFO JobExtension] Connectivity and DNS check result: {
  "endpointUrl": "https://codeload.github.com/_dns",
  "endpointIPs": [
    "20.207.73.88"
  ],
  "startTime": "2026-07-27T21:05:02.0872472Z",
  "statusCode": "http_OK",
  "requestId": "1494:8AF1A:400F2:2FC06C:6A67C7FE",
  "httpRequestDurationInMs": 286,
  "dnsResolutionDurationInMs": 0,
  "dnsError": null
}
[2026-07-27 21:05:08Z INFO JobExtension] Connectivity and DNS check result: {
  "endpointUrl": "https://pkg.github.com/_dns",
  "endpointIPs": [
    "20.207.73.86"
  ],
  "startTime": "2026-07-27T21:05:02.0872874Z",
  "statusCode": "http_OK",
  "requestId": "149A:2D665F:163ADE:409DB7:6A67C7FE",
  "httpRequestDurationInMs": 291,
  "dnsResolutionDurationInMs": 7,
  "dnsError": null
}
[2026-07-27 21:05:08Z INFO JobExtension] Connectivity and DNS check result: {
  "endpointUrl": "https://copilot-proxy.githubusercontent.com/_dns",
  "endpointIPs": [
    "20.250.119.64"
  ],
  "startTime": "2026-07-27T21:05:02.087361Z",
  "statusCode": "http_OK",
  "requestId": null,
  "httpRequestDurationInMs": 546,
  "dnsResolutionDurationInMs": 7,
  "dnsError": null
}
[2026-07-27 21:05:08Z INFO JobExtension] Connectivity and DNS check result: {
  "endpointUrl": "http://ssh.github.com/_dns",
  "endpointIPs": [
    "20.207.73.83"
  ],
  "startTime": "2026-07-27T21:05:02.0874228Z",
  "statusCode": "http_OK",
  "requestId": null,
  "httpRequestDurationInMs": 38,
  "dnsResolutionDurationInMs": 8,
  "dnsError": null
}
[2026-07-27 21:05:08Z INFO ExecutionContext] Publish step telemetry for current step {
  "action": "complete_job",
  "type": "runner",
  "stage": "Post",
  "stepId": "0ffbcede-6290-4a70-9da4-b53c71f5b690",
  "result": "succeeded",
  "errorMessages": [
    "Node.js 20 is deprecated. The following actions target Node.js 20 but are being forced to run on Node.js 24: actions/checkout@v4. For more information see: https://github.blog/changelog/2025-09-19-deprecation-of-node-20-on-github-actions-runners/"
  ],
  "executionTimeInSeconds": 1,
  "startTime": "2026-07-27T21:05:08.6943249Z",
  "finishTime": "2026-07-27T21:05:08.7121849Z"
}.
[2026-07-27 21:05:08Z INFO JobRunner] Job result after all job steps finish: Failed
[2026-07-27 21:05:08Z INFO JobRunner] Completing the job execution context.
[2026-07-27 21:05:08Z INFO JobRunner] Shutting down the job server queue.
[2026-07-27 21:05:08Z INFO JobServerQueue] Fire signal to shutdown all queues.
[2026-07-27 21:05:09Z INFO JobServerQueue] Tried to upload 1 file(s) to results, success rate: 1/1.
[2026-07-27 21:05:10Z INFO JobServerQueue] All queue process task stopped.
[2026-07-27 21:05:10Z INFO JobServerQueue] Try to append 1 batches web console lines for record '59cbd97f-d78c-43e1-a71c-a356df196ddc', success rate: 1/1.
[2026-07-27 21:05:10Z INFO JobServerQueue] Try to append 1 batches web console lines for record '0195b400-15cc-4828-8713-c0465f6639de', success rate: 1/1.
[2026-07-27 21:05:10Z INFO JobServerQueue] Try to append 1 batches web console lines for record '0ffbcede-6290-4a70-9da4-b53c71f5b690', success rate: 1/1.
[2026-07-27 21:05:10Z INFO JobServerQueue] Web console line queue drained.
[2026-07-27 21:05:10Z INFO JobServerQueue] Uploading 4 files in one shot.
[2026-07-27 21:05:10Z INFO JobServerQueue] Try to upload 4 log files or attachments, success rate: 4/4.
[2026-07-27 21:05:10Z INFO JobServerQueue] File upload queue drained.
[2026-07-27 21:05:10Z INFO JobServerQueue] Starting results-based upload queue...
[2026-07-27 21:05:10Z INFO JobServerQueue] Uploading 4 file(s) in one shot through results service.
[2026-07-27 21:05:10Z INFO JobServerQueue] Got a step log file to send to results service.
[2026-07-27 21:05:10Z INFO JobServerQueue] Starting upload of step log file to results service ResultsLog, C:\Users\siva9\appstars-gitops-demo\actions-runner\_diag\blocks\9e9d0711-2eda-43d8-8b9a-ab6eebdc4e5b_59cbd97f-d78c-43e1-a71c-a356df196ddc.1
[2026-07-27 21:05:11Z INFO JobServerQueue] Got a step log file to send to results service.
[2026-07-27 21:05:11Z INFO JobServerQueue] Starting upload of step log file to results service ResultsLog, C:\Users\siva9\appstars-gitops-demo\actions-runner\_diag\blocks\9e9d0711-2eda-43d8-8b9a-ab6eebdc4e5b_0195b400-15cc-4828-8713-c0465f6639de.1
[2026-07-27 21:05:11Z INFO JobServerQueue] Got a step log file to send to results service.
[2026-07-27 21:05:11Z INFO JobServerQueue] Starting upload of step log file to results service ResultsLog, C:\Users\siva9\appstars-gitops-demo\actions-runner\_diag\blocks\9e9d0711-2eda-43d8-8b9a-ab6eebdc4e5b_0ffbcede-6290-4a70-9da4-b53c71f5b690.1
[2026-07-27 21:05:12Z INFO JobServerQueue] Got a job log file to send to results service.
[2026-07-27 21:05:12Z INFO JobServerQueue] Starting upload of job log file to results service ResultsLog, C:\Users\siva9\appstars-gitops-demo\actions-runner\_diag\blocks\9e9d0711-2eda-43d8-8b9a-ab6eebdc4e5b_6771d7aa-3900-58da-b175-33883b413037.1
[2026-07-27 21:05:13Z INFO JobServerQueue] Tried to upload 4 file(s) to results, success rate: 4/4.
[2026-07-27 21:05:13Z INFO JobServerQueue] Results upload queue drained.
[2026-07-27 21:05:13Z INFO JobServerQueue] Timeline update queue drained.
[2026-07-27 21:05:13Z INFO JobServerQueue] Disposing job server ...
[2026-07-27 21:05:13Z INFO JobServerQueue] Disposing results server ...
[2026-07-27 21:05:13Z INFO JobServerQueue] All queue process tasks have been stopped, and all queues are drained.
[2026-07-27 21:05:13Z INFO TempDirectoryManager] Cleaning runner temp folder: C:\Users\siva9\appstars-gitops-demo\actions-runner\_work\_temp
[2026-07-27 21:05:13Z INFO HostContext] Well known directory 'Bin': 'C:\Users\siva9\appstars-gitops-demo\actions-runner\bin'
[2026-07-27 21:05:13Z INFO HostContext] Well known directory 'Root': 'C:\Users\siva9\appstars-gitops-demo\actions-runner'
[2026-07-27 21:05:13Z INFO HostContext] Well known directory 'Diag': 'C:\Users\siva9\appstars-gitops-demo\actions-runner\_diag'
[2026-07-27 21:05:13Z INFO HostContext] Well known config file 'Telemetry': 'C:\Users\siva9\appstars-gitops-demo\actions-runner\_diag\.telemetry'
[2026-07-27 21:05:13Z INFO JobRunner] Raising job completed against run service
[2026-07-27 21:05:14Z INFO Worker] Job completed.
